statement ok
CREATE TABLE t1(
  a1 INTEGER PRIMARY KEY,
  b1 INTEGER,
  x1 VARCHAR(40)
)

statement ok
INSERT INTO t1 VALUES(1,1,'table t1 row 1')

statement ok
INSERT INTO t1 VALUES(2,9,'table t1 row 2')

statement ok
INSERT INTO t1 VALUES(3,8,'table t1 row 3')

statement ok
INSERT INTO t1 VALUES(4,4,'table t1 row 4')

statement ok
INSERT INTO t1 VALUES(5,2,'table t1 row 5')

statement ok
INSERT INTO t1 VALUES(6,3,'table t1 row 6')

statement ok
INSERT INTO t1 VALUES(7,6,'table t1 row 7')

statement ok
INSERT INTO t1 VALUES(8,7,'table t1 row 8')

statement ok
INSERT INTO t1 VALUES(9,10,'table t1 row 9')

statement ok
INSERT INTO t1 VALUES(10,5,'table t1 row 10')

statement ok
CREATE TABLE t2(
  a2 INTEGER PRIMARY KEY,
  b2 INTEGER,
  x2 VARCHAR(40)
)

statement ok
INSERT INTO t2 VALUES(1,7,'table t2 row 1')

statement ok
INSERT INTO t2 VALUES(2,5,'table t2 row 2')

statement ok
INSERT INTO t2 VALUES(3,9,'table t2 row 3')

statement ok
INSERT INTO t2 VALUES(4,3,'table t2 row 4')

statement ok
INSERT INTO t2 VALUES(5,2,'table t2 row 5')

statement ok
INSERT INTO t2 VALUES(6,10,'table t2 row 6')

statement ok
INSERT INTO t2 VALUES(7,8,'table t2 row 7')

statement ok
INSERT INTO t2 VALUES(8,6,'table t2 row 8')

statement ok
INSERT INTO t2 VALUES(9,4,'table t2 row 9')

statement ok
INSERT INTO t2 VALUES(10,1,'table t2 row 10')

statement ok
CREATE TABLE t3(
  a3 INTEGER PRIMARY KEY,
  b3 INTEGER,
  x3 VARCHAR(40)
)

statement ok
INSERT INTO t3 VALUES(1,6,'table t3 row 1')

statement ok
INSERT INTO t3 VALUES(2,8,'table t3 row 2')

statement ok
INSERT INTO t3 VALUES(3,3,'table t3 row 3')

statement ok
INSERT INTO t3 VALUES(4,2,'table t3 row 4')

statement ok
INSERT INTO t3 VALUES(5,4,'table t3 row 5')

statement ok
INSERT INTO t3 VALUES(6,5,'table t3 row 6')

statement ok
INSERT INTO t3 VALUES(7,9,'table t3 row 7')

statement ok
INSERT INTO t3 VALUES(8,10,'table t3 row 8')

statement ok
INSERT INTO t3 VALUES(9,1,'table t3 row 9')

statement ok
INSERT INTO t3 VALUES(10,7,'table t3 row 10')

statement ok
CREATE TABLE t4(
  a4 INTEGER PRIMARY KEY,
  b4 INTEGER,
  x4 VARCHAR(40)
)

statement ok
INSERT INTO t4 VALUES(1,2,'table t4 row 1')

statement ok
INSERT INTO t4 VALUES(2,6,'table t4 row 2')

statement ok
INSERT INTO t4 VALUES(3,10,'table t4 row 3')

statement ok
INSERT INTO t4 VALUES(4,4,'table t4 row 4')

statement ok
INSERT INTO t4 VALUES(5,1,'table t4 row 5')

statement ok
INSERT INTO t4 VALUES(6,8,'table t4 row 6')

statement ok
INSERT INTO t4 VALUES(7,7,'table t4 row 7')

statement ok
INSERT INTO t4 VALUES(8,5,'table t4 row 8')

statement ok
INSERT INTO t4 VALUES(9,3,'table t4 row 9')

statement ok
INSERT INTO t4 VALUES(10,9,'table t4 row 10')

statement ok
CREATE TABLE t5(
  a5 INTEGER PRIMARY KEY,
  b5 INTEGER,
  x5 VARCHAR(40)
)

statement ok
INSERT INTO t5 VALUES(1,9,'table t5 row 1')

statement ok
INSERT INTO t5 VALUES(2,5,'table t5 row 2')

statement ok
INSERT INTO t5 VALUES(3,10,'table t5 row 3')

statement ok
INSERT INTO t5 VALUES(4,7,'table t5 row 4')

statement ok
INSERT INTO t5 VALUES(5,4,'table t5 row 5')

statement ok
INSERT INTO t5 VALUES(6,2,'table t5 row 6')

statement ok
INSERT INTO t5 VALUES(7,1,'table t5 row 7')

statement ok
INSERT INTO t5 VALUES(8,8,'table t5 row 8')

statement ok
INSERT INTO t5 VALUES(9,3,'table t5 row 9')

statement ok
INSERT INTO t5 VALUES(10,6,'table t5 row 10')

statement ok
CREATE TABLE t6(
  a6 INTEGER PRIMARY KEY,
  b6 INTEGER,
  x6 VARCHAR(40)
)

statement ok
INSERT INTO t6 VALUES(1,2,'table t6 row 1')

statement ok
INSERT INTO t6 VALUES(2,5,'table t6 row 2')

statement ok
INSERT INTO t6 VALUES(3,9,'table t6 row 3')

statement ok
INSERT INTO t6 VALUES(4,3,'table t6 row 4')

statement ok
INSERT INTO t6 VALUES(5,1,'table t6 row 5')

statement ok
INSERT INTO t6 VALUES(6,8,'table t6 row 6')

statement ok
INSERT INTO t6 VALUES(7,10,'table t6 row 7')

statement ok
INSERT INTO t6 VALUES(8,6,'table t6 row 8')

statement ok
INSERT INTO t6 VALUES(9,4,'table t6 row 9')

statement ok
INSERT INTO t6 VALUES(10,7,'table t6 row 10')

statement ok
CREATE TABLE t7(
  a7 INTEGER PRIMARY KEY,
  b7 INTEGER,
  x7 VARCHAR(40)
)

statement ok
INSERT INTO t7 VALUES(1,1,'table t7 row 1')

statement ok
INSERT INTO t7 VALUES(2,5,'table t7 row 2')

statement ok
INSERT INTO t7 VALUES(3,3,'table t7 row 3')

statement ok
INSERT INTO t7 VALUES(4,9,'table t7 row 4')

statement ok
INSERT INTO t7 VALUES(5,8,'table t7 row 5')

statement ok
INSERT INTO t7 VALUES(6,4,'table t7 row 6')

statement ok
INSERT INTO t7 VALUES(7,2,'table t7 row 7')

statement ok
INSERT INTO t7 VALUES(8,10,'table t7 row 8')

statement ok
INSERT INTO t7 VALUES(9,6,'table t7 row 9')

statement ok
INSERT INTO t7 VALUES(10,7,'table t7 row 10')

statement ok
CREATE TABLE t8(
  a8 INTEGER PRIMARY KEY,
  b8 INTEGER,
  x8 VARCHAR(40)
)

statement ok
INSERT INTO t8 VALUES(1,3,'table t8 row 1')

statement ok
INSERT INTO t8 VALUES(2,10,'table t8 row 2')

statement ok
INSERT INTO t8 VALUES(3,8,'table t8 row 3')

statement ok
INSERT INTO t8 VALUES(4,6,'table t8 row 4')

statement ok
INSERT INTO t8 VALUES(5,7,'table t8 row 5')

statement ok
INSERT INTO t8 VALUES(6,4,'table t8 row 6')

statement ok
INSERT INTO t8 VALUES(7,2,'table t8 row 7')

statement ok
INSERT INTO t8 VALUES(8,9,'table t8 row 8')

statement ok
INSERT INTO t8 VALUES(9,5,'table t8 row 9')

statement ok
INSERT INTO t8 VALUES(10,1,'table t8 row 10')

statement ok
CREATE TABLE t9(
  a9 INTEGER PRIMARY KEY,
  b9 INTEGER,
  x9 VARCHAR(40)
)

statement ok
INSERT INTO t9 VALUES(1,3,'table t9 row 1')

statement ok
INSERT INTO t9 VALUES(2,4,'table t9 row 2')

statement ok
INSERT INTO t9 VALUES(3,6,'table t9 row 3')

statement ok
INSERT INTO t9 VALUES(4,5,'table t9 row 4')

statement ok
INSERT INTO t9 VALUES(5,9,'table t9 row 5')

statement ok
INSERT INTO t9 VALUES(6,7,'table t9 row 6')

statement ok
INSERT INTO t9 VALUES(7,2,'table t9 row 7')

statement ok
INSERT INTO t9 VALUES(8,1,'table t9 row 8')

statement ok
INSERT INTO t9 VALUES(9,10,'table t9 row 9')

statement ok
INSERT INTO t9 VALUES(10,8,'table t9 row 10')

statement ok
CREATE TABLE t10(
  a10 INTEGER PRIMARY KEY,
  b10 INTEGER,
  x10 VARCHAR(40)
)

statement ok
INSERT INTO t10 VALUES(1,8,'table t10 row 1')

statement ok
INSERT INTO t10 VALUES(2,10,'table t10 row 2')

statement ok
INSERT INTO t10 VALUES(3,7,'table t10 row 3')

statement ok
INSERT INTO t10 VALUES(4,1,'table t10 row 4')

statement ok
INSERT INTO t10 VALUES(5,5,'table t10 row 5')

statement ok
INSERT INTO t10 VALUES(6,4,'table t10 row 6')

statement ok
INSERT INTO t10 VALUES(7,3,'table t10 row 7')

statement ok
INSERT INTO t10 VALUES(8,9,'table t10 row 8')

statement ok
INSERT INTO t10 VALUES(9,6,'table t10 row 9')

statement ok
INSERT INTO t10 VALUES(10,2,'table t10 row 10')

statement ok
CREATE TABLE t11(
  a11 INTEGER PRIMARY KEY,
  b11 INTEGER,
  x11 VARCHAR(40)
)

statement ok
INSERT INTO t11 VALUES(1,5,'table t11 row 1')

statement ok
INSERT INTO t11 VALUES(2,8,'table t11 row 2')

statement ok
INSERT INTO t11 VALUES(3,3,'table t11 row 3')

statement ok
INSERT INTO t11 VALUES(4,1,'table t11 row 4')

statement ok
INSERT INTO t11 VALUES(5,4,'table t11 row 5')

statement ok
INSERT INTO t11 VALUES(6,7,'table t11 row 6')

statement ok
INSERT INTO t11 VALUES(7,6,'table t11 row 7')

statement ok
INSERT INTO t11 VALUES(8,9,'table t11 row 8')

statement ok
INSERT INTO t11 VALUES(9,2,'table t11 row 9')

statement ok
INSERT INTO t11 VALUES(10,10,'table t11 row 10')

statement ok
CREATE TABLE t12(
  a12 INTEGER PRIMARY KEY,
  b12 INTEGER,
  x12 VARCHAR(40)
)

statement ok
INSERT INTO t12 VALUES(1,4,'table t12 row 1')

statement ok
INSERT INTO t12 VALUES(2,2,'table t12 row 2')

statement ok
INSERT INTO t12 VALUES(3,5,'table t12 row 3')

statement ok
INSERT INTO t12 VALUES(4,6,'table t12 row 4')

statement ok
INSERT INTO t12 VALUES(5,9,'table t12 row 5')

statement ok
INSERT INTO t12 VALUES(6,7,'table t12 row 6')

statement ok
INSERT INTO t12 VALUES(7,10,'table t12 row 7')

statement ok
INSERT INTO t12 VALUES(8,1,'table t12 row 8')

statement ok
INSERT INTO t12 VALUES(9,8,'table t12 row 9')

statement ok
INSERT INTO t12 VALUES(10,3,'table t12 row 10')

statement ok
CREATE TABLE t13(
  a13 INTEGER PRIMARY KEY,
  b13 INTEGER,
  x13 VARCHAR(40)
)

statement ok
INSERT INTO t13 VALUES(1,10,'table t13 row 1')

statement ok
INSERT INTO t13 VALUES(2,7,'table t13 row 2')

statement ok
INSERT INTO t13 VALUES(3,6,'table t13 row 3')

statement ok
INSERT INTO t13 VALUES(4,2,'table t13 row 4')

statement ok
INSERT INTO t13 VALUES(5,8,'table t13 row 5')

statement ok
INSERT INTO t13 VALUES(6,4,'table t13 row 6')

statement ok
INSERT INTO t13 VALUES(7,1,'table t13 row 7')

statement ok
INSERT INTO t13 VALUES(8,9,'table t13 row 8')

statement ok
INSERT INTO t13 VALUES(9,3,'table t13 row 9')

statement ok
INSERT INTO t13 VALUES(10,5,'table t13 row 10')

statement ok
CREATE TABLE t14(
  a14 INTEGER PRIMARY KEY,
  b14 INTEGER,
  x14 VARCHAR(40)
)

statement ok
INSERT INTO t14 VALUES(1,5,'table t14 row 1')

statement ok
INSERT INTO t14 VALUES(2,3,'table t14 row 2')

statement ok
INSERT INTO t14 VALUES(3,9,'table t14 row 3')

statement ok
INSERT INTO t14 VALUES(4,7,'table t14 row 4')

statement ok
INSERT INTO t14 VALUES(5,4,'table t14 row 5')

statement ok
INSERT INTO t14 VALUES(6,1,'table t14 row 6')

statement ok
INSERT INTO t14 VALUES(7,8,'table t14 row 7')

statement ok
INSERT INTO t14 VALUES(8,2,'table t14 row 8')

statement ok
INSERT INTO t14 VALUES(9,10,'table t14 row 9')

statement ok
INSERT INTO t14 VALUES(10,6,'table t14 row 10')

statement ok
CREATE TABLE t15(
  a15 INTEGER PRIMARY KEY,
  b15 INTEGER,
  x15 VARCHAR(40)
)

statement ok
INSERT INTO t15 VALUES(1,7,'table t15 row 1')

statement ok
INSERT INTO t15 VALUES(2,1,'table t15 row 2')

statement ok
INSERT INTO t15 VALUES(3,5,'table t15 row 3')

statement ok
INSERT INTO t15 VALUES(4,2,'table t15 row 4')

statement ok
INSERT INTO t15 VALUES(5,4,'table t15 row 5')

statement ok
INSERT INTO t15 VALUES(6,6,'table t15 row 6')

statement ok
INSERT INTO t15 VALUES(7,3,'table t15 row 7')

statement ok
INSERT INTO t15 VALUES(8,10,'table t15 row 8')

statement ok
INSERT INTO t15 VALUES(9,9,'table t15 row 9')

statement ok
INSERT INTO t15 VALUES(10,8,'table t15 row 10')

statement ok
CREATE TABLE t16(
  a16 INTEGER PRIMARY KEY,
  b16 INTEGER,
  x16 VARCHAR(40)
)

statement ok
INSERT INTO t16 VALUES(1,5,'table t16 row 1')

statement ok
INSERT INTO t16 VALUES(2,3,'table t16 row 2')

statement ok
INSERT INTO t16 VALUES(3,4,'table t16 row 3')

statement ok
INSERT INTO t16 VALUES(4,7,'table t16 row 4')

statement ok
INSERT INTO t16 VALUES(5,6,'table t16 row 5')

statement ok
INSERT INTO t16 VALUES(6,9,'table t16 row 6')

statement ok
INSERT INTO t16 VALUES(7,2,'table t16 row 7')

statement ok
INSERT INTO t16 VALUES(8,10,'table t16 row 8')

statement ok
INSERT INTO t16 VALUES(9,8,'table t16 row 9')

statement ok
INSERT INTO t16 VALUES(10,1,'table t16 row 10')

statement ok
CREATE TABLE t17(
  a17 INTEGER PRIMARY KEY,
  b17 INTEGER,
  x17 VARCHAR(40)
)

statement ok
INSERT INTO t17 VALUES(1,7,'table t17 row 1')

statement ok
INSERT INTO t17 VALUES(2,2,'table t17 row 2')

statement ok
INSERT INTO t17 VALUES(3,3,'table t17 row 3')

statement ok
INSERT INTO t17 VALUES(4,1,'table t17 row 4')

statement ok
INSERT INTO t17 VALUES(5,4,'table t17 row 5')

statement ok
INSERT INTO t17 VALUES(6,5,'table t17 row 6')

statement ok
INSERT INTO t17 VALUES(7,8,'table t17 row 7')

statement ok
INSERT INTO t17 VALUES(8,9,'table t17 row 8')

statement ok
INSERT INTO t17 VALUES(9,6,'table t17 row 9')

statement ok
INSERT INTO t17 VALUES(10,10,'table t17 row 10')

statement ok
CREATE TABLE t18(
  a18 INTEGER PRIMARY KEY,
  b18 INTEGER,
  x18 VARCHAR(40)
)

statement ok
INSERT INTO t18 VALUES(1,1,'table t18 row 1')

statement ok
INSERT INTO t18 VALUES(2,8,'table t18 row 2')

statement ok
INSERT INTO t18 VALUES(3,3,'table t18 row 3')

statement ok
INSERT INTO t18 VALUES(4,5,'table t18 row 4')

statement ok
INSERT INTO t18 VALUES(5,10,'table t18 row 5')

statement ok
INSERT INTO t18 VALUES(6,6,'table t18 row 6')

statement ok
INSERT INTO t18 VALUES(7,9,'table t18 row 7')

statement ok
INSERT INTO t18 VALUES(8,7,'table t18 row 8')

statement ok
INSERT INTO t18 VALUES(9,2,'table t18 row 9')

statement ok
INSERT INTO t18 VALUES(10,4,'table t18 row 10')

statement ok
CREATE TABLE t19(
  a19 INTEGER PRIMARY KEY,
  b19 INTEGER,
  x19 VARCHAR(40)
)

statement ok
INSERT INTO t19 VALUES(1,4,'table t19 row 1')

statement ok
INSERT INTO t19 VALUES(2,7,'table t19 row 2')

statement ok
INSERT INTO t19 VALUES(3,2,'table t19 row 3')

statement ok
INSERT INTO t19 VALUES(4,6,'table t19 row 4')

statement ok
INSERT INTO t19 VALUES(5,9,'table t19 row 5')

statement ok
INSERT INTO t19 VALUES(6,10,'table t19 row 6')

statement ok
INSERT INTO t19 VALUES(7,1,'table t19 row 7')

statement ok
INSERT INTO t19 VALUES(8,5,'table t19 row 8')

statement ok
INSERT INTO t19 VALUES(9,8,'table t19 row 9')

statement ok
INSERT INTO t19 VALUES(10,3,'table t19 row 10')

statement ok
CREATE TABLE t20(
  a20 INTEGER PRIMARY KEY,
  b20 INTEGER,
  x20 VARCHAR(40)
)

statement ok
INSERT INTO t20 VALUES(1,10,'table t20 row 1')

statement ok
INSERT INTO t20 VALUES(2,9,'table t20 row 2')

statement ok
INSERT INTO t20 VALUES(3,3,'table t20 row 3')

statement ok
INSERT INTO t20 VALUES(4,7,'table t20 row 4')

statement ok
INSERT INTO t20 VALUES(5,6,'table t20 row 5')

statement ok
INSERT INTO t20 VALUES(6,2,'table t20 row 6')

statement ok
INSERT INTO t20 VALUES(7,1,'table t20 row 7')

statement ok
INSERT INTO t20 VALUES(8,4,'table t20 row 8')

statement ok
INSERT INTO t20 VALUES(9,5,'table t20 row 9')

statement ok
INSERT INTO t20 VALUES(10,8,'table t20 row 10')

statement ok
CREATE TABLE t21(
  a21 INTEGER PRIMARY KEY,
  b21 INTEGER,
  x21 VARCHAR(40)
)

statement ok
INSERT INTO t21 VALUES(1,7,'table t21 row 1')

statement ok
INSERT INTO t21 VALUES(2,9,'table t21 row 2')

statement ok
INSERT INTO t21 VALUES(3,6,'table t21 row 3')

statement ok
INSERT INTO t21 VALUES(4,3,'table t21 row 4')

statement ok
INSERT INTO t21 VALUES(5,5,'table t21 row 5')

statement ok
INSERT INTO t21 VALUES(6,4,'table t21 row 6')

statement ok
INSERT INTO t21 VALUES(7,1,'table t21 row 7')

statement ok
INSERT INTO t21 VALUES(8,10,'table t21 row 8')

statement ok
INSERT INTO t21 VALUES(9,8,'table t21 row 9')

statement ok
INSERT INTO t21 VALUES(10,2,'table t21 row 10')

statement ok
CREATE TABLE t22(
  a22 INTEGER PRIMARY KEY,
  b22 INTEGER,
  x22 VARCHAR(40)
)

statement ok
INSERT INTO t22 VALUES(1,7,'table t22 row 1')

statement ok
INSERT INTO t22 VALUES(2,3,'table t22 row 2')

statement ok
INSERT INTO t22 VALUES(3,6,'table t22 row 3')

statement ok
INSERT INTO t22 VALUES(4,4,'table t22 row 4')

statement ok
INSERT INTO t22 VALUES(5,2,'table t22 row 5')

statement ok
INSERT INTO t22 VALUES(6,8,'table t22 row 6')

statement ok
INSERT INTO t22 VALUES(7,9,'table t22 row 7')

statement ok
INSERT INTO t22 VALUES(8,10,'table t22 row 8')

statement ok
INSERT INTO t22 VALUES(9,5,'table t22 row 9')

statement ok
INSERT INTO t22 VALUES(10,1,'table t22 row 10')

statement ok
CREATE TABLE t23(
  a23 INTEGER PRIMARY KEY,
  b23 INTEGER,
  x23 VARCHAR(40)
)

statement ok
INSERT INTO t23 VALUES(1,9,'table t23 row 1')

statement ok
INSERT INTO t23 VALUES(2,4,'table t23 row 2')

statement ok
INSERT INTO t23 VALUES(3,2,'table t23 row 3')

statement ok
INSERT INTO t23 VALUES(4,8,'table t23 row 4')

statement ok
INSERT INTO t23 VALUES(5,3,'table t23 row 5')

statement ok
INSERT INTO t23 VALUES(6,6,'table t23 row 6')

statement ok
INSERT INTO t23 VALUES(7,7,'table t23 row 7')

statement ok
INSERT INTO t23 VALUES(8,5,'table t23 row 8')

statement ok
INSERT INTO t23 VALUES(9,10,'table t23 row 9')

statement ok
INSERT INTO t23 VALUES(10,1,'table t23 row 10')

statement ok
CREATE TABLE t24(
  a24 INTEGER PRIMARY KEY,
  b24 INTEGER,
  x24 VARCHAR(40)
)

statement ok
INSERT INTO t24 VALUES(1,10,'table t24 row 1')

statement ok
INSERT INTO t24 VALUES(2,3,'table t24 row 2')

statement ok
INSERT INTO t24 VALUES(3,8,'table t24 row 3')

statement ok
INSERT INTO t24 VALUES(4,2,'table t24 row 4')

statement ok
INSERT INTO t24 VALUES(5,5,'table t24 row 5')

statement ok
INSERT INTO t24 VALUES(6,4,'table t24 row 6')

statement ok
INSERT INTO t24 VALUES(7,6,'table t24 row 7')

statement ok
INSERT INTO t24 VALUES(8,9,'table t24 row 8')

statement ok
INSERT INTO t24 VALUES(9,1,'table t24 row 9')

statement ok
INSERT INTO t24 VALUES(10,7,'table t24 row 10')

statement ok
CREATE TABLE t25(
  a25 INTEGER PRIMARY KEY,
  b25 INTEGER,
  x25 VARCHAR(40)
)

statement ok
INSERT INTO t25 VALUES(1,7,'table t25 row 1')

statement ok
INSERT INTO t25 VALUES(2,6,'table t25 row 2')

statement ok
INSERT INTO t25 VALUES(3,5,'table t25 row 3')

statement ok
INSERT INTO t25 VALUES(4,1,'table t25 row 4')

statement ok
INSERT INTO t25 VALUES(5,8,'table t25 row 5')

statement ok
INSERT INTO t25 VALUES(6,9,'table t25 row 6')

statement ok
INSERT INTO t25 VALUES(7,3,'table t25 row 7')

statement ok
INSERT INTO t25 VALUES(8,2,'table t25 row 8')

statement ok
INSERT INTO t25 VALUES(9,4,'table t25 row 9')

statement ok
INSERT INTO t25 VALUES(10,10,'table t25 row 10')

statement ok
CREATE TABLE t26(
  a26 INTEGER PRIMARY KEY,
  b26 INTEGER,
  x26 VARCHAR(40)
)

statement ok
INSERT INTO t26 VALUES(1,2,'table t26 row 1')

statement ok
INSERT INTO t26 VALUES(2,7,'table t26 row 2')

statement ok
INSERT INTO t26 VALUES(3,5,'table t26 row 3')

statement ok
INSERT INTO t26 VALUES(4,1,'table t26 row 4')

statement ok
INSERT INTO t26 VALUES(5,8,'table t26 row 5')

statement ok
INSERT INTO t26 VALUES(6,6,'table t26 row 6')

statement ok
INSERT INTO t26 VALUES(7,4,'table t26 row 7')

statement ok
INSERT INTO t26 VALUES(8,9,'table t26 row 8')

statement ok
INSERT INTO t26 VALUES(9,3,'table t26 row 9')

statement ok
INSERT INTO t26 VALUES(10,10,'table t26 row 10')

statement ok
CREATE TABLE t27(
  a27 INTEGER PRIMARY KEY,
  b27 INTEGER,
  x27 VARCHAR(40)
)

statement ok
INSERT INTO t27 VALUES(1,8,'table t27 row 1')

statement ok
INSERT INTO t27 VALUES(2,3,'table t27 row 2')

statement ok
INSERT INTO t27 VALUES(3,6,'table t27 row 3')

statement ok
INSERT INTO t27 VALUES(4,7,'table t27 row 4')

statement ok
INSERT INTO t27 VALUES(5,4,'table t27 row 5')

statement ok
INSERT INTO t27 VALUES(6,2,'table t27 row 6')

statement ok
INSERT INTO t27 VALUES(7,10,'table t27 row 7')

statement ok
INSERT INTO t27 VALUES(8,9,'table t27 row 8')

statement ok
INSERT INTO t27 VALUES(9,5,'table t27 row 9')

statement ok
INSERT INTO t27 VALUES(10,1,'table t27 row 10')

statement ok
CREATE TABLE t28(
  a28 INTEGER PRIMARY KEY,
  b28 INTEGER,
  x28 VARCHAR(40)
)

statement ok
INSERT INTO t28 VALUES(1,6,'table t28 row 1')

statement ok
INSERT INTO t28 VALUES(2,10,'table t28 row 2')

statement ok
INSERT INTO t28 VALUES(3,2,'table t28 row 3')

statement ok
INSERT INTO t28 VALUES(4,4,'table t28 row 4')

statement ok
INSERT INTO t28 VALUES(5,5,'table t28 row 5')

statement ok
INSERT INTO t28 VALUES(6,9,'table t28 row 6')

statement ok
INSERT INTO t28 VALUES(7,3,'table t28 row 7')

statement ok
INSERT INTO t28 VALUES(8,8,'table t28 row 8')

statement ok
INSERT INTO t28 VALUES(9,7,'table t28 row 9')

statement ok
INSERT INTO t28 VALUES(10,1,'table t28 row 10')

statement ok
CREATE TABLE t29(
  a29 INTEGER PRIMARY KEY,
  b29 INTEGER,
  x29 VARCHAR(40)
)

statement ok
INSERT INTO t29 VALUES(1,4,'table t29 row 1')

statement ok
INSERT INTO t29 VALUES(2,2,'table t29 row 2')

statement ok
INSERT INTO t29 VALUES(3,9,'table t29 row 3')

statement ok
INSERT INTO t29 VALUES(4,8,'table t29 row 4')

statement ok
INSERT INTO t29 VALUES(5,10,'table t29 row 5')

statement ok
INSERT INTO t29 VALUES(6,3,'table t29 row 6')

statement ok
INSERT INTO t29 VALUES(7,7,'table t29 row 7')

statement ok
INSERT INTO t29 VALUES(8,6,'table t29 row 8')

statement ok
INSERT INTO t29 VALUES(9,5,'table t29 row 9')

statement ok
INSERT INTO t29 VALUES(10,1,'table t29 row 10')

statement ok
CREATE TABLE t30(
  a30 INTEGER PRIMARY KEY,
  b30 INTEGER,
  x30 VARCHAR(40)
)

statement ok
INSERT INTO t30 VALUES(1,5,'table t30 row 1')

statement ok
INSERT INTO t30 VALUES(2,6,'table t30 row 2')

statement ok
INSERT INTO t30 VALUES(3,10,'table t30 row 3')

statement ok
INSERT INTO t30 VALUES(4,3,'table t30 row 4')

statement ok
INSERT INTO t30 VALUES(5,7,'table t30 row 5')

statement ok
INSERT INTO t30 VALUES(6,4,'table t30 row 6')

statement ok
INSERT INTO t30 VALUES(7,9,'table t30 row 7')

statement ok
INSERT INTO t30 VALUES(8,8,'table t30 row 8')

statement ok
INSERT INTO t30 VALUES(9,2,'table t30 row 9')

statement ok
INSERT INTO t30 VALUES(10,1,'table t30 row 10')

statement ok
CREATE TABLE t31(
  a31 INTEGER PRIMARY KEY,
  b31 INTEGER,
  x31 VARCHAR(40)
)

statement ok
INSERT INTO t31 VALUES(1,1,'table t31 row 1')

statement ok
INSERT INTO t31 VALUES(2,6,'table t31 row 2')

statement ok
INSERT INTO t31 VALUES(3,4,'table t31 row 3')

statement ok
INSERT INTO t31 VALUES(4,8,'table t31 row 4')

statement ok
INSERT INTO t31 VALUES(5,2,'table t31 row 5')

statement ok
INSERT INTO t31 VALUES(6,9,'table t31 row 6')

statement ok
INSERT INTO t31 VALUES(7,7,'table t31 row 7')

statement ok
INSERT INTO t31 VALUES(8,3,'table t31 row 8')

statement ok
INSERT INTO t31 VALUES(9,5,'table t31 row 9')

statement ok
INSERT INTO t31 VALUES(10,10,'table t31 row 10')

statement ok
CREATE TABLE t32(
  a32 INTEGER PRIMARY KEY,
  b32 INTEGER,
  x32 VARCHAR(40)
)

statement ok
INSERT INTO t32 VALUES(1,10,'table t32 row 1')

statement ok
INSERT INTO t32 VALUES(2,2,'table t32 row 2')

statement ok
INSERT INTO t32 VALUES(3,6,'table t32 row 3')

statement ok
INSERT INTO t32 VALUES(4,3,'table t32 row 4')

statement ok
INSERT INTO t32 VALUES(5,4,'table t32 row 5')

statement ok
INSERT INTO t32 VALUES(6,1,'table t32 row 6')

statement ok
INSERT INTO t32 VALUES(7,7,'table t32 row 7')

statement ok
INSERT INTO t32 VALUES(8,5,'table t32 row 8')

statement ok
INSERT INTO t32 VALUES(9,9,'table t32 row 9')

statement ok
INSERT INTO t32 VALUES(10,8,'table t32 row 10')

statement ok
CREATE TABLE t33(
  a33 INTEGER PRIMARY KEY,
  b33 INTEGER,
  x33 VARCHAR(40)
)

statement ok
INSERT INTO t33 VALUES(1,8,'table t33 row 1')

statement ok
INSERT INTO t33 VALUES(2,4,'table t33 row 2')

statement ok
INSERT INTO t33 VALUES(3,5,'table t33 row 3')

statement ok
INSERT INTO t33 VALUES(4,1,'table t33 row 4')

statement ok
INSERT INTO t33 VALUES(5,2,'table t33 row 5')

statement ok
INSERT INTO t33 VALUES(6,10,'table t33 row 6')

statement ok
INSERT INTO t33 VALUES(7,3,'table t33 row 7')

statement ok
INSERT INTO t33 VALUES(8,6,'table t33 row 8')

statement ok
INSERT INTO t33 VALUES(9,7,'table t33 row 9')

statement ok
INSERT INTO t33 VALUES(10,9,'table t33 row 10')

statement ok
CREATE TABLE t34(
  a34 INTEGER PRIMARY KEY,
  b34 INTEGER,
  x34 VARCHAR(40)
)

statement ok
INSERT INTO t34 VALUES(1,10,'table t34 row 1')

statement ok
INSERT INTO t34 VALUES(2,1,'table t34 row 2')

statement ok
INSERT INTO t34 VALUES(3,6,'table t34 row 3')

statement ok
INSERT INTO t34 VALUES(4,5,'table t34 row 4')

statement ok
INSERT INTO t34 VALUES(5,9,'table t34 row 5')

statement ok
INSERT INTO t34 VALUES(6,8,'table t34 row 6')

statement ok
INSERT INTO t34 VALUES(7,2,'table t34 row 7')

statement ok
INSERT INTO t34 VALUES(8,4,'table t34 row 8')

statement ok
INSERT INTO t34 VALUES(9,3,'table t34 row 9')

statement ok
INSERT INTO t34 VALUES(10,7,'table t34 row 10')

statement ok
CREATE TABLE t35(
  a35 INTEGER PRIMARY KEY,
  b35 INTEGER,
  x35 VARCHAR(40)
)

statement ok
INSERT INTO t35 VALUES(1,3,'table t35 row 1')

statement ok
INSERT INTO t35 VALUES(2,7,'table t35 row 2')

statement ok
INSERT INTO t35 VALUES(3,6,'table t35 row 3')

statement ok
INSERT INTO t35 VALUES(4,5,'table t35 row 4')

statement ok
INSERT INTO t35 VALUES(5,1,'table t35 row 5')

statement ok
INSERT INTO t35 VALUES(6,4,'table t35 row 6')

statement ok
INSERT INTO t35 VALUES(7,2,'table t35 row 7')

statement ok
INSERT INTO t35 VALUES(8,10,'table t35 row 8')

statement ok
INSERT INTO t35 VALUES(9,8,'table t35 row 9')

statement ok
INSERT INTO t35 VALUES(10,9,'table t35 row 10')

statement ok
CREATE TABLE t36(
  a36 INTEGER PRIMARY KEY,
  b36 INTEGER,
  x36 VARCHAR(40)
)

statement ok
INSERT INTO t36 VALUES(1,7,'table t36 row 1')

statement ok
INSERT INTO t36 VALUES(2,8,'table t36 row 2')

statement ok
INSERT INTO t36 VALUES(3,6,'table t36 row 3')

statement ok
INSERT INTO t36 VALUES(4,4,'table t36 row 4')

statement ok
INSERT INTO t36 VALUES(5,9,'table t36 row 5')

statement ok
INSERT INTO t36 VALUES(6,1,'table t36 row 6')

statement ok
INSERT INTO t36 VALUES(7,2,'table t36 row 7')

statement ok
INSERT INTO t36 VALUES(8,3,'table t36 row 8')

statement ok
INSERT INTO t36 VALUES(9,5,'table t36 row 9')

statement ok
INSERT INTO t36 VALUES(10,10,'table t36 row 10')

statement ok
CREATE TABLE t37(
  a37 INTEGER PRIMARY KEY,
  b37 INTEGER,
  x37 VARCHAR(40)
)

statement ok
INSERT INTO t37 VALUES(1,1,'table t37 row 1')

statement ok
INSERT INTO t37 VALUES(2,9,'table t37 row 2')

statement ok
INSERT INTO t37 VALUES(3,7,'table t37 row 3')

statement ok
INSERT INTO t37 VALUES(4,3,'table t37 row 4')

statement ok
INSERT INTO t37 VALUES(5,8,'table t37 row 5')

statement ok
INSERT INTO t37 VALUES(6,6,'table t37 row 6')

statement ok
INSERT INTO t37 VALUES(7,5,'table t37 row 7')

statement ok
INSERT INTO t37 VALUES(8,2,'table t37 row 8')

statement ok
INSERT INTO t37 VALUES(9,10,'table t37 row 9')

statement ok
INSERT INTO t37 VALUES(10,4,'table t37 row 10')

statement ok
CREATE TABLE t38(
  a38 INTEGER PRIMARY KEY,
  b38 INTEGER,
  x38 VARCHAR(40)
)

statement ok
INSERT INTO t38 VALUES(1,2,'table t38 row 1')

statement ok
INSERT INTO t38 VALUES(2,10,'table t38 row 2')

statement ok
INSERT INTO t38 VALUES(3,5,'table t38 row 3')

statement ok
INSERT INTO t38 VALUES(4,6,'table t38 row 4')

statement ok
INSERT INTO t38 VALUES(5,4,'table t38 row 5')

statement ok
INSERT INTO t38 VALUES(6,1,'table t38 row 6')

statement ok
INSERT INTO t38 VALUES(7,7,'table t38 row 7')

statement ok
INSERT INTO t38 VALUES(8,8,'table t38 row 8')

statement ok
INSERT INTO t38 VALUES(9,9,'table t38 row 9')

statement ok
INSERT INTO t38 VALUES(10,3,'table t38 row 10')

statement ok
CREATE TABLE t39(
  a39 INTEGER PRIMARY KEY,
  b39 INTEGER,
  x39 VARCHAR(40)
)

statement ok
INSERT INTO t39 VALUES(1,9,'table t39 row 1')

statement ok
INSERT INTO t39 VALUES(2,2,'table t39 row 2')

statement ok
INSERT INTO t39 VALUES(3,3,'table t39 row 3')

statement ok
INSERT INTO t39 VALUES(4,10,'table t39 row 4')

statement ok
INSERT INTO t39 VALUES(5,4,'table t39 row 5')

statement ok
INSERT INTO t39 VALUES(6,7,'table t39 row 6')

statement ok
INSERT INTO t39 VALUES(7,6,'table t39 row 7')

statement ok
INSERT INTO t39 VALUES(8,5,'table t39 row 8')

statement ok
INSERT INTO t39 VALUES(9,1,'table t39 row 9')

statement ok
INSERT INTO t39 VALUES(10,8,'table t39 row 10')

statement ok
CREATE TABLE t40(
  a40 INTEGER PRIMARY KEY,
  b40 INTEGER,
  x40 VARCHAR(40)
)

statement ok
INSERT INTO t40 VALUES(1,4,'table t40 row 1')

statement ok
INSERT INTO t40 VALUES(2,3,'table t40 row 2')

statement ok
INSERT INTO t40 VALUES(3,10,'table t40 row 3')

statement ok
INSERT INTO t40 VALUES(4,7,'table t40 row 4')

statement ok
INSERT INTO t40 VALUES(5,8,'table t40 row 5')

statement ok
INSERT INTO t40 VALUES(6,5,'table t40 row 6')

statement ok
INSERT INTO t40 VALUES(7,6,'table t40 row 7')

statement ok
INSERT INTO t40 VALUES(8,2,'table t40 row 8')

statement ok
INSERT INTO t40 VALUES(9,9,'table t40 row 9')

statement ok
INSERT INTO t40 VALUES(10,1,'table t40 row 10')

statement ok
CREATE TABLE t41(
  a41 INTEGER PRIMARY KEY,
  b41 INTEGER,
  x41 VARCHAR(40)
)

statement ok
INSERT INTO t41 VALUES(1,6,'table t41 row 1')

statement ok
INSERT INTO t41 VALUES(2,1,'table t41 row 2')

statement ok
INSERT INTO t41 VALUES(3,3,'table t41 row 3')

statement ok
INSERT INTO t41 VALUES(4,2,'table t41 row 4')

statement ok
INSERT INTO t41 VALUES(5,9,'table t41 row 5')

statement ok
INSERT INTO t41 VALUES(6,5,'table t41 row 6')

statement ok
INSERT INTO t41 VALUES(7,8,'table t41 row 7')

statement ok
INSERT INTO t41 VALUES(8,7,'table t41 row 8')

statement ok
INSERT INTO t41 VALUES(9,10,'table t41 row 9')

statement ok
INSERT INTO t41 VALUES(10,4,'table t41 row 10')

statement ok
CREATE TABLE t42(
  a42 INTEGER PRIMARY KEY,
  b42 INTEGER,
  x42 VARCHAR(40)
)

statement ok
INSERT INTO t42 VALUES(1,10,'table t42 row 1')

statement ok
INSERT INTO t42 VALUES(2,3,'table t42 row 2')

statement ok
INSERT INTO t42 VALUES(3,7,'table t42 row 3')

statement ok
INSERT INTO t42 VALUES(4,6,'table t42 row 4')

statement ok
INSERT INTO t42 VALUES(5,8,'table t42 row 5')

statement ok
INSERT INTO t42 VALUES(6,2,'table t42 row 6')

statement ok
INSERT INTO t42 VALUES(7,5,'table t42 row 7')

statement ok
INSERT INTO t42 VALUES(8,9,'table t42 row 8')

statement ok
INSERT INTO t42 VALUES(9,1,'table t42 row 9')

statement ok
INSERT INTO t42 VALUES(10,4,'table t42 row 10')

statement ok
CREATE TABLE t43(
  a43 INTEGER PRIMARY KEY,
  b43 INTEGER,
  x43 VARCHAR(40)
)

statement ok
INSERT INTO t43 VALUES(1,2,'table t43 row 1')

statement ok
INSERT INTO t43 VALUES(2,3,'table t43 row 2')

statement ok
INSERT INTO t43 VALUES(3,8,'table t43 row 3')

statement ok
INSERT INTO t43 VALUES(4,5,'table t43 row 4')

statement ok
INSERT INTO t43 VALUES(5,10,'table t43 row 5')

statement ok
INSERT INTO t43 VALUES(6,6,'table t43 row 6')

statement ok
INSERT INTO t43 VALUES(7,4,'table t43 row 7')

statement ok
INSERT INTO t43 VALUES(8,1,'table t43 row 8')

statement ok
INSERT INTO t43 VALUES(9,9,'table t43 row 9')

statement ok
INSERT INTO t43 VALUES(10,7,'table t43 row 10')

statement ok
CREATE TABLE t44(
  a44 INTEGER PRIMARY KEY,
  b44 INTEGER,
  x44 VARCHAR(40)
)

statement ok
INSERT INTO t44 VALUES(1,8,'table t44 row 1')

statement ok
INSERT INTO t44 VALUES(2,10,'table t44 row 2')

statement ok
INSERT INTO t44 VALUES(3,5,'table t44 row 3')

statement ok
INSERT INTO t44 VALUES(4,3,'table t44 row 4')

statement ok
INSERT INTO t44 VALUES(5,9,'table t44 row 5')

statement ok
INSERT INTO t44 VALUES(6,6,'table t44 row 6')

statement ok
INSERT INTO t44 VALUES(7,2,'table t44 row 7')

statement ok
INSERT INTO t44 VALUES(8,7,'table t44 row 8')

statement ok
INSERT INTO t44 VALUES(9,1,'table t44 row 9')

statement ok
INSERT INTO t44 VALUES(10,4,'table t44 row 10')

statement ok
CREATE TABLE t45(
  a45 INTEGER PRIMARY KEY,
  b45 INTEGER,
  x45 VARCHAR(40)
)

statement ok
INSERT INTO t45 VALUES(1,2,'table t45 row 1')

statement ok
INSERT INTO t45 VALUES(2,4,'table t45 row 2')

statement ok
INSERT INTO t45 VALUES(3,10,'table t45 row 3')

statement ok
INSERT INTO t45 VALUES(4,9,'table t45 row 4')

statement ok
INSERT INTO t45 VALUES(5,8,'table t45 row 5')

statement ok
INSERT INTO t45 VALUES(6,7,'table t45 row 6')

statement ok
INSERT INTO t45 VALUES(7,3,'table t45 row 7')

statement ok
INSERT INTO t45 VALUES(8,5,'table t45 row 8')

statement ok
INSERT INTO t45 VALUES(9,1,'table t45 row 9')

statement ok
INSERT INTO t45 VALUES(10,6,'table t45 row 10')

statement ok
CREATE TABLE t46(
  a46 INTEGER PRIMARY KEY,
  b46 INTEGER,
  x46 VARCHAR(40)
)

statement ok
INSERT INTO t46 VALUES(1,1,'table t46 row 1')

statement ok
INSERT INTO t46 VALUES(2,8,'table t46 row 2')

statement ok
INSERT INTO t46 VALUES(3,7,'table t46 row 3')

statement ok
INSERT INTO t46 VALUES(4,5,'table t46 row 4')

statement ok
INSERT INTO t46 VALUES(5,9,'table t46 row 5')

statement ok
INSERT INTO t46 VALUES(6,4,'table t46 row 6')

statement ok
INSERT INTO t46 VALUES(7,2,'table t46 row 7')

statement ok
INSERT INTO t46 VALUES(8,10,'table t46 row 8')

statement ok
INSERT INTO t46 VALUES(9,6,'table t46 row 9')

statement ok
INSERT INTO t46 VALUES(10,3,'table t46 row 10')

statement ok
CREATE TABLE t47(
  a47 INTEGER PRIMARY KEY,
  b47 INTEGER,
  x47 VARCHAR(40)
)

statement ok
INSERT INTO t47 VALUES(1,10,'table t47 row 1')

statement ok
INSERT INTO t47 VALUES(2,7,'table t47 row 2')

statement ok
INSERT INTO t47 VALUES(3,6,'table t47 row 3')

statement ok
INSERT INTO t47 VALUES(4,9,'table t47 row 4')

statement ok
INSERT INTO t47 VALUES(5,1,'table t47 row 5')

statement ok
INSERT INTO t47 VALUES(6,4,'table t47 row 6')

statement ok
INSERT INTO t47 VALUES(7,2,'table t47 row 7')

statement ok
INSERT INTO t47 VALUES(8,3,'table t47 row 8')

statement ok
INSERT INTO t47 VALUES(9,5,'table t47 row 9')

statement ok
INSERT INTO t47 VALUES(10,8,'table t47 row 10')

statement ok
CREATE TABLE t48(
  a48 INTEGER PRIMARY KEY,
  b48 INTEGER,
  x48 VARCHAR(40)
)

statement ok
INSERT INTO t48 VALUES(1,5,'table t48 row 1')

statement ok
INSERT INTO t48 VALUES(2,9,'table t48 row 2')

statement ok
INSERT INTO t48 VALUES(3,3,'table t48 row 3')

statement ok
INSERT INTO t48 VALUES(4,6,'table t48 row 4')

statement ok
INSERT INTO t48 VALUES(5,2,'table t48 row 5')

statement ok
INSERT INTO t48 VALUES(6,1,'table t48 row 6')

statement ok
INSERT INTO t48 VALUES(7,7,'table t48 row 7')

statement ok
INSERT INTO t48 VALUES(8,8,'table t48 row 8')

statement ok
INSERT INTO t48 VALUES(9,10,'table t48 row 9')

statement ok
INSERT INTO t48 VALUES(10,4,'table t48 row 10')

statement ok
CREATE TABLE t49(
  a49 INTEGER PRIMARY KEY,
  b49 INTEGER,
  x49 VARCHAR(40)
)

statement ok
INSERT INTO t49 VALUES(1,9,'table t49 row 1')

statement ok
INSERT INTO t49 VALUES(2,10,'table t49 row 2')

statement ok
INSERT INTO t49 VALUES(3,4,'table t49 row 3')

statement ok
INSERT INTO t49 VALUES(4,6,'table t49 row 4')

statement ok
INSERT INTO t49 VALUES(5,5,'table t49 row 5')

statement ok
INSERT INTO t49 VALUES(6,2,'table t49 row 6')

statement ok
INSERT INTO t49 VALUES(7,3,'table t49 row 7')

statement ok
INSERT INTO t49 VALUES(8,1,'table t49 row 8')

statement ok
INSERT INTO t49 VALUES(9,8,'table t49 row 9')

statement ok
INSERT INTO t49 VALUES(10,7,'table t49 row 10')

statement ok
CREATE TABLE t50(
  a50 INTEGER PRIMARY KEY,
  b50 INTEGER,
  x50 VARCHAR(40)
)

statement ok
INSERT INTO t50 VALUES(1,8,'table t50 row 1')

statement ok
INSERT INTO t50 VALUES(2,4,'table t50 row 2')

statement ok
INSERT INTO t50 VALUES(3,6,'table t50 row 3')

statement ok
INSERT INTO t50 VALUES(4,9,'table t50 row 4')

statement ok
INSERT INTO t50 VALUES(5,2,'table t50 row 5')

statement ok
INSERT INTO t50 VALUES(6,7,'table t50 row 6')

statement ok
INSERT INTO t50 VALUES(7,1,'table t50 row 7')

statement ok
INSERT INTO t50 VALUES(8,3,'table t50 row 8')

statement ok
INSERT INTO t50 VALUES(9,5,'table t50 row 9')

statement ok
INSERT INTO t50 VALUES(10,10,'table t50 row 10')

statement ok
CREATE TABLE t51(
  a51 INTEGER PRIMARY KEY,
  b51 INTEGER,
  x51 VARCHAR(40)
)

statement ok
INSERT INTO t51 VALUES(1,5,'table t51 row 1')

statement ok
INSERT INTO t51 VALUES(2,3,'table t51 row 2')

statement ok
INSERT INTO t51 VALUES(3,10,'table t51 row 3')

statement ok
INSERT INTO t51 VALUES(4,7,'table t51 row 4')

statement ok
INSERT INTO t51 VALUES(5,6,'table t51 row 5')

statement ok
INSERT INTO t51 VALUES(6,2,'table t51 row 6')

statement ok
INSERT INTO t51 VALUES(7,9,'table t51 row 7')

statement ok
INSERT INTO t51 VALUES(8,4,'table t51 row 8')

statement ok
INSERT INTO t51 VALUES(9,8,'table t51 row 9')

statement ok
INSERT INTO t51 VALUES(10,1,'table t51 row 10')

statement ok
CREATE TABLE t52(
  a52 INTEGER PRIMARY KEY,
  b52 INTEGER,
  x52 VARCHAR(40)
)

statement ok
INSERT INTO t52 VALUES(1,5,'table t52 row 1')

statement ok
INSERT INTO t52 VALUES(2,8,'table t52 row 2')

statement ok
INSERT INTO t52 VALUES(3,6,'table t52 row 3')

statement ok
INSERT INTO t52 VALUES(4,3,'table t52 row 4')

statement ok
INSERT INTO t52 VALUES(5,4,'table t52 row 5')

statement ok
INSERT INTO t52 VALUES(6,10,'table t52 row 6')

statement ok
INSERT INTO t52 VALUES(7,7,'table t52 row 7')

statement ok
INSERT INTO t52 VALUES(8,1,'table t52 row 8')

statement ok
INSERT INTO t52 VALUES(9,9,'table t52 row 9')

statement ok
INSERT INTO t52 VALUES(10,2,'table t52 row 10')

statement ok
CREATE TABLE t53(
  a53 INTEGER PRIMARY KEY,
  b53 INTEGER,
  x53 VARCHAR(40)
)

statement ok
INSERT INTO t53 VALUES(1,8,'table t53 row 1')

statement ok
INSERT INTO t53 VALUES(2,9,'table t53 row 2')

statement ok
INSERT INTO t53 VALUES(3,5,'table t53 row 3')

statement ok
INSERT INTO t53 VALUES(4,2,'table t53 row 4')

statement ok
INSERT INTO t53 VALUES(5,1,'table t53 row 5')

statement ok
INSERT INTO t53 VALUES(6,6,'table t53 row 6')

statement ok
INSERT INTO t53 VALUES(7,10,'table t53 row 7')

statement ok
INSERT INTO t53 VALUES(8,3,'table t53 row 8')

statement ok
INSERT INTO t53 VALUES(9,7,'table t53 row 9')

statement ok
INSERT INTO t53 VALUES(10,4,'table t53 row 10')

statement ok
CREATE TABLE t54(
  a54 INTEGER PRIMARY KEY,
  b54 INTEGER,
  x54 VARCHAR(40)
)

statement ok
INSERT INTO t54 VALUES(1,6,'table t54 row 1')

statement ok
INSERT INTO t54 VALUES(2,7,'table t54 row 2')

statement ok
INSERT INTO t54 VALUES(3,2,'table t54 row 3')

statement ok
INSERT INTO t54 VALUES(4,9,'table t54 row 4')

statement ok
INSERT INTO t54 VALUES(5,8,'table t54 row 5')

statement ok
INSERT INTO t54 VALUES(6,5,'table t54 row 6')

statement ok
INSERT INTO t54 VALUES(7,4,'table t54 row 7')

statement ok
INSERT INTO t54 VALUES(8,1,'table t54 row 8')

statement ok
INSERT INTO t54 VALUES(9,10,'table t54 row 9')

statement ok
INSERT INTO t54 VALUES(10,3,'table t54 row 10')

statement ok
CREATE TABLE t55(
  a55 INTEGER PRIMARY KEY,
  b55 INTEGER,
  x55 VARCHAR(40)
)

statement ok
INSERT INTO t55 VALUES(1,1,'table t55 row 1')

statement ok
INSERT INTO t55 VALUES(2,3,'table t55 row 2')

statement ok
INSERT INTO t55 VALUES(3,7,'table t55 row 3')

statement ok
INSERT INTO t55 VALUES(4,9,'table t55 row 4')

statement ok
INSERT INTO t55 VALUES(5,5,'table t55 row 5')

statement ok
INSERT INTO t55 VALUES(6,4,'table t55 row 6')

statement ok
INSERT INTO t55 VALUES(7,10,'table t55 row 7')

statement ok
INSERT INTO t55 VALUES(8,8,'table t55 row 8')

statement ok
INSERT INTO t55 VALUES(9,6,'table t55 row 9')

statement ok
INSERT INTO t55 VALUES(10,2,'table t55 row 10')

statement ok
CREATE TABLE t56(
  a56 INTEGER PRIMARY KEY,
  b56 INTEGER,
  x56 VARCHAR(40)
)

statement ok
INSERT INTO t56 VALUES(1,7,'table t56 row 1')

statement ok
INSERT INTO t56 VALUES(2,3,'table t56 row 2')

statement ok
INSERT INTO t56 VALUES(3,6,'table t56 row 3')

statement ok
INSERT INTO t56 VALUES(4,9,'table t56 row 4')

statement ok
INSERT INTO t56 VALUES(5,2,'table t56 row 5')

statement ok
INSERT INTO t56 VALUES(6,8,'table t56 row 6')

statement ok
INSERT INTO t56 VALUES(7,5,'table t56 row 7')

statement ok
INSERT INTO t56 VALUES(8,1,'table t56 row 8')

statement ok
INSERT INTO t56 VALUES(9,10,'table t56 row 9')

statement ok
INSERT INTO t56 VALUES(10,4,'table t56 row 10')

statement ok
CREATE TABLE t57(
  a57 INTEGER PRIMARY KEY,
  b57 INTEGER,
  x57 VARCHAR(40)
)

statement ok
INSERT INTO t57 VALUES(1,9,'table t57 row 1')

statement ok
INSERT INTO t57 VALUES(2,5,'table t57 row 2')

statement ok
INSERT INTO t57 VALUES(3,4,'table t57 row 3')

statement ok
INSERT INTO t57 VALUES(4,8,'table t57 row 4')

statement ok
INSERT INTO t57 VALUES(5,2,'table t57 row 5')

statement ok
INSERT INTO t57 VALUES(6,3,'table t57 row 6')

statement ok
INSERT INTO t57 VALUES(7,10,'table t57 row 7')

statement ok
INSERT INTO t57 VALUES(8,7,'table t57 row 8')

statement ok
INSERT INTO t57 VALUES(9,1,'table t57 row 9')

statement ok
INSERT INTO t57 VALUES(10,6,'table t57 row 10')

statement ok
CREATE TABLE t58(
  a58 INTEGER PRIMARY KEY,
  b58 INTEGER,
  x58 VARCHAR(40)
)

statement ok
INSERT INTO t58 VALUES(1,10,'table t58 row 1')

statement ok
INSERT INTO t58 VALUES(2,3,'table t58 row 2')

statement ok
INSERT INTO t58 VALUES(3,2,'table t58 row 3')

statement ok
INSERT INTO t58 VALUES(4,8,'table t58 row 4')

statement ok
INSERT INTO t58 VALUES(5,4,'table t58 row 5')

statement ok
INSERT INTO t58 VALUES(6,1,'table t58 row 6')

statement ok
INSERT INTO t58 VALUES(7,5,'table t58 row 7')

statement ok
INSERT INTO t58 VALUES(8,6,'table t58 row 8')

statement ok
INSERT INTO t58 VALUES(9,7,'table t58 row 9')

statement ok
INSERT INTO t58 VALUES(10,9,'table t58 row 10')

statement ok
CREATE TABLE t59(
  a59 INTEGER PRIMARY KEY,
  b59 INTEGER,
  x59 VARCHAR(40)
)

statement ok
INSERT INTO t59 VALUES(1,9,'table t59 row 1')

statement ok
INSERT INTO t59 VALUES(2,10,'table t59 row 2')

statement ok
INSERT INTO t59 VALUES(3,4,'table t59 row 3')

statement ok
INSERT INTO t59 VALUES(4,2,'table t59 row 4')

statement ok
INSERT INTO t59 VALUES(5,1,'table t59 row 5')

statement ok
INSERT INTO t59 VALUES(6,3,'table t59 row 6')

statement ok
INSERT INTO t59 VALUES(7,7,'table t59 row 7')

statement ok
INSERT INTO t59 VALUES(8,5,'table t59 row 8')

statement ok
INSERT INTO t59 VALUES(9,8,'table t59 row 9')

statement ok
INSERT INTO t59 VALUES(10,6,'table t59 row 10')

statement ok
CREATE TABLE t60(
  a60 INTEGER PRIMARY KEY,
  b60 INTEGER,
  x60 VARCHAR(40)
)

statement ok
INSERT INTO t60 VALUES(1,8,'table t60 row 1')

statement ok
INSERT INTO t60 VALUES(2,10,'table t60 row 2')

statement ok
INSERT INTO t60 VALUES(3,1,'table t60 row 3')

statement ok
INSERT INTO t60 VALUES(4,7,'table t60 row 4')

statement ok
INSERT INTO t60 VALUES(5,5,'table t60 row 5')

statement ok
INSERT INTO t60 VALUES(6,9,'table t60 row 6')

statement ok
INSERT INTO t60 VALUES(7,3,'table t60 row 7')

statement ok
INSERT INTO t60 VALUES(8,2,'table t60 row 8')

statement ok
INSERT INTO t60 VALUES(9,6,'table t60 row 9')

statement ok
INSERT INTO t60 VALUES(10,4,'table t60 row 10')

statement ok
CREATE TABLE t61(
  a61 INTEGER PRIMARY KEY,
  b61 INTEGER,
  x61 VARCHAR(40)
)

statement ok
INSERT INTO t61 VALUES(1,9,'table t61 row 1')

statement ok
INSERT INTO t61 VALUES(2,1,'table t61 row 2')

statement ok
INSERT INTO t61 VALUES(3,7,'table t61 row 3')

statement ok
INSERT INTO t61 VALUES(4,4,'table t61 row 4')

statement ok
INSERT INTO t61 VALUES(5,2,'table t61 row 5')

statement ok
INSERT INTO t61 VALUES(6,5,'table t61 row 6')

statement ok
INSERT INTO t61 VALUES(7,8,'table t61 row 7')

statement ok
INSERT INTO t61 VALUES(8,10,'table t61 row 8')

statement ok
INSERT INTO t61 VALUES(9,3,'table t61 row 9')

statement ok
INSERT INTO t61 VALUES(10,6,'table t61 row 10')

statement ok
CREATE TABLE t62(
  a62 INTEGER PRIMARY KEY,
  b62 INTEGER,
  x62 VARCHAR(40)
)

statement ok
INSERT INTO t62 VALUES(1,10,'table t62 row 1')

statement ok
INSERT INTO t62 VALUES(2,1,'table t62 row 2')

statement ok
INSERT INTO t62 VALUES(3,2,'table t62 row 3')

statement ok
INSERT INTO t62 VALUES(4,3,'table t62 row 4')

statement ok
INSERT INTO t62 VALUES(5,5,'table t62 row 5')

statement ok
INSERT INTO t62 VALUES(6,7,'table t62 row 6')

statement ok
INSERT INTO t62 VALUES(7,8,'table t62 row 7')

statement ok
INSERT INTO t62 VALUES(8,6,'table t62 row 8')

statement ok
INSERT INTO t62 VALUES(9,9,'table t62 row 9')

statement ok
INSERT INTO t62 VALUES(10,4,'table t62 row 10')

statement ok
CREATE TABLE t63(
  a63 INTEGER PRIMARY KEY,
  b63 INTEGER,
  x63 VARCHAR(40)
)

statement ok
INSERT INTO t63 VALUES(1,4,'table t63 row 1')

statement ok
INSERT INTO t63 VALUES(2,5,'table t63 row 2')

statement ok
INSERT INTO t63 VALUES(3,1,'table t63 row 3')

statement ok
INSERT INTO t63 VALUES(4,9,'table t63 row 4')

statement ok
INSERT INTO t63 VALUES(5,6,'table t63 row 5')

statement ok
INSERT INTO t63 VALUES(6,2,'table t63 row 6')

statement ok
INSERT INTO t63 VALUES(7,10,'table t63 row 7')

statement ok
INSERT INTO t63 VALUES(8,8,'table t63 row 8')

statement ok
INSERT INTO t63 VALUES(9,3,'table t63 row 9')

statement ok
INSERT INTO t63 VALUES(10,7,'table t63 row 10')

statement ok
CREATE TABLE t64(
  a64 INTEGER PRIMARY KEY,
  b64 INTEGER,
  x64 VARCHAR(40)
)

statement ok
INSERT INTO t64 VALUES(1,4,'table t64 row 1')

statement ok
INSERT INTO t64 VALUES(2,2,'table t64 row 2')

statement ok
INSERT INTO t64 VALUES(3,6,'table t64 row 3')

statement ok
INSERT INTO t64 VALUES(4,10,'table t64 row 4')

statement ok
INSERT INTO t64 VALUES(5,9,'table t64 row 5')

statement ok
INSERT INTO t64 VALUES(6,1,'table t64 row 6')

statement ok
INSERT INTO t64 VALUES(7,5,'table t64 row 7')

statement ok
INSERT INTO t64 VALUES(8,7,'table t64 row 8')

statement ok
INSERT INTO t64 VALUES(9,8,'table t64 row 9')

statement ok
INSERT INTO t64 VALUES(10,3,'table t64 row 10')

query TTTTTTTTTTTTTTTTTTTTTTTTTTTTTTTTTTTTTTTTTTTTTTTTTTT valuesort join-51-1
SELECT x56,x44,x54,x20,x53,x43,x15,x41,x36,x9,x32,x8,x30,x3,x13,x25,x29,x21,x34,x17,x59,x16,x18,x63,x57,x35,x48,x10,x49,x27,x14,x26,x24,x64,x11,x2,x39,x33,x31,x52,x46,x22,x6,x42,x55,x7,x58,x61,x1,x47,x51
  FROM t56,t48,t58,t24,t8,t49,t52,t2,t51,t53,t32,t20,t43,t63,t31,t6,t7,t55,t46,t21,t39,t27,t61,t18,t25,t1,t9,t11,t47,t35,t64,t59,t42,t34,t17,t14,t57,t36,t30,t15,t10,t3,t22,t33,t26,t44,t41,t54,t13,t29,t16
 WHERE b33=a10
   AND a21=6
   AND b57=a20
   AND b17=a52
   AND a48=b9
   AND b24=a29
   AND a32=b30
   AND b41=a43
   AND b49=a57
   AND b13=a11
   AND a55=b48
   AND b16=a1
   AND b7=a46
   AND b32=a53
   AND a47=b6
   AND b26=a59
   AND b35=a24
   AND a36=b25
   AND b42=a9
   AND b47=a25
   AND a17=b36
   AND a15=b18
   AND b22=a30
   AND a16=b29
   AND a14=b46
   AND a35=b11
   AND a49=b52
   AND a31=b2
   AND b54=a22
   AND a2=b39
   AND a64=b10
   AND a39=b34
   AND a54=b44
   AND b59=a7
   AND a33=b8
   AND b20=a44
   AND a18=b31
   AND a56=b27
   AND a41=b56
   AND b51=a58
   AND b1=a8
   AND b3=a6
   AND b14=a3
   AND b64=a34
   AND a63=b43
   AND b63=a51
   AND a27=b15
   AND a13=b55
   AND a26=b61
   AND a21=b53
   AND a61=b58
----
51 values hashing to 456d9d3e29cc089f1a6250611008a5b8

query TTTTTTTTTTTTTTTTTTTTTTTTTTTTTTTTTTTTTTTTTTTTTTTTTTT valuesort join-51-1
SELECT x56,x44,x54,x20,x53,x43,x15,x41,x36,x9,x32,x8,x30,x3,x13,x25,x29,x21,x34,x17,x59,x16,x18,x63,x57,x35,x48,x10,x49,x27,x14,x26,x24,x64,x11,x2,x39,x33,x31,x52,x46,x22,x6,x42,x55,x7,x58,x61,x1,x47,x51
  FROM t14,t64,t43,t52,t13,t57,t15,t10,t8,t48,t63,t31,t41,t21,t30,t22,t59,t33,t32,t6,t26,t9,t7,t61,t47,t39,t42,t1,t49,t11,t35,t46,t44,t55,t24,t20,t27,t36,t3,t34,t17,t56,t16,t18,t29,t58,t25,t2,t53,t54,t51
 WHERE b11=a35
   AND a39=b34
   AND a27=b15
   AND b13=a11
   AND b59=a7
   AND a25=b47
   AND a64=b10
   AND a46=b7
   AND b58=a61
   AND b55=a13
   AND a36=b25
   AND a63=b43
   AND a16=b29
   AND b46=a14
   AND a47=b6
   AND b51=a58
   AND a54=b44
   AND a33=b8
   AND a26=b61
   AND b30=a32
   AND a53=b32
   AND a22=b54
   AND a15=b18
   AND b2=a31
   AND b16=a1
   AND b49=a57
   AND b39=a2
   AND a20=b57
   AND a21=b53
   AND a51=b63
   AND a24=b35
   AND b33=a10
   AND b42=a9
   AND b9=a48
   AND b24=a29
   AND b27=a56
   AND a3=b14
   AND b48=a55
   AND a21=6
   AND b26=a59
   AND b64=a34
   AND b41=a43
   AND a18=b31
   AND b52=a49
   AND b20=a44
   AND b3=a6
   AND b56=a41
   AND a30=b22
   AND b1=a8
   AND b36=a17
   AND a52=b17
----
51 values hashing to 456d9d3e29cc089f1a6250611008a5b8

query TTTTTTTTTTTTTTTTTTTTTTTTTTTTTTTTTTTTTTTTTTTTTTTTTTT valuesort join-51-1
SELECT x56,x44,x54,x20,x53,x43,x15,x41,x36,x9,x32,x8,x30,x3,x13,x25,x29,x21,x34,x17,x59,x16,x18,x63,x57,x35,x48,x10,x49,x27,x14,x26,x24,x64,x11,x2,x39,x33,x31,x52,x46,x22,x6,x42,x55,x7,x58,x61,x1,x47,x51
  FROM t43,t32,t34,t63,t29,t21,t47,t55,t20,t30,t26,t8,t56,t35,t27,t6,t24,t57,t14,t52,t15,t59,t2,t10,t17,t39,t22,t42,t7,t46,t31,t41,t58,t16,t3,t9,t33,t11,t64,t18,t61,t51,t1,t36,t44,t53,t54,t48,t49,t25,t13
 WHERE b22=a30
   AND b64=a34
   AND a55=b48
   AND b20=a44
   AND a8=b1
   AND a27=b15
   AND b2=a31
   AND a39=b34
   AND b8=a33
   AND b42=a9
   AND b25=a36
   AND b35=a24
   AND a61=b58
   AND a32=b30
   AND a41=b56
   AND a63=b43
   AND a53=b32
   AND a16=b29
   AND b26=a59
   AND b44=a54
   AND b61=a26
   AND b33=a10
   AND a1=b16
   AND a51=b63
   AND a15=b18
   AND a3=b14
   AND a6=b3
   AND b52=a49
   AND b36=a17
   AND b31=a18
   AND b49=a57
   AND b10=a64
   AND a48=b9
   AND b27=a56
   AND b7=a46
   AND b55=a13
   AND b46=a14
   AND b11=a35
   AND a21=6
   AND b51=a58
   AND b24=a29
   AND a7=b59
   AND a21=b53
   AND b41=a43
   AND b54=a22
   AND a2=b39
   AND b57=a20
   AND a25=b47
   AND a11=b13
   AND a52=b17
   AND a47=b6
----
51 values hashing to 456d9d3e29cc089f1a6250611008a5b8

query TTTTTTTTTTTTTTTTTTTTTTTTTTTTTTTTTTTTTTTTTTTTTTTTTTT valuesort join-51-2
SELECT x59,x60,x43,x51,x5,x34,x48,x22,x42,x30,x49,x47,x53,x29,x58,x32,x55,x10,x7,x56,x28,x20,x31,x17,x24,x6,x25,x16,x63,x57,x12,x21,x1,x50,x15,x14,x26,x44,x62,x46,x18,x64,x45,x40,x27,x54,x11,x35,x38,x33,x2
  FROM t15,t54,t38,t59,t32,t47,t43,t29,t24,t63,t11,t5,t12,t45,t27,t53,t6,t62,t28,t42,t18,t26,t44,t1,t56,t48,t30,t31,t51,t16,t55,t64,t33,t20,t40,t35,t17,t34,t22,t10,t2,t7,t25,t60,t57,t58,t46,t50,t49,t21,t14
 WHERE b45=a50
   AND b42=a26
   AND a29=b27
   AND b29=a58
   AND a25=b40
   AND a51=b1
   AND a45=b55
   AND a60=b48
   AND a2=b62
   AND a48=b53
   AND b60=a38
   AND b25=a6
   AND b57=a33
   AND a17=b15
   AND b64=a35
   AND a7=b6
   AND a20=b12
   AND a59=b50
   AND b28=a12
   AND b5=a15
   AND b7=a16
   AND a30=b11
   AND a49=b47
   AND b16=a31
   AND a53=b14
   AND b31=a21
   AND a44=b30
   AND a43=b56
   AND a1=b21
   AND b33=a55
   AND a5=b43
   AND a42=b59
   AND a34=b51
   AND b10=a40
   AND b38=a10
   AND a64=b32
   AND a62=b58
   AND a56=b34
   AND a11=b2
   AND b35=a46
   AND a54=b44
   AND a63=b24
   AND b26=a24
   AND a14=b54
   AND a22=4
   AND b49=a18
   AND a22=b46
   AND a57=b18
   AND b20=a47
   AND a32=b63
   AND b17=a28
----
51 values hashing to a494caf417dd73c3c1dbc0d971916157

query TTTTTTTTTTTTTTTTTTTTTTTTTTTTTTTTTTTTTTTTTTTTTTTTTTT valuesort join-51-2
SELECT x59,x60,x43,x51,x5,x34,x48,x22,x42,x30,x49,x47,x53,x29,x58,x32,x55,x10,x7,x56,x28,x20,x31,x17,x24,x6,x25,x16,x63,x57,x12,x21,x1,x50,x15,x14,x26,x44,x62,x46,x18,x64,x45,x40,x27,x54,x11,x35,x38,x33,x2
  FROM t14,t31,t50,t43,t33,t21,t17,t47,t63,t34,t56,t42,t1,t45,t27,t49,t54,t30,t48,t26,t12,t40,t2,t44,t11,t59,t60,t6,t15,t64,t35,t51,t18,t24,t32,t20,t53,t25,t5,t55,t28,t16,t62,t29,t7,t57,t38,t10,t46,t22,t58
 WHERE b44=a54
   AND b53=a48
   AND a11=b2
   AND b25=a6
   AND b59=a42
   AND b33=a55
   AND a26=b42
   AND b56=a43
   AND a60=b48
   AND a34=b51
   AND a64=b32
   AND b34=a56
   AND a32=b63
   AND b60=a38
   AND b46=a22
   AND a53=b14
   AND a59=b50
   AND a45=b55
   AND b1=a51
   AND b49=a18
   AND b43=a5
   AND b28=a12
   AND b30=a44
   AND a28=b17
   AND b5=a15
   AND a20=b12
   AND a58=b29
   AND b11=a30
   AND b58=a62
   AND a7=b6
   AND a33=b57
   AND a40=b10
   AND a29=b27
   AND b64=a35
   AND a2=b62
   AND a10=b38
   AND b16=a31
   AND b45=a50
   AND a57=b18
   AND b31=a21
   AND a1=b21
   AND a14=b54
   AND a22=4
   AND b26=a24
   AND a25=b40
   AND b20=a47
   AND b24=a63
   AND a49=b47
   AND a16=b7
   AND b15=a17
   AND b35=a46
----
51 values hashing to a494caf417dd73c3c1dbc0d971916157

query TTTTTTTTTTTTTTTTTTTTTTTTTTTTTTTTTTTTTTTTTTTTTTTTTTT valuesort join-51-2
SELECT x59,x60,x43,x51,x5,x34,x48,x22,x42,x30,x49,x47,x53,x29,x58,x32,x55,x10,x7,x56,x28,x20,x31,x17,x24,x6,x25,x16,x63,x57,x12,x21,x1,x50,x15,x14,x26,x44,x62,x46,x18,x64,x45,x40,x27,x54,x11,x35,x38,x33,x2
  FROM t34,t7,t55,t1,t51,t50,t62,t38,t6,t49,t18,t31,t20,t47,t27,t57,t42,t40,t58,t30,t32,t43,t44,t64,t17,t54,t16,t15,t60,t28,t53,t24,t12,t22,t63,t59,t26,t5,t11,t33,t21,t35,t46,t29,t48,t10,t45,t25,t56,t14,t2
 WHERE b27=a29
   AND b34=a56
   AND b47=a49
   AND a7=b6
   AND a32=b63
   AND a59=b50
   AND a57=b18
   AND a54=b44
   AND b10=a40
   AND a58=b29
   AND b38=a10
   AND b46=a22
   AND a47=b20
   AND a26=b42
   AND b49=a18
   AND b16=a31
   AND a48=b53
   AND a55=b33
   AND b55=a45
   AND b31=a21
   AND b48=a60
   AND b56=a43
   AND a11=b2
   AND b11=a30
   AND b14=a53
   AND a22=4
   AND a34=b51
   AND a25=b40
   AND a2=b62
   AND a12=b28
   AND a5=b43
   AND b59=a42
   AND a62=b58
   AND b30=a44
   AND a46=b35
   AND b26=a24
   AND b32=a64
   AND b17=a28
   AND b15=a17
   AND b5=a15
   AND a6=b25
   AND a1=b21
   AND a35=b64
   AND a38=b60
   AND a20=b12
   AND a63=b24
   AND a14=b54
   AND a33=b57
   AND a51=b1
   AND a16=b7
   AND a50=b45
----
51 values hashing to a494caf417dd73c3c1dbc0d971916157

query TTTTTTTTTTTTTTTTTTTTTTTTTTTTTTTTTTTTTTTTTTTTTTTTTTT valuesort join-51-3
SELECT x57,x64,x45,x24,x3,x12,x44,x53,x63,x25,x27,x35,x28,x20,x6,x29,x31,x59,x15,x22,x21,x47,x56,x43,x19,x26,x11,x37,x10,x2,x54,x49,x40,x4,x9,x46,x42,x41,x5,x55,x23,x17,x32,x8,x33,x34,x36,x1,x52,x51,x30
  FROM t23,t32,t52,t17,t37,t11,t24,t9,t6,t33,t36,t55,t25,t4,t34,t22,t29,t46,t1,t63,t26,t10,t21,t5,t57,t51,t20,t59,t43,t31,t2,t35,t28,t19,t42,t54,t30,t53,t45,t44,t3,t27,t8,t49,t15,t41,t40,t56,t64,t12,t47
 WHERE a44=b27
   AND a24=b31
   AND a15=b63
   AND a2=10
   AND b41=a34
   AND b37=a17
   AND a2=b46
   AND a10=b17
   AND a51=b32
   AND a40=b57
   AND a28=b35
   AND b43=a22
   AND a9=b42
   AND b36=a47
   AND b29=a52
   AND a35=b9
   AND a3=b40
   AND a12=b34
   AND a30=b45
   AND a31=b12
   AND a56=b22
   AND a33=b55
   AND b56=a53
   AND a26=b33
   AND b3=a27
   AND b30=a29
   AND a32=b10
   AND a59=b15
   AND a49=b24
   AND b44=a20
   AND a4=b11
   AND a8=b20
   AND b6=a23
   AND b4=a21
   AND b49=a55
   AND b26=a6
   AND a45=b53
   AND b54=a41
   AND a37=b21
   AND b8=a19
   AND a25=b19
   AND a64=b47
   AND a57=b23
   AND a36=b25
   AND a54=b5
   AND a1=b64
   AND b51=a46
   AND b52=a63
   AND b59=a11
   AND b28=a5
   AND b1=a43
----
51 values hashing to a919be00be50f326477c5e44296f5cb1

query TTTTTTTTTTTTTTTTTTTTTTTTTTTTTTTTTTTTTTTTTTTTTTTTTTT valuesort join-51-3
SELECT x57,x64,x45,x24,x3,x12,x44,x53,x63,x25,x27,x35,x28,x20,x6,x29,x31,x59,x15,x22,x21,x47,x56,x43,x19,x26,x11,x37,x10,x2,x54,x49,x40,x4,x9,x46,x42,x41,x5,x55,x23,x17,x32,x8,x33,x34,x36,x1,x52,x51,x30
  FROM t53,t20,t26,t27,t35,t24,t46,t12,t43,t29,t33,t36,t44,t10,t1,t19,t41,t2,t34,t37,t8,t28,t42,t5,t47,t57,t54,t25,t6,t23,t4,t51,t45,t56,t15,t49,t17,t22,t31,t64,t30,t40,t52,t32,t59,t63,t9,t21,t55,t3,t11
 WHERE b59=a11
   AND a2=b46
   AND a40=b57
   AND b47=a64
   AND b41=a34
   AND a53=b56
   AND a37=b21
   AND a17=b37
   AND a54=b5
   AND b10=a32
   AND a52=b29
   AND b17=a10
   AND b45=a30
   AND a4=b11
   AND a45=b53
   AND a43=b1
   AND b9=a35
   AND b4=a21
   AND b31=a24
   AND a47=b36
   AND a59=b15
   AND b26=a6
   AND a25=b19
   AND a8=b20
   AND a55=b49
   AND a27=b3
   AND a20=b44
   AND b52=a63
   AND a9=b42
   AND b22=a56
   AND b55=a33
   AND a49=b24
   AND b27=a44
   AND b8=a19
   AND b30=a29
   AND a2=10
   AND b40=a3
   AND b33=a26
   AND b28=a5
   AND b32=a51
   AND a36=b25
   AND a22=b43
   AND b23=a57
   AND a12=b34
   AND b6=a23
   AND b35=a28
   AND b51=a46
   AND b54=a41
   AND b64=a1
   AND b12=a31
   AND a15=b63
----
51 values hashing to a919be00be50f326477c5e44296f5cb1

query TTTTTTTTTTTTTTTTTTTTTTTTTTTTTTTTTTTTTTTTTTTTTTTTTTT valuesort join-51-3
SELECT x57,x64,x45,x24,x3,x12,x44,x53,x63,x25,x27,x35,x28,x20,x6,x29,x31,x59,x15,x22,x21,x47,x56,x43,x19,x26,x11,x37,x10,x2,x54,x49,x40,x4,x9,x46,x42,x41,x5,x55,x23,x17,x32,x8,x33,x34,x36,x1,x52,x51,x30
  FROM t26,t42,t30,t34,t45,t15,t8,t54,t64,t56,t35,t63,t29,t46,t55,t27,t19,t53,t43,t10,t40,t1,t25,t47,t37,t6,t11,t59,t20,t36,t49,t17,t31,t3,t57,t44,t23,t5,t4,t12,t32,t9,t52,t24,t51,t21,t28,t22,t2,t41,t33
 WHERE b53=a45
   AND b24=a49
   AND a20=b44
   AND a35=b9
   AND a6=b26
   AND b42=a9
   AND a59=b15
   AND a23=b6
   AND a8=b20
   AND a29=b30
   AND b11=a4
   AND a51=b32
   AND a1=b64
   AND a17=b37
   AND b43=a22
   AND b19=a25
   AND b57=a40
   AND a41=b54
   AND a46=b51
   AND b33=a26
   AND a47=b36
   AND a2=10
   AND a11=b59
   AND b56=a53
   AND a30=b45
   AND b21=a37
   AND a24=b31
   AND a55=b49
   AND a34=b41
   AND b55=a33
   AND b52=a63
   AND a57=b23
   AND a2=b46
   AND a43=b1
   AND b12=a31
   AND b25=a36
   AND b3=a27
   AND b47=a64
   AND b63=a15
   AND a10=b17
   AND b34=a12
   AND b35=a28
   AND a3=b40
   AND b4=a21
   AND a44=b27
   AND b8=a19
   AND b29=a52
   AND b5=a54
   AND b28=a5
   AND a56=b22
   AND b10=a32
----
51 values hashing to a919be00be50f326477c5e44296f5cb1

query TTTTTTTTTTTTTTTTTTTTTTTTTTTTTTTTTTTTTTTTTTTTTTTTTTT valuesort join-51-4
SELECT x45,x13,x44,x4,x11,x33,x50,x63,x20,x43,x18,x57,x7,x32,x25,x40,x21,x5,x29,x6,x8,x27,x24,x22,x9,x61,x30,x56,x41,x16,x34,x53,x62,x12,x54,x60,x35,x28,x17,x59,x23,x46,x47,x39,x2,x26,x37,x19,x42,x36,x51
  FROM t36,t37,t62,t18,t39,t16,t20,t54,t4,t53,t26,t27,t45,t7,t32,t2,t12,t41,t46,t34,t63,t5,t17,t43,t29,t35,t50,t57,t24,t8,t25,t30,t6,t13,t22,t56,t51,t19,t40,t21,t33,t60,t9,t28,t23,t59,t42,t47,t61,t11,t44
 WHERE b39=a41
   AND a16=b40
   AND a19=b7
   AND b63=a46
   AND b57=a51
   AND b47=a62
   AND a40=b43
   AND b23=a53
   AND b54=a12
   AND b19=a4
   AND b11=a26
   AND a43=b13
   AND a27=b21
   AND a61=b17
   AND a18=b53
   AND b36=a5
   AND b45=a24
   AND b30=a9
   AND a36=b32
   AND a50=b61
   AND b26=a6
   AND a37=b46
   AND b20=a23
   AND a39=b16
   AND a54=b25
   AND a2=b51
   AND a22=b18
   AND b44=a20
   AND b34=a60
   AND b37=a21
   AND b62=a28
   AND a57=b60
   AND b29=a25
   AND a30=b6
   AND a7=b8
   AND b22=a45
   AND a59=b33
   AND a47=b27
   AND a33=b56
   AND a34=b4
   AND a56=b41
   AND a44=b59
   AND b2=a32
   AND a29=b42
   AND b50=a42
   AND b5=a11
   AND a8=b24
   AND a12=10
   AND a63=b35
   AND b9=a17
   AND b28=a13
----
51 values hashing to 2cdfe70ff0ba3b61f52834049018377e

query TTTTTTTTTTTTTTTTTTTTTTTTTTTTTTTTTTTTTTTTTTTTTTTTTTT valuesort join-51-4
SELECT x45,x13,x44,x4,x11,x33,x50,x63,x20,x43,x18,x57,x7,x32,x25,x40,x21,x5,x29,x6,x8,x27,x24,x22,x9,x61,x30,x56,x41,x16,x34,x53,x62,x12,x54,x60,x35,x28,x17,x59,x23,x46,x47,x39,x2,x26,x37,x19,x42,x36,x51
  FROM t34,t8,t11,t33,t39,t26,t24,t60,t6,t25,t16,t4,t51,t18,t54,t13,t43,t35,t47,t59,t61,t27,t41,t44,t28,t50,t20,t36,t32,t19,t2,t46,t57,t40,t9,t22,t63,t5,t45,t17,t29,t62,t53,t7,t23,t56,t42,t21,t37,t30,t12
 WHERE a63=b35
   AND a34=b4
   AND b27=a47
   AND b11=a26
   AND b34=a60
   AND b16=a39
   AND b6=a30
   AND a7=b8
   AND b25=a54
   AND b63=a46
   AND b32=a36
   AND b50=a42
   AND b22=a45
   AND b37=a21
   AND a57=b60
   AND a29=b42
   AND a19=b7
   AND b61=a50
   AND a13=b28
   AND a12=b54
   AND a40=b43
   AND a37=b46
   AND a56=b41
   AND a18=b53
   AND a32=b2
   AND a6=b26
   AND b24=a8
   AND a12=10
   AND b9=a17
   AND b59=a44
   AND b18=a22
   AND b23=a53
   AND b17=a61
   AND b57=a51
   AND b21=a27
   AND b29=a25
   AND a4=b19
   AND a41=b39
   AND b62=a28
   AND b36=a5
   AND a43=b13
   AND a23=b20
   AND a11=b5
   AND b44=a20
   AND b40=a16
   AND b51=a2
   AND a9=b30
   AND a62=b47
   AND b33=a59
   AND a24=b45
   AND b56=a33
----
51 values hashing to 2cdfe70ff0ba3b61f52834049018377e

query TTTTTTTTTTTTTTTTTTTTTTTTTTTTTTTTTTTTTTTTTTTTTTTTTTT valuesort join-51-4
SELECT x45,x13,x44,x4,x11,x33,x50,x63,x20,x43,x18,x57,x7,x32,x25,x40,x21,x5,x29,x6,x8,x27,x24,x22,x9,x61,x30,x56,x41,x16,x34,x53,x62,x12,x54,x60,x35,x28,x17,x59,x23,x46,x47,x39,x2,x26,x37,x19,x42,x36,x51
  FROM t51,t9,t13,t36,t37,t7,t11,t8,t43,t19,t50,t41,t32,t24,t40,t47,t4,t30,t17,t23,t25,t59,t18,t27,t46,t5,t20,t6,t63,t45,t22,t34,t57,t62,t21,t26,t54,t2,t35,t42,t53,t12,t28,t44,t60,t29,t16,t56,t39,t33,t61
 WHERE a50=b61
   AND b7=a19
   AND a40=b43
   AND b5=a11
   AND a37=b46
   AND b17=a61
   AND a46=b63
   AND a18=b53
   AND a27=b21
   AND b13=a43
   AND a60=b34
   AND b20=a23
   AND a6=b26
   AND a62=b47
   AND b56=a33
   AND a30=b6
   AND b60=a57
   AND a22=b18
   AND b23=a53
   AND a42=b50
   AND a45=b22
   AND a17=b9
   AND a28=b62
   AND a32=b2
   AND a13=b28
   AND a9=b30
   AND b42=a29
   AND b33=a59
   AND a16=b40
   AND a47=b27
   AND b51=a2
   AND b25=a54
   AND b37=a21
   AND b24=a8
   AND a12=10
   AND b44=a20
   AND a12=b54
   AND a63=b35
   AND a36=b32
   AND a44=b59
   AND b39=a41
   AND b11=a26
   AND a56=b41
   AND a4=b19
   AND b57=a51
   AND b8=a7
   AND a24=b45
   AND b36=a5
   AND a34=b4
   AND a25=b29
   AND b16=a39
----
51 values hashing to 2cdfe70ff0ba3b61f52834049018377e

query TTTTTTTTTTTTTTTTTTTTTTTTTTTTTTTTTTTTTTTTTTTTTTTTTTTT valuesort join-52-1
SELECT x1,x47,x23,x39,x33,x36,x35,x62,x52,x34,x48,x13,x19,x15,x51,x46,x55,x24,x20,x64,x45,x57,x12,x25,x56,x17,x5,x4,x8,x26,x16,x42,x30,x63,x41,x61,x3,x2,x29,x50,x53,x11,x28,x14,x54,x60,x9,x37,x49,x6,x18,x22
  FROM t11,t33,t9,t35,t25,t4,t26,t42,t49,t19,t34,t46,t29,t47,t41,t18,t24,t6,t54,t48,t3,t15,t28,t20,t30,t8,t5,t22,t1,t39,t61,t63,t56,t12,t2,t13,t57,t53,t51,t50,t52,t55,t17,t37,t60,t62,t36,t16,t45,t23,t14,t64
 WHERE a51=b34
   AND b1=a13
   AND b14=a19
   AND a47=b48
   AND a25=b50
   AND b23=a57
   AND a22=b15
   AND a9=b51
   AND a12=b29
   AND b20=a18
   AND b49=a34
   AND b30=a60
   AND a55=b16
   AND b24=a23
   AND a28=b39
   AND b46=a64
   AND a50=b37
   AND a46=b28
   AND b52=a14
   AND b8=a5
   AND a52=b53
   AND a26=b4
   AND b2=a45
   AND b22=a49
   AND b54=a15
   AND a16=b57
   AND a37=b60
   AND b63=a36
   AND b13=a8
   AND b17=a11
   AND b12=a2
   AND a62=b35
   AND b6=a33
   AND b61=a24
   AND a3=b56
   AND a26=5
   AND b11=a41
   AND b9=a56
   AND a1=b36
   AND a4=b45
   AND a48=b41
   AND a6=b64
   AND a54=b19
   AND a63=b3
   AND b42=a61
   AND b55=a29
   AND a20=b25
   AND a35=b18
   AND a53=b33
   AND a42=b47
   AND b62=a39
   AND b5=a17
----
52 values hashing to 82d1f12f4e23bcceacd44f7b788d8847

query TTTTTTTTTTTTTTTTTTTTTTTTTTTTTTTTTTTTTTTTTTTTTTTTTTTT valuesort join-52-1
SELECT x1,x47,x23,x39,x33,x36,x35,x62,x52,x34,x48,x13,x19,x15,x51,x46,x55,x24,x20,x64,x45,x57,x12,x25,x56,x17,x5,x4,x8,x26,x16,x42,x30,x63,x41,x61,x3,x2,x29,x50,x53,x11,x28,x14,x54,x60,x9,x37,x49,x6,x18,x22
  FROM t34,t63,t30,t61,t47,t45,t2,t53,t62,t55,t42,t23,t57,t6,t13,t51,t25,t8,t9,t56,t28,t14,t49,t1,t46,t33,t60,t35,t48,t29,t15,t24,t36,t54,t64,t19,t22,t37,t11,t4,t50,t18,t20,t5,t52,t17,t16,t12,t3,t41,t39,t26
 WHERE b6=a33
   AND a45=b2
   AND a63=b3
   AND b17=a11
   AND a16=b57
   AND b33=a53
   AND b11=a41
   AND a50=b37
   AND a28=b39
   AND b55=a29
   AND b9=a56
   AND b12=a2
   AND a42=b47
   AND b18=a35
   AND b15=a22
   AND a9=b51
   AND a19=b14
   AND b20=a18
   AND a14=b52
   AND b13=a8
   AND a64=b46
   AND b64=a6
   AND b30=a60
   AND b41=a48
   AND a26=5
   AND b22=a49
   AND b53=a52
   AND a54=b19
   AND a25=b50
   AND a3=b56
   AND a4=b45
   AND b34=a51
   AND a47=b48
   AND b35=a62
   AND b4=a26
   AND b62=a39
   AND b23=a57
   AND b42=a61
   AND b63=a36
   AND b16=a55
   AND b49=a34
   AND b29=a12
   AND a37=b60
   AND b1=a13
   AND a46=b28
   AND b61=a24
   AND a5=b8
   AND b5=a17
   AND a1=b36
   AND b24=a23
   AND a15=b54
   AND b25=a20
----
52 values hashing to 82d1f12f4e23bcceacd44f7b788d8847

query TTTTTTTTTTTTTTTTTTTTTTTTTTTTTTTTTTTTTTTTTTTTTTTTTTTT valuesort join-52-1
SELECT x1,x47,x23,x39,x33,x36,x35,x62,x52,x34,x48,x13,x19,x15,x51,x46,x55,x24,x20,x64,x45,x57,x12,x25,x56,x17,x5,x4,x8,x26,x16,x42,x30,x63,x41,x61,x3,x2,x29,x50,x53,x11,x28,x14,x54,x60,x9,x37,x49,x6,x18,x22
  FROM t17,t24,t4,t16,t63,t30,t20,t36,t56,t35,t29,t46,t61,t37,t50,t9,t18,t60,t52,t48,t54,t22,t55,t1,t12,t13,t6,t11,t47,t33,t5,t19,t2,t57,t26,t51,t41,t14,t25,t23,t45,t15,t49,t39,t3,t64,t62,t53,t8,t34,t42,t28
 WHERE b5=a17
   AND b51=a9
   AND b41=a48
   AND a60=b30
   AND a53=b33
   AND a57=b23
   AND a23=b24
   AND b53=a52
   AND b52=a14
   AND b34=a51
   AND b2=a45
   AND a1=b36
   AND b50=a25
   AND b14=a19
   AND b45=a4
   AND b4=a26
   AND b25=a20
   AND b16=a55
   AND a41=b11
   AND a54=b19
   AND a29=b55
   AND a26=5
   AND b60=a37
   AND a5=b8
   AND a50=b37
   AND a2=b12
   AND a39=b62
   AND a35=b18
   AND b20=a18
   AND a28=b39
   AND a47=b48
   AND b47=a42
   AND b35=a62
   AND a63=b3
   AND a22=b15
   AND a36=b63
   AND a12=b29
   AND a11=b17
   AND a8=b13
   AND b61=a24
   AND b54=a15
   AND b49=a34
   AND b9=a56
   AND a61=b42
   AND a6=b64
   AND b22=a49
   AND b28=a46
   AND a13=b1
   AND b56=a3
   AND a64=b46
   AND b6=a33
   AND b57=a16
----
52 values hashing to 82d1f12f4e23bcceacd44f7b788d8847

query TTTTTTTTTTTTTTTTTTTTTTTTTTTTTTTTTTTTTTTTTTTTTTTTTTTT valuesort join-52-2
SELECT x31,x40,x7,x13,x62,x20,x12,x47,x3,x32,x39,x59,x22,x6,x36,x56,x34,x11,x4,x61,x18,x30,x63,x45,x8,x25,x35,x15,x27,x54,x14,x1,x57,x55,x29,x23,x19,x28,x41,x48,x58,x53,x46,x9,x60,x37,x42,x38,x26,x51,x10,x16
  FROM t1,t38,t7,t3,t57,t59,t60,t25,t4,t53,t39,t47,t63,t31,t56,t55,t46,t20,t9,t29,t13,t58,t61,t35,t42,t37,t51,t26,t16,t12,t10,t41,t30,t36,t45,t22,t34,t8,t48,t14,t19,t27,t15,t11,t18,t40,t6,t54,t32,t28,t23,t62
 WHERE b36=a6
   AND b57=a35
   AND b1=a54
   AND b51=a25
   AND a51=b22
   AND a23=b32
   AND b53=a41
   AND b42=a48
   AND b31=a29
   AND a16=b63
   AND a55=b41
   AND a63=b35
   AND b30=a31
   AND a10=b47
   AND b26=a28
   AND b20=a26
   AND b54=a38
   AND b16=a20
   AND b59=a22
   AND a57=b19
   AND a11=b55
   AND b40=a39
   AND b4=a30
   AND b37=a53
   AND a9=b61
   AND a45=b60
   AND b46=a15
   AND b6=a40
   AND a27=b39
   AND b13=a7
   AND a8=b62
   AND a34=7
   AND a18=b8
   AND b58=a32
   AND a34=b10
   AND a42=b25
   AND b56=a1
   AND b18=a47
   AND b12=a19
   AND a60=b11
   AND b14=a12
   AND a56=b3
   AND a3=b27
   AND b38=a37
   AND b28=a58
   AND a4=b48
   AND b9=a46
   AND a59=b23
   AND a36=b29
   AND a13=b45
   AND b15=a14
   AND a62=b7
----
52 values hashing to b6bdb3ca104f7c9c171e05757b16089d

query TTTTTTTTTTTTTTTTTTTTTTTTTTTTTTTTTTTTTTTTTTTTTTTTTTTT valuesort join-52-2
SELECT x31,x40,x7,x13,x62,x20,x12,x47,x3,x32,x39,x59,x22,x6,x36,x56,x34,x11,x4,x61,x18,x30,x63,x45,x8,x25,x35,x15,x27,x54,x14,x1,x57,x55,x29,x23,x19,x28,x41,x48,x58,x53,x46,x9,x60,x37,x42,x38,x26,x51,x10,x16
  FROM t18,t48,t59,t19,t57,t32,t13,t38,t27,t6,t3,t39,t20,t51,t40,t4,t26,t53,t34,t41,t1,t47,t16,t61,t12,t36,t46,t15,t11,t56,t7,t14,t60,t8,t37,t22,t35,t9,t58,t23,t29,t42,t45,t62,t30,t54,t55,t25,t31,t28,t10,t63
 WHERE a35=b57
   AND b63=a16
   AND a7=b13
   AND a20=b16
   AND b54=a38
   AND a60=b11
   AND a63=b35
   AND a27=b39
   AND a3=b27
   AND b37=a53
   AND a1=b56
   AND a22=b59
   AND b26=a28
   AND a29=b31
   AND a6=b36
   AND b12=a19
   AND b41=a55
   AND a15=b46
   AND a34=7
   AND b51=a25
   AND b60=a45
   AND b42=a48
   AND a10=b47
   AND b10=a34
   AND b32=a23
   AND a13=b45
   AND a12=b14
   AND b1=a54
   AND b9=a46
   AND b55=a11
   AND a31=b30
   AND a40=b6
   AND b8=a18
   AND a9=b61
   AND a42=b25
   AND b18=a47
   AND b3=a56
   AND b19=a57
   AND b7=a62
   AND a59=b23
   AND b29=a36
   AND b28=a58
   AND a39=b40
   AND b58=a32
   AND b20=a26
   AND b38=a37
   AND a4=b48
   AND a41=b53
   AND b4=a30
   AND a51=b22
   AND b62=a8
   AND a14=b15
----
52 values hashing to b6bdb3ca104f7c9c171e05757b16089d

query TTTTTTTTTTTTTTTTTTTTTTTTTTTTTTTTTTTTTTTTTTTTTTTTTTTT valuesort join-52-2
SELECT x31,x40,x7,x13,x62,x20,x12,x47,x3,x32,x39,x59,x22,x6,x36,x56,x34,x11,x4,x61,x18,x30,x63,x45,x8,x25,x35,x15,x27,x54,x14,x1,x57,x55,x29,x23,x19,x28,x41,x48,x58,x53,x46,x9,x60,x37,x42,x38,x26,x51,x10,x16
  FROM t22,t12,t15,t48,t35,t61,t39,t11,t42,t46,t59,t7,t41,t31,t54,t8,t27,t32,t45,t53,t47,t4,t3,t55,t34,t36,t23,t10,t1,t28,t30,t13,t56,t9,t60,t6,t29,t38,t63,t16,t57,t14,t18,t58,t19,t51,t40,t37,t20,t62,t25,t26
 WHERE b26=a28
   AND b27=a3
   AND a9=b61
   AND a57=b19
   AND a22=b59
   AND a42=b25
   AND b3=a56
   AND b6=a40
   AND b23=a59
   AND b60=a45
   AND a4=b48
   AND a30=b4
   AND a16=b63
   AND a18=b8
   AND b37=a53
   AND b18=a47
   AND a20=b16
   AND b36=a6
   AND b40=a39
   AND b28=a58
   AND b39=a27
   AND a26=b20
   AND a34=7
   AND b30=a31
   AND b42=a48
   AND a23=b32
   AND b41=a55
   AND b31=a29
   AND a37=b38
   AND b35=a63
   AND b14=a12
   AND a35=b57
   AND a15=b46
   AND a62=b7
   AND b9=a46
   AND a14=b15
   AND b29=a36
   AND a8=b62
   AND b55=a11
   AND a51=b22
   AND b53=a41
   AND a1=b56
   AND a32=b58
   AND b11=a60
   AND a10=b47
   AND a34=b10
   AND a7=b13
   AND a38=b54
   AND b51=a25
   AND b1=a54
   AND b45=a13
   AND a19=b12
----
52 values hashing to b6bdb3ca104f7c9c171e05757b16089d

query TTTTTTTTTTTTTTTTTTTTTTTTTTTTTTTTTTTTTTTTTTTTTTTTTTTT valuesort join-52-3
SELECT x52,x64,x54,x26,x40,x3,x7,x46,x41,x31,x43,x49,x47,x12,x36,x8,x1,x21,x48,x27,x61,x32,x5,x57,x38,x45,x17,x20,x33,x6,x39,x60,x25,x55,x15,x24,x35,x28,x23,x50,x19,x42,x9,x16,x59,x63,x53,x2,x10,x29,x11,x30
  FROM t24,t26,t12,t6,t5,t54,t41,t33,t15,t19,t46,t30,t20,t27,t28,t35,t21,t29,t8,t59,t40,t7,t17,t39,t50,t47,t43,t10,t63,t25,t38,t55,t64,t52,t61,t2,t49,t23,t60,t32,t36,t42,t11,t3,t45,t16,t31,t9,t53,t48,t1,t57
 WHERE a9=b6
   AND a5=b41
   AND a42=b47
   AND b33=a45
   AND b26=a38
   AND b43=a41
   AND a24=b19
   AND b16=a8
   AND a23=b38
   AND a10=b17
   AND b32=a53
   AND a12=b53
   AND a32=b23
   AND a27=b21
   AND b31=a28
   AND b8=a7
   AND b2=a60
   AND a50=b36
   AND b64=a54
   AND a52=b49
   AND a64=b1
   AND b20=a6
   AND b63=a1
   AND b7=a19
   AND b48=a29
   AND a61=b5
   AND a36=b15
   AND b10=a25
   AND b12=a16
   AND a55=b3
   AND b61=a59
   AND a17=b35
   AND a49=b46
   AND b55=a26
   AND a33=b59
   AND a2=b27
   AND a21=b45
   AND b52=a35
   AND a63=b50
   AND a48=b54
   AND b60=a11
   AND b11=a3
   AND b28=a47
   AND a57=b42
   AND b39=a20
   AND a30=b9
   AND b40=a46
   AND a31=b29
   AND a43=b25
   AND b24=a39
   AND a30=6
   AND a40=b57
----
52 values hashing to f5af74e6591ca0b6e954351f981728a2

query TTTTTTTTTTTTTTTTTTTTTTTTTTTTTTTTTTTTTTTTTTTTTTTTTTTT valuesort join-52-3
SELECT x52,x64,x54,x26,x40,x3,x7,x46,x41,x31,x43,x49,x47,x12,x36,x8,x1,x21,x48,x27,x61,x32,x5,x57,x38,x45,x17,x20,x33,x6,x39,x60,x25,x55,x15,x24,x35,x28,x23,x50,x19,x42,x9,x16,x59,x63,x53,x2,x10,x29,x11,x30
  FROM t21,t32,t5,t9,t59,t11,t60,t3,t10,t23,t24,t43,t20,t48,t15,t57,t12,t36,t27,t64,t17,t54,t46,t33,t40,t38,t30,t26,t7,t19,t8,t35,t39,t2,t41,t42,t47,t55,t63,t49,t29,t28,t53,t6,t1,t50,t25,t16,t31,t45,t61,t52
 WHERE a45=b33
   AND b54=a48
   AND a42=b47
   AND a55=b3
   AND b25=a43
   AND a39=b24
   AND a54=b64
   AND a29=b48
   AND b29=a31
   AND a33=b59
   AND b32=a53
   AND b61=a59
   AND a5=b41
   AND b17=a10
   AND a35=b52
   AND b36=a50
   AND b38=a23
   AND a28=b31
   AND a63=b50
   AND b57=a40
   AND a30=6
   AND b27=a2
   AND b12=a16
   AND b20=a6
   AND b23=a32
   AND b21=a27
   AND a21=b45
   AND a30=b9
   AND a64=b1
   AND b8=a7
   AND a52=b49
   AND a57=b42
   AND a9=b6
   AND a47=b28
   AND b11=a3
   AND b43=a41
   AND b7=a19
   AND a20=b39
   AND a61=b5
   AND b55=a26
   AND b35=a17
   AND b19=a24
   AND b26=a38
   AND b10=a25
   AND b60=a11
   AND a60=b2
   AND b46=a49
   AND a1=b63
   AND b40=a46
   AND b53=a12
   AND b16=a8
   AND b15=a36
----
52 values hashing to f5af74e6591ca0b6e954351f981728a2

query TTTTTTTTTTTTTTTTTTTTTTTTTTTTTTTTTTTTTTTTTTTTTTTTTTTT valuesort join-52-3
SELECT x52,x64,x54,x26,x40,x3,x7,x46,x41,x31,x43,x49,x47,x12,x36,x8,x1,x21,x48,x27,x61,x32,x5,x57,x38,x45,x17,x20,x33,x6,x39,x60,x25,x55,x15,x24,x35,x28,x23,x50,x19,x42,x9,x16,x59,x63,x53,x2,x10,x29,x11,x30
  FROM t6,t26,t54,t38,t46,t8,t12,t53,t25,t63,t15,t2,t20,t42,t41,t31,t52,t28,t33,t32,t64,t40,t59,t36,t5,t23,t47,t29,t43,t10,t55,t50,t35,t48,t11,t61,t27,t9,t24,t57,t49,t7,t19,t39,t60,t3,t21,t1,t17,t45,t16,t30
 WHERE b21=a27
   AND a52=b49
   AND b12=a16
   AND b36=a50
   AND a59=b61
   AND a49=b46
   AND b39=a20
   AND a9=b6
   AND a29=b48
   AND a53=b32
   AND a57=b42
   AND b17=a10
   AND b16=a8
   AND a64=b1
   AND b25=a43
   AND a55=b3
   AND b19=a24
   AND a3=b11
   AND a12=b53
   AND a17=b35
   AND a19=b7
   AND a30=6
   AND a61=b5
   AND b50=a63
   AND a46=b40
   AND b10=a25
   AND b55=a26
   AND b47=a42
   AND a33=b59
   AND b27=a2
   AND b60=a11
   AND a21=b45
   AND a45=b33
   AND b24=a39
   AND a5=b41
   AND a47=b28
   AND a40=b57
   AND a28=b31
   AND a38=b26
   AND b43=a41
   AND b2=a60
   AND a54=b64
   AND a36=b15
   AND a31=b29
   AND a6=b20
   AND b23=a32
   AND b52=a35
   AND b63=a1
   AND a23=b38
   AND b54=a48
   AND b9=a30
   AND b8=a7
----
52 values hashing to f5af74e6591ca0b6e954351f981728a2

query TTTTTTTTTTTTTTTTTTTTTTTTTTTTTTTTTTTTTTTTTTTTTTTTTTTT valuesort join-52-4
SELECT x42,x32,x9,x11,x61,x22,x21,x57,x58,x29,x37,x1,x16,x38,x34,x23,x27,x49,x19,x2,x46,x33,x50,x10,x36,x15,x51,x8,x7,x28,x17,x13,x25,x6,x59,x53,x26,x41,x55,x35,x31,x43,x18,x12,x62,x24,x60,x14,x48,x4,x5,x30
  FROM t22,t61,t1,t25,t60,t53,t41,t29,t12,t9,t24,t34,t30,t37,t59,t14,t18,t57,t16,t11,t2,t8,t6,t15,t28,t13,t7,t23,t38,t36,t4,t32,t5,t55,t10,t33,t27,t35,t19,t51,t46,t62,t42,t31,t50,t21,t58,t49,t43,t26,t17,t48
 WHERE a14=b33
   AND b42=a58
   AND a48=b51
   AND a17=b24
   AND a43=9
   AND a31=b4
   AND a38=b57
   AND b18=a26
   AND b35=a37
   AND a55=b12
   AND a11=b37
   AND a2=b14
   AND a6=b59
   AND b11=a30
   AND b6=a4
   AND a5=b1
   AND b49=a15
   AND a1=b13
   AND b2=a27
   AND a25=b55
   AND b15=a35
   AND a46=b41
   AND a33=b19
   AND a43=b36
   AND a24=b9
   AND b10=a22
   AND a23=b5
   AND b16=a7
   AND b30=a29
   AND b29=a51
   AND b53=a42
   AND b60=a18
   AND a13=b7
   AND a36=b32
   AND b46=a12
   AND a21=b28
   AND a9=b62
   AND a10=b8
   AND b26=a49
   AND b34=a50
   AND a60=b22
   AND b27=a32
   AND a62=b31
   AND b50=a59
   AND a16=b25
   AND a28=b58
   AND b23=a19
   AND a41=b48
   AND a8=b38
   AND b17=a53
   AND a34=b61
   AND b21=a57
----
52 values hashing to 8357efd8340235485f1d2e2fc3021a22

query TTTTTTTTTTTTTTTTTTTTTTTTTTTTTTTTTTTTTTTTTTTTTTTTTTTT valuesort join-52-4
SELECT x42,x32,x9,x11,x61,x22,x21,x57,x58,x29,x37,x1,x16,x38,x34,x23,x27,x49,x19,x2,x46,x33,x50,x10,x36,x15,x51,x8,x7,x28,x17,x13,x25,x6,x59,x53,x26,x41,x55,x35,x31,x43,x18,x12,x62,x24,x60,x14,x48,x4,x5,x30
  FROM t61,t48,t46,t42,t34,t11,t22,t9,t53,t6,t24,t31,t25,t57,t29,t12,t36,t33,t28,t4,t18,t32,t59,t7,t8,t23,t5,t26,t1,t21,t55,t41,t60,t14,t43,t10,t2,t19,t17,t49,t30,t27,t58,t51,t16,t50,t13,t62,t38,t35,t15,t37
 WHERE b32=a36
   AND a51=b29
   AND b30=a29
   AND a21=b28
   AND b50=a59
   AND a25=b55
   AND b51=a48
   AND b34=a50
   AND b16=a7
   AND a27=b2
   AND a34=b61
   AND a55=b12
   AND a42=b53
   AND a35=b15
   AND a30=b11
   AND a43=9
   AND a12=b46
   AND a6=b59
   AND b37=a11
   AND a43=b36
   AND a49=b26
   AND b62=a9
   AND b42=a58
   AND a15=b49
   AND b41=a46
   AND a37=b35
   AND a2=b14
   AND b4=a31
   AND b60=a18
   AND a22=b10
   AND b48=a41
   AND a28=b58
   AND b1=a5
   AND a57=b21
   AND b17=a53
   AND b5=a23
   AND b22=a60
   AND a4=b6
   AND a8=b38
   AND a32=b27
   AND b7=a13
   AND a17=b24
   AND b31=a62
   AND a19=b23
   AND b25=a16
   AND b18=a26
   AND b19=a33
   AND b57=a38
   AND b13=a1
   AND b9=a24
   AND a10=b8
   AND a14=b33
----
52 values hashing to 8357efd8340235485f1d2e2fc3021a22

query TTTTTTTTTTTTTTTTTTTTTTTTTTTTTTTTTTTTTTTTTTTTTTTTTTTT valuesort join-52-4
SELECT x42,x32,x9,x11,x61,x22,x21,x57,x58,x29,x37,x1,x16,x38,x34,x23,x27,x49,x19,x2,x46,x33,x50,x10,x36,x15,x51,x8,x7,x28,x17,x13,x25,x6,x59,x53,x26,x41,x55,x35,x31,x43,x18,x12,x62,x24,x60,x14,x48,x4,x5,x30
  FROM t8,t28,t50,t35,t48,t31,t34,t27,t18,t25,t41,t49,t14,t22,t61,t51,t4,t24,t26,t15,t36,t53,t6,t62,t60,t37,t12,t57,t32,t9,t1,t19,t46,t43,t55,t23,t59,t38,t21,t42,t17,t7,t11,t10,t58,t33,t16,t13,t2,t29,t5,t30
 WHERE a41=b48
   AND a24=b9
   AND a14=b33
   AND a8=b38
   AND a11=b37
   AND b19=a33
   AND b1=a5
   AND a49=b26
   AND a32=b27
   AND b60=a18
   AND a12=b46
   AND b10=a22
   AND b21=a57
   AND a36=b32
   AND b2=a27
   AND a58=b42
   AND b49=a15
   AND a38=b57
   AND b51=a48
   AND a55=b12
   AND b11=a30
   AND a59=b50
   AND b4=a31
   AND b13=a1
   AND b30=a29
   AND a37=b35
   AND a17=b24
   AND b28=a21
   AND a46=b41
   AND a13=b7
   AND b25=a16
   AND a2=b14
   AND b15=a35
   AND a60=b22
   AND b61=a34
   AND a53=b17
   AND b36=a43
   AND a4=b6
   AND b31=a62
   AND b8=a10
   AND a19=b23
   AND a26=b18
   AND b34=a50
   AND a42=b53
   AND a43=9
   AND a23=b5
   AND b55=a25
   AND b62=a9
   AND a51=b29
   AND b58=a28
   AND a7=b16
   AND b59=a6
----
52 values hashing to 8357efd8340235485f1d2e2fc3021a22

query TTTTTTTTTTTTTTTTTTTTTTTTTTTTTTTTTTTTTTTTTTTTTTTTTTTTT valuesort join-53-1
SELECT x56,x49,x19,x42,x52,x34,x54,x53,x36,x15,x30,x60,x3,x63,x46,x7,x64,x61,x25,x2,x11,x26,x37,x12,x35,x41,x33,x43,x13,x39,x24,x9,x38,x17,x23,x28,x8,x40,x51,x14,x55,x6,x29,x45,x18,x1,x62,x22,x59,x47,x10,x44,x48
  FROM t63,t61,t14,t6,t51,t23,t33,t11,t12,t46,t8,t1,t35,t28,t19,t17,t29,t38,t41,t3,t24,t2,t62,t59,t47,t44,t34,t53,t37,t13,t36,t18,t9,t52,t56,t42,t25,t49,t45,t54,t30,t7,t43,t10,t26,t60,t55,t48,t15,t64,t39,t22,t40
 WHERE a12=b35
   AND a63=b42
   AND a44=b60
   AND a17=b19
   AND a35=b28
   AND a53=b54
   AND b64=a42
   AND b13=a11
   AND b12=a8
   AND b17=a46
   AND a60=b7
   AND a24=b37
   AND a25=b49
   AND b33=a59
   AND a7=b34
   AND a49=b2
   AND a55=b10
   AND b24=a26
   AND b51=a38
   AND a14=b56
   AND a6=b25
   AND a64=b52
   AND a1=b36
   AND a9=b46
   AND b29=a23
   AND b63=a51
   AND b11=a52
   AND b43=a15
   AND b44=a22
   AND a18=b41
   AND a29=b55
   AND a13=b1
   AND b53=a62
   AND b39=a61
   AND b62=a19
   AND b18=a56
   AND b6=a3
   AND a43=b3
   AND a10=b26
   AND a34=b48
   AND a2=b61
   AND a28=b38
   AND b14=a48
   AND a41=b45
   AND a45=b9
   AND a36=b15
   AND a37=b30
   AND b40=a33
   AND b59=a39
   AND a22=9
   AND a54=b23
   AND a40=b47
   AND a30=b8
----
53 values hashing to f0169715e358d2c38efa3477f013b502

query TTTTTTTTTTTTTTTTTTTTTTTTTTTTTTTTTTTTTTTTTTTTTTTTTTTTT valuesort join-53-1
SELECT x56,x49,x19,x42,x52,x34,x54,x53,x36,x15,x30,x60,x3,x63,x46,x7,x64,x61,x25,x2,x11,x26,x37,x12,x35,x41,x33,x43,x13,x39,x24,x9,x38,x17,x23,x28,x8,x40,x51,x14,x55,x6,x29,x45,x18,x1,x62,x22,x59,x47,x10,x44,x48
  FROM t3,t35,t7,t36,t18,t11,t41,t38,t45,t49,t62,t6,t44,t60,t9,t34,t1,t39,t55,t26,t42,t8,t61,t30,t64,t13,t25,t22,t2,t29,t43,t51,t63,t33,t15,t10,t37,t17,t56,t24,t40,t28,t48,t14,t19,t23,t53,t54,t46,t12,t47,t52,t59
 WHERE a17=b19
   AND b55=a29
   AND a22=9
   AND a23=b29
   AND a44=b60
   AND b54=a53
   AND a49=b2
   AND a14=b56
   AND a42=b64
   AND b18=a56
   AND a2=b61
   AND b40=a33
   AND b62=a19
   AND a18=b41
   AND a15=b43
   AND b23=a54
   AND b37=a24
   AND b39=a61
   AND a60=b7
   AND a6=b25
   AND b15=a36
   AND a52=b11
   AND b1=a13
   AND a11=b13
   AND a43=b3
   AND a8=b12
   AND a7=b34
   AND b8=a30
   AND a3=b6
   AND a1=b36
   AND b38=a28
   AND a51=b63
   AND b44=a22
   AND a48=b14
   AND a9=b46
   AND a46=b17
   AND a37=b30
   AND b26=a10
   AND b33=a59
   AND a45=b9
   AND a25=b49
   AND b59=a39
   AND a62=b53
   AND b28=a35
   AND b45=a41
   AND b52=a64
   AND a26=b24
   AND b47=a40
   AND b51=a38
   AND a55=b10
   AND a12=b35
   AND b42=a63
   AND b48=a34
----
53 values hashing to f0169715e358d2c38efa3477f013b502

query TTTTTTTTTTTTTTTTTTTTTTTTTTTTTTTTTTTTTTTTTTTTTTTTTTTTT valuesort join-53-1
SELECT x56,x49,x19,x42,x52,x34,x54,x53,x36,x15,x30,x60,x3,x63,x46,x7,x64,x61,x25,x2,x11,x26,x37,x12,x35,x41,x33,x43,x13,x39,x24,x9,x38,x17,x23,x28,x8,x40,x51,x14,x55,x6,x29,x45,x18,x1,x62,x22,x59,x47,x10,x44,x48
  FROM t62,t64,t17,t43,t35,t11,t46,t45,t8,t12,t19,t33,t40,t34,t56,t59,t15,t51,t18,t13,t41,t14,t7,t54,t10,t37,t60,t1,t6,t44,t42,t36,t38,t52,t48,t23,t29,t63,t9,t55,t47,t39,t28,t3,t2,t22,t61,t49,t53,t30,t26,t25,t24
 WHERE b40=a33
   AND a52=b11
   AND a54=b23
   AND b9=a45
   AND a36=b15
   AND b1=a13
   AND b13=a11
   AND a18=b41
   AND a60=b7
   AND b49=a25
   AND a61=b39
   AND a28=b38
   AND b14=a48
   AND b54=a53
   AND a40=b47
   AND a17=b19
   AND b55=a29
   AND a12=b35
   AND b25=a6
   AND b43=a15
   AND a62=b53
   AND a26=b24
   AND b48=a34
   AND b6=a3
   AND b63=a51
   AND a7=b34
   AND a10=b26
   AND b59=a39
   AND b3=a43
   AND b17=a46
   AND a37=b30
   AND a23=b29
   AND b61=a2
   AND a22=9
   AND b18=a56
   AND b2=a49
   AND a1=b36
   AND b8=a30
   AND b64=a42
   AND b62=a19
   AND a14=b56
   AND b12=a8
   AND b10=a55
   AND b60=a44
   AND b37=a24
   AND a63=b42
   AND a38=b51
   AND a22=b44
   AND b45=a41
   AND b33=a59
   AND b46=a9
   AND a64=b52
   AND a35=b28
----
53 values hashing to f0169715e358d2c38efa3477f013b502

query TTTTTTTTTTTTTTTTTTTTTTTTTTTTTTTTTTTTTTTTTTTTTTTTTTTTT valuesort join-53-2
SELECT x64,x41,x55,x3,x8,x7,x32,x6,x23,x40,x49,x48,x19,x58,x61,x63,x56,x12,x15,x62,x11,x17,x5,x36,x51,x29,x1,x9,x25,x33,x4,x39,x13,x21,x37,x44,x45,x30,x10,x46,x16,x43,x35,x24,x54,x47,x60,x27,x20,x50,x53,x18,x28
  FROM t53,t58,t25,t35,t64,t15,t6,t9,t18,t30,t5,t41,t17,t3,t33,t50,t21,t29,t46,t8,t16,t43,t19,t61,t12,t11,t1,t39,t45,t56,t44,t54,t27,t51,t28,t62,t23,t13,t55,t49,t20,t24,t10,t36,t63,t4,t47,t60,t48,t32,t7,t40,t37
 WHERE a30=b4
   AND b46=a39
   AND a6=b21
   AND a58=b39
   AND a62=b27
   AND a60=b6
   AND a15=b64
   AND a54=b43
   AND a17=b30
   AND a24=b47
   AND a43=b33
   AND b36=a48
   AND a28=b58
   AND a33=b12
   AND b18=a9
   AND b48=a13
   AND b41=a55
   AND a44=b40
   AND a11=b15
   AND b25=a19
   AND b35=a47
   AND b16=a7
   AND b23=a35
   AND a16=b51
   AND a53=b61
   AND a18=b29
   AND a61=b32
   AND a50=b20
   AND b1=a32
   AND a20=b13
   AND a5=b62
   AND b17=a27
   AND a29=b28
   AND a45=b19
   AND a63=b49
   AND b24=a51
   AND a23=b45
   AND b53=a12
   AND a10=5
   AND a46=b54
   AND b5=a56
   AND a3=b55
   AND b8=a40
   AND a10=b11
   AND a49=b56
   AND a25=b37
   AND b60=a1
   AND a8=b7
   AND a4=b9
   AND a36=b44
   AND b63=a64
   AND a37=b3
   AND a21=b50
----
53 values hashing to 220d975bfe88cd3c54a3e66441523565

query TTTTTTTTTTTTTTTTTTTTTTTTTTTTTTTTTTTTTTTTTTTTTTTTTTTTT valuesort join-53-2
SELECT x64,x41,x55,x3,x8,x7,x32,x6,x23,x40,x49,x48,x19,x58,x61,x63,x56,x12,x15,x62,x11,x17,x5,x36,x51,x29,x1,x9,x25,x33,x4,x39,x13,x21,x37,x44,x45,x30,x10,x46,x16,x43,x35,x24,x54,x47,x60,x27,x20,x50,x53,x18,x28
  FROM t15,t61,t30,t4,t49,t16,t48,t28,t35,t64,t27,t33,t9,t8,t24,t40,t25,t50,t51,t7,t53,t36,t39,t45,t11,t18,t60,t5,t17,t47,t3,t55,t32,t54,t10,t43,t19,t37,t56,t41,t12,t21,t62,t13,t58,t46,t63,t23,t6,t20,t29,t1,t44
 WHERE b25=a19
   AND a16=b51
   AND a20=b13
   AND a9=b18
   AND b20=a50
   AND a3=b55
   AND a62=b27
   AND a45=b19
   AND b60=a1
   AND a56=b5
   AND b12=a33
   AND a10=5
   AND b8=a40
   AND a37=b3
   AND a44=b40
   AND b45=a23
   AND a18=b29
   AND b28=a29
   AND b47=a24
   AND a13=b48
   AND a63=b49
   AND a46=b54
   AND b58=a28
   AND b64=a15
   AND b6=a60
   AND b63=a64
   AND b44=a36
   AND a10=b11
   AND a4=b9
   AND a5=b62
   AND b43=a54
   AND a11=b15
   AND b17=a27
   AND a7=b16
   AND b46=a39
   AND a53=b61
   AND b1=a32
   AND a58=b39
   AND b30=a17
   AND b7=a8
   AND a21=b50
   AND b56=a49
   AND a43=b33
   AND a51=b24
   AND a55=b41
   AND b35=a47
   AND b21=a6
   AND b32=a61
   AND a30=b4
   AND b36=a48
   AND b37=a25
   AND b23=a35
   AND b53=a12
----
53 values hashing to 220d975bfe88cd3c54a3e66441523565

query TTTTTTTTTTTTTTTTTTTTTTTTTTTTTTTTTTTTTTTTTTTTTTTTTTTTT valuesort join-53-2
SELECT x64,x41,x55,x3,x8,x7,x32,x6,x23,x40,x49,x48,x19,x58,x61,x63,x56,x12,x15,x62,x11,x17,x5,x36,x51,x29,x1,x9,x25,x33,x4,x39,x13,x21,x37,x44,x45,x30,x10,x46,x16,x43,x35,x24,x54,x47,x60,x27,x20,x50,x53,x18,x28
  FROM t46,t51,t58,t9,t4,t15,t24,t6,t33,t37,t44,t60,t54,t40,t17,t18,t64,t30,t5,t53,t43,t3,t29,t55,t25,t27,t20,t16,t1,t35,t8,t47,t23,t63,t45,t36,t12,t48,t19,t10,t62,t56,t13,t32,t11,t41,t49,t50,t28,t61,t7,t21,t39
 WHERE a12=b53
   AND a10=5
   AND a53=b61
   AND a19=b25
   AND b24=a51
   AND b63=a64
   AND a44=b40
   AND b13=a20
   AND a37=b3
   AND a39=b46
   AND a8=b7
   AND b50=a21
   AND b29=a18
   AND a6=b21
   AND a58=b39
   AND b44=a36
   AND a7=b16
   AND a54=b43
   AND a13=b48
   AND a16=b51
   AND a60=b6
   AND b28=a29
   AND b18=a9
   AND b30=a17
   AND a15=b64
   AND b11=a10
   AND a56=b5
   AND b45=a23
   AND b49=a63
   AND a49=b56
   AND b12=a33
   AND a61=b32
   AND a32=b1
   AND b36=a48
   AND a62=b27
   AND a46=b54
   AND a28=b58
   AND b47=a24
   AND a3=b55
   AND b19=a45
   AND a5=b62
   AND b33=a43
   AND b23=a35
   AND b35=a47
   AND b37=a25
   AND a40=b8
   AND a30=b4
   AND b60=a1
   AND a55=b41
   AND b15=a11
   AND a27=b17
   AND a4=b9
   AND b20=a50
----
53 values hashing to 220d975bfe88cd3c54a3e66441523565

query TTTTTTTTTTTTTTTTTTTTTTTTTTTTTTTTTTTTTTTTTTTTTTTTTTTTT valuesort join-53-3
SELECT x34,x20,x40,x28,x51,x8,x3,x44,x5,x62,x48,x39,x27,x16,x53,x26,x37,x42,x60,x32,x45,x56,x2,x43,x31,x59,x46,x63,x23,x64,x55,x12,x41,x24,x57,x35,x10,x14,x19,x17,x29,x18,x7,x9,x54,x11,x52,x49,x33,x38,x13,x1,x36
  FROM t43,t18,t24,t31,t10,t8,t33,t63,t36,t16,t20,t57,t9,t28,t44,t23,t35,t55,t59,t42,t2,t32,t5,t1,t48,t12,t54,t13,t29,t64,t40,t60,t26,t3,t45,t39,t14,t41,t49,t19,t62,t7,t38,t11,t52,t53,t34,t51,t56,t37,t17,t27,t46
 WHERE a32=b48
   AND a28=b62
   AND b24=a44
   AND a54=b14
   AND b7=a59
   AND b63=a48
   AND b40=a34
   AND a24=b46
   AND b5=a17
   AND a46=b17
   AND b56=a8
   AND b12=a3
   AND a35=b8
   AND b53=a49
   AND a57=b20
   AND b16=a62
   AND a39=b55
   AND b27=a40
   AND a26=b42
   AND b26=a45
   AND a38=b49
   AND a52=b38
   AND a5=b52
   AND a12=b51
   AND b11=a19
   AND a13=b36
   AND b18=a55
   AND b34=a37
   AND a53=b43
   AND a27=b29
   AND a14=b33
   AND b54=a64
   AND a37=1
   AND a41=b28
   AND b31=a56
   AND b19=a18
   AND a42=b23
   AND a2=b45
   AND a29=b60
   AND a9=b35
   AND a11=b44
   AND a1=b2
   AND a43=b59
   AND a60=b3
   AND b13=a23
   AND b32=a31
   AND a7=b64
   AND a16=b10
   AND b1=a10
   AND a63=b57
   AND b39=a51
   AND b9=a33
   AND a20=b41
----
53 values hashing to 76b60d40922f11454ddbaa03dbf9e7a3

query TTTTTTTTTTTTTTTTTTTTTTTTTTTTTTTTTTTTTTTTTTTTTTTTTTTTT valuesort join-53-3
SELECT x34,x20,x40,x28,x51,x8,x3,x44,x5,x62,x48,x39,x27,x16,x53,x26,x37,x42,x60,x32,x45,x56,x2,x43,x31,x59,x46,x63,x23,x64,x55,x12,x41,x24,x57,x35,x10,x14,x19,x17,x29,x18,x7,x9,x54,x11,x52,x49,x33,x38,x13,x1,x36
  FROM t51,t44,t27,t17,t2,t56,t54,t3,t26,t7,t33,t19,t29,t64,t49,t55,t60,t10,t37,t34,t24,t14,t59,t45,t40,t36,t62,t9,t52,t39,t43,t12,t28,t38,t32,t16,t5,t1,t8,t46,t41,t23,t11,t35,t42,t31,t48,t20,t13,t57,t53,t63,t18
 WHERE b23=a42
   AND a39=b55
   AND b49=a38
   AND a16=b10
   AND b38=a52
   AND b46=a24
   AND b13=a23
   AND a64=b54
   AND a26=b42
   AND a17=b5
   AND b16=a62
   AND a27=b29
   AND b11=a19
   AND a11=b44
   AND b62=a28
   AND b64=a7
   AND a54=b14
   AND a10=b1
   AND a53=b43
   AND a44=b24
   AND b27=a40
   AND b9=a33
   AND a46=b17
   AND a1=b2
   AND b63=a48
   AND a59=b7
   AND a20=b41
   AND b48=a32
   AND a9=b35
   AND b19=a18
   AND b59=a43
   AND b53=a49
   AND a3=b12
   AND b45=a2
   AND a34=b40
   AND b33=a14
   AND a12=b51
   AND a63=b57
   AND b8=a35
   AND b52=a5
   AND a56=b31
   AND a8=b56
   AND b36=a13
   AND a41=b28
   AND a37=b34
   AND a60=b3
   AND b60=a29
   AND b20=a57
   AND b18=a55
   AND b26=a45
   AND b32=a31
   AND a37=1
   AND a51=b39
----
53 values hashing to 76b60d40922f11454ddbaa03dbf9e7a3

query TTTTTTTTTTTTTTTTTTTTTTTTTTTTTTTTTTTTTTTTTTTTTTTTTTTTT valuesort join-53-3
SELECT x34,x20,x40,x28,x51,x8,x3,x44,x5,x62,x48,x39,x27,x16,x53,x26,x37,x42,x60,x32,x45,x56,x2,x43,x31,x59,x46,x63,x23,x64,x55,x12,x41,x24,x57,x35,x10,x14,x19,x17,x29,x18,x7,x9,x54,x11,x52,x49,x33,x38,x13,x1,x36
  FROM t62,t51,t60,t41,t14,t24,t12,t23,t56,t32,t9,t64,t20,t2,t18,t36,t57,t13,t53,t19,t29,t38,t43,t46,t63,t54,t7,t11,t37,t17,t49,t16,t52,t8,t26,t40,t45,t48,t10,t28,t27,t55,t3,t59,t39,t31,t33,t42,t5,t44,t35,t1,t34
 WHERE b9=a33
   AND b40=a34
   AND a12=b51
   AND b55=a39
   AND a51=b39
   AND b63=a48
   AND b8=a35
   AND b59=a43
   AND a10=b1
   AND a20=b41
   AND b28=a41
   AND b14=a54
   AND b33=a14
   AND a9=b35
   AND b11=a19
   AND a62=b16
   AND b32=a31
   AND a56=b31
   AND b34=a37
   AND b52=a5
   AND a7=b64
   AND b54=a64
   AND a38=b49
   AND a17=b5
   AND b24=a44
   AND b46=a24
   AND a16=b10
   AND a37=1
   AND a13=b36
   AND a29=b60
   AND a53=b43
   AND b13=a23
   AND b53=a49
   AND b2=a1
   AND b23=a42
   AND a46=b17
   AND b48=a32
   AND a27=b29
   AND a63=b57
   AND a8=b56
   AND b44=a11
   AND a60=b3
   AND a3=b12
   AND b19=a18
   AND a55=b18
   AND b42=a26
   AND b20=a57
   AND b62=a28
   AND b38=a52
   AND b7=a59
   AND a2=b45
   AND b27=a40
   AND b26=a45
----
53 values hashing to 76b60d40922f11454ddbaa03dbf9e7a3

query TTTTTTTTTTTTTTTTTTTTTTTTTTTTTTTTTTTTTTTTTTTTTTTTTTTTT valuesort join-53-4
SELECT x47,x40,x16,x34,x58,x56,x22,x18,x25,x63,x23,x35,x24,x49,x9,x10,x37,x15,x38,x45,x30,x1,x27,x29,x2,x36,x54,x44,x50,x17,x31,x43,x55,x28,x61,x6,x8,x21,x64,x33,x7,x41,x51,x52,x53,x11,x14,x59,x19,x57,x4,x39,x48
  FROM t40,t63,t35,t7,t1,t39,t47,t2,t4,t59,t17,t19,t41,t61,t48,t23,t36,t18,t49,t37,t44,t27,t29,t58,t10,t14,t55,t53,t45,t50,t9,t25,t64,t6,t52,t30,t56,t28,t31,t51,t24,t57,t43,t34,t22,t38,t15,t8,t21,t54,t11,t16,t33
 WHERE b14=a61
   AND a63=b16
   AND a44=b2
   AND a21=b64
   AND b45=a48
   AND a28=b7
   AND a24=b47
   AND a25=6
   AND a17=b56
   AND a19=b37
   AND a27=b31
   AND b35=a14
   AND b51=a43
   AND b49=a47
   AND b44=a41
   AND b40=a4
   AND b30=a52
   AND b28=a2
   AND b17=a22
   AND a57=b27
   AND b39=a40
   AND a39=b34
   AND a10=b43
   AND b33=a59
   AND b57=a38
   AND b53=a31
   AND a7=b4
   AND a34=b19
   AND b11=a45
   AND a54=b23
   AND b41=a51
   AND a30=b54
   AND a55=b58
   AND b55=a9
   AND a16=b24
   AND a23=b59
   AND b29=a6
   AND b8=a49
   AND a33=b21
   AND a37=b36
   AND a35=b15
   AND a8=b1
   AND b10=a58
   AND a11=b22
   AND b63=a56
   AND b18=a29
   AND b9=a53
   AND a64=b48
   AND b52=a15
   AND b61=a36
   AND a50=b38
   AND a18=b50
   AND b6=a25
----
53 values hashing to e8b0aebc80dd5b18e98dd79880502373

query TTTTTTTTTTTTTTTTTTTTTTTTTTTTTTTTTTTTTTTTTTTTTTTTTTTTT valuesort join-53-4
SELECT x47,x40,x16,x34,x58,x56,x22,x18,x25,x63,x23,x35,x24,x49,x9,x10,x37,x15,x38,x45,x30,x1,x27,x29,x2,x36,x54,x44,x50,x17,x31,x43,x55,x28,x61,x6,x8,x21,x64,x33,x7,x41,x51,x52,x53,x11,x14,x59,x19,x57,x4,x39,x48
  FROM t58,t9,t57,t40,t21,t63,t29,t15,t64,t17,t50,t24,t8,t36,t56,t25,t2,t30,t38,t11,t59,t18,t27,t47,t6,t19,t41,t22,t39,t54,t45,t28,t61,t4,t49,t10,t34,t52,t33,t53,t1,t43,t23,t16,t31,t37,t51,t55,t7,t44,t14,t48,t35
 WHERE a51=b41
   AND b23=a54
   AND b18=a29
   AND b19=a34
   AND b8=a49
   AND a28=b7
   AND a25=6
   AND b39=a40
   AND a22=b17
   AND a11=b22
   AND a38=b57
   AND b15=a35
   AND b44=a41
   AND a48=b45
   AND b37=a19
   AND a14=b35
   AND b10=a58
   AND b47=a24
   AND a50=b38
   AND b50=a18
   AND a30=b54
   AND a15=b52
   AND a36=b61
   AND a8=b1
   AND a45=b11
   AND b24=a16
   AND a43=b51
   AND a55=b58
   AND b48=a64
   AND a9=b55
   AND a7=b4
   AND b53=a31
   AND b36=a37
   AND a63=b16
   AND b56=a17
   AND b64=a21
   AND a56=b63
   AND a61=b14
   AND b33=a59
   AND b27=a57
   AND b43=a10
   AND a23=b59
   AND a53=b9
   AND a44=b2
   AND a2=b28
   AND a4=b40
   AND b6=a25
   AND b49=a47
   AND a27=b31
   AND a33=b21
   AND a6=b29
   AND a39=b34
   AND b30=a52
----
53 values hashing to e8b0aebc80dd5b18e98dd79880502373

query TTTTTTTTTTTTTTTTTTTTTTTTTTTTTTTTTTTTTTTTTTTTTTTTTTTTT valuesort join-53-4
SELECT x47,x40,x16,x34,x58,x56,x22,x18,x25,x63,x23,x35,x24,x49,x9,x10,x37,x15,x38,x45,x30,x1,x27,x29,x2,x36,x54,x44,x50,x17,x31,x43,x55,x28,x61,x6,x8,x21,x64,x33,x7,x41,x51,x52,x53,x11,x14,x59,x19,x57,x4,x39,x48
  FROM t64,t50,t27,t41,t30,t9,t19,t58,t8,t33,t59,t63,t37,t45,t35,t43,t44,t17,t18,t23,t56,t28,t34,t22,t2,t21,t51,t25,t24,t54,t11,t39,t7,t49,t57,t47,t15,t40,t29,t1,t55,t36,t48,t53,t61,t52,t4,t31,t38,t10,t14,t16,t6
 WHERE a61=b14
   AND a38=b57
   AND a35=b15
   AND a25=6
   AND a63=b16
   AND a41=b44
   AND b64=a21
   AND a51=b41
   AND a4=b40
   AND a10=b43
   AND a57=b27
   AND a19=b37
   AND b45=a48
   AND b19=a34
   AND b35=a14
   AND a59=b33
   AND a47=b49
   AND a40=b39
   AND a25=b6
   AND b10=a58
   AND a22=b17
   AND b47=a24
   AND b31=a27
   AND b24=a16
   AND b28=a2
   AND a56=b63
   AND a6=b29
   AND a9=b55
   AND a52=b30
   AND a49=b8
   AND a29=b18
   AND b54=a30
   AND b59=a23
   AND a15=b52
   AND b11=a45
   AND a39=b34
   AND b56=a17
   AND b36=a37
   AND b1=a8
   AND b38=a50
   AND a43=b51
   AND b53=a31
   AND b61=a36
   AND b22=a11
   AND b7=a28
   AND a44=b2
   AND b21=a33
   AND a53=b9
   AND a54=b23
   AND b50=a18
   AND a64=b48
   AND b58=a55
   AND a7=b4
----
53 values hashing to e8b0aebc80dd5b18e98dd79880502373

query TTTTTTTTTTTTTTTTTTTTTTTTTTTTTTTTTTTTTTTTTTTTTTTTTTTTTT valuesort join-54-1
SELECT x45,x52,x21,x6,x57,x54,x11,x5,x34,x4,x59,x16,x44,x47,x24,x56,x40,x46,x18,x19,x41,x25,x38,x17,x20,x64,x9,x2,x37,x22,x55,x53,x60,x30,x3,x10,x43,x1,x8,x62,x63,x27,x29,x26,x49,x12,x51,x48,x13,x42,x14,x36,x61,x33
  FROM t26,t53,t18,t13,t52,t42,t12,t56,t41,t29,t5,t11,t21,t17,t43,t30,t10,t14,t34,t6,t51,t3,t9,t46,t61,t1,t27,t38,t8,t16,t19,t2,t64,t40,t22,t33,t20,t37,t44,t48,t47,t59,t60,t45,t54,t25,t55,t36,t24,t57,t49,t63,t4,t62
 WHERE a57=b61
   AND b33=a40
   AND b34=a8
   AND b5=a25
   AND b64=a9
   AND a20=b52
   AND a4=b26
   AND b9=a17
   AND b60=a33
   AND a49=b30
   AND b44=a52
   AND a6=5
   AND a55=b19
   AND b14=a3
   AND b59=a53
   AND b12=a56
   AND b56=a61
   AND a42=b57
   AND b42=a13
   AND a41=b20
   AND a27=b51
   AND a37=b22
   AND b46=a6
   AND b36=a38
   AND a26=b53
   AND b38=a2
   AND b47=a43
   AND a44=b54
   AND b24=a34
   AND a62=b2
   AND b41=a18
   AND b11=a14
   AND a45=b4
   AND b8=a63
   AND a36=b37
   AND b3=a22
   AND b45=a60
   AND a19=b48
   AND b40=a46
   AND b62=a54
   AND a51=b17
   AND a11=b55
   AND b27=a59
   AND b1=a5
   AND a24=b10
   AND b13=a16
   AND a64=b43
   AND a1=b16
   AND a21=b49
   AND a48=b21
   AND b18=a47
   AND b29=a10
   AND a12=b63
   AND a30=b25
----
54 values hashing to a129462319b65b42c71777561b26f28f

query TTTTTTTTTTTTTTTTTTTTTTTTTTTTTTTTTTTTTTTTTTTTTTTTTTTTTT valuesort join-54-1
SELECT x45,x52,x21,x6,x57,x54,x11,x5,x34,x4,x59,x16,x44,x47,x24,x56,x40,x46,x18,x19,x41,x25,x38,x17,x20,x64,x9,x2,x37,x22,x55,x53,x60,x30,x3,x10,x43,x1,x8,x62,x63,x27,x29,x26,x49,x12,x51,x48,x13,x42,x14,x36,x61,x33
  FROM t33,t49,t22,t38,t5,t14,t64,t42,t29,t24,t30,t59,t6,t8,t27,t46,t16,t36,t43,t25,t3,t10,t44,t51,t60,t11,t57,t62,t13,t21,t17,t1,t56,t12,t20,t61,t40,t37,t47,t19,t55,t53,t4,t2,t34,t63,t9,t48,t18,t52,t26,t45,t41,t54
 WHERE b30=a49
   AND b25=a30
   AND a6=b46
   AND b38=a2
   AND a1=b16
   AND a64=b43
   AND a13=b42
   AND b60=a33
   AND b48=a19
   AND b57=a42
   AND b29=a10
   AND a43=b47
   AND a14=b11
   AND a59=b27
   AND a46=b40
   AND a18=b41
   AND b19=a55
   AND b54=a44
   AND b8=a63
   AND a51=b17
   AND b51=a27
   AND a22=b3
   AND a45=b4
   AND a60=b45
   AND a38=b36
   AND b63=a12
   AND b1=a5
   AND a17=b9
   AND a26=b53
   AND a24=b10
   AND b14=a3
   AND a16=b13
   AND a6=5
   AND b44=a52
   AND b33=a40
   AND a9=b64
   AND b56=a61
   AND b24=a34
   AND a20=b52
   AND b12=a56
   AND b5=a25
   AND a48=b21
   AND b61=a57
   AND a62=b2
   AND b34=a8
   AND b20=a41
   AND a11=b55
   AND a54=b62
   AND a21=b49
   AND a47=b18
   AND b26=a4
   AND b37=a36
   AND b22=a37
   AND a53=b59
----
54 values hashing to a129462319b65b42c71777561b26f28f

query TTTTTTTTTTTTTTTTTTTTTTTTTTTTTTTTTTTTTTTTTTTTTTTTTTTTTT valuesort join-54-1
SELECT x45,x52,x21,x6,x57,x54,x11,x5,x34,x4,x59,x16,x44,x47,x24,x56,x40,x46,x18,x19,x41,x25,x38,x17,x20,x64,x9,x2,x37,x22,x55,x53,x60,x30,x3,x10,x43,x1,x8,x62,x63,x27,x29,x26,x49,x12,x51,x48,x13,x42,x14,x36,x61,x33
  FROM t42,t55,t9,t34,t45,t2,t19,t13,t46,t29,t43,t25,t54,t18,t30,t61,t27,t62,t56,t44,t6,t37,t51,t40,t16,t63,t64,t4,t59,t1,t21,t53,t17,t8,t22,t48,t60,t14,t57,t3,t11,t47,t20,t36,t10,t41,t49,t52,t33,t5,t38,t12,t26,t24
 WHERE b55=a11
   AND b1=a5
   AND b16=a1
   AND b2=a62
   AND a17=b9
   AND b11=a14
   AND a25=b5
   AND b8=a63
   AND a26=b53
   AND b18=a47
   AND a18=b41
   AND a6=5
   AND a16=b13
   AND b38=a2
   AND b47=a43
   AND a57=b61
   AND a44=b54
   AND b24=a34
   AND a4=b26
   AND b19=a55
   AND b10=a24
   AND b37=a36
   AND a51=b17
   AND b64=a9
   AND a61=b56
   AND b62=a54
   AND b44=a52
   AND b40=a46
   AND a21=b49
   AND b21=a48
   AND a22=b3
   AND a45=b4
   AND b34=a8
   AND a19=b48
   AND b45=a60
   AND a56=b12
   AND a3=b14
   AND b42=a13
   AND b59=a53
   AND b30=a49
   AND b25=a30
   AND a27=b51
   AND a12=b63
   AND b36=a38
   AND b52=a20
   AND a37=b22
   AND a41=b20
   AND a59=b27
   AND b46=a6
   AND a40=b33
   AND a64=b43
   AND b29=a10
   AND a42=b57
   AND a33=b60
----
54 values hashing to a129462319b65b42c71777561b26f28f

query TTTTTTTTTTTTTTTTTTTTTTTTTTTTTTTTTTTTTTTTTTTTTTTTTTTTTT valuesort join-54-2
SELECT x8,x61,x43,x54,x6,x41,x57,x2,x21,x24,x50,x28,x49,x27,x23,x19,x14,x22,x25,x18,x15,x36,x44,x35,x45,x11,x59,x4,x17,x13,x32,x12,x5,x29,x26,x34,x9,x33,x48,x42,x58,x56,x60,x46,x52,x16,x20,x64,x55,x53,x1,x38,x40,x62
  FROM t41,t14,t29,t43,t61,t42,t20,t19,t24,t58,t17,t23,t6,t49,t15,t22,t52,t16,t8,t59,t54,t57,t64,t18,t44,t25,t48,t2,t50,t28,t5,t33,t13,t27,t45,t55,t21,t60,t32,t11,t1,t4,t62,t53,t12,t38,t35,t56,t9,t34,t46,t26,t36,t40
 WHERE b1=a6
   AND a29=b20
   AND a27=b32
   AND b60=a14
   AND b36=a53
   AND b53=a21
   AND b35=a61
   AND b23=a13
   AND b28=a57
   AND a18=b19
   AND a24=b46
   AND a46=b8
   AND b24=a45
   AND a56=b15
   AND b17=a48
   AND a16=b55
   AND a8=b34
   AND b64=a50
   AND b62=a44
   AND b22=a1
   AND a49=b29
   AND b41=a11
   AND b6=a54
   AND a55=b52
   AND b2=a20
   AND b42=a35
   AND b25=a22
   AND a28=b50
   AND a43=b40
   AND a26=b9
   AND b18=a9
   AND b44=a59
   AND b21=a64
   AND b27=a36
   AND a60=b49
   AND a38=b45
   AND b11=a2
   AND a25=b4
   AND b5=a52
   AND a33=b13
   AND b26=a42
   AND b14=a32
   AND b61=a15
   AND b33=a40
   AND b59=a19
   AND b16=a4
   AND a34=b43
   AND a41=b12
   AND a58=3
   AND a58=b57
   AND b56=a17
   AND b48=a5
   AND a12=b54
   AND a62=b38
----
54 values hashing to 50303f5c19f5d5a8eef73ff13d3196d9

query TTTTTTTTTTTTTTTTTTTTTTTTTTTTTTTTTTTTTTTTTTTTTTTTTTTTTT valuesort join-54-2
SELECT x8,x61,x43,x54,x6,x41,x57,x2,x21,x24,x50,x28,x49,x27,x23,x19,x14,x22,x25,x18,x15,x36,x44,x35,x45,x11,x59,x4,x17,x13,x32,x12,x5,x29,x26,x34,x9,x33,x48,x42,x58,x56,x60,x46,x52,x16,x20,x64,x55,x53,x1,x38,x40,x62
  FROM t41,t36,t15,t12,t27,t58,t40,t62,t49,t29,t61,t16,t53,t48,t4,t57,t28,t19,t50,t13,t5,t45,t54,t56,t14,t26,t11,t18,t1,t42,t9,t44,t35,t60,t52,t2,t8,t46,t24,t6,t43,t17,t32,t20,t64,t34,t25,t33,t55,t38,t22,t23,t59,t21
 WHERE b38=a62
   AND a2=b11
   AND a50=b64
   AND b61=a15
   AND a34=b43
   AND a32=b14
   AND a13=b23
   AND b20=a29
   AND b59=a19
   AND a42=b26
   AND b42=a35
   AND a61=b35
   AND a54=b6
   AND b18=a9
   AND b27=a36
   AND a57=b28
   AND a16=b55
   AND b5=a52
   AND b36=a53
   AND b2=a20
   AND b41=a11
   AND b45=a38
   AND b25=a22
   AND a60=b49
   AND a49=b29
   AND a33=b13
   AND b50=a28
   AND a58=b57
   AND a55=b52
   AND b60=a14
   AND b9=a26
   AND b53=a21
   AND b12=a41
   AND a64=b21
   AND b22=a1
   AND b56=a17
   AND b17=a48
   AND a58=3
   AND b46=a24
   AND a44=b62
   AND a46=b8
   AND a4=b16
   AND a59=b44
   AND a18=b19
   AND a40=b33
   AND b54=a12
   AND b32=a27
   AND b4=a25
   AND b48=a5
   AND b40=a43
   AND a6=b1
   AND b34=a8
   AND b15=a56
   AND b24=a45
----
54 values hashing to 50303f5c19f5d5a8eef73ff13d3196d9

query TTTTTTTTTTTTTTTTTTTTTTTTTTTTTTTTTTTTTTTTTTTTTTTTTTTTTT valuesort join-54-2
SELECT x8,x61,x43,x54,x6,x41,x57,x2,x21,x24,x50,x28,x49,x27,x23,x19,x14,x22,x25,x18,x15,x36,x44,x35,x45,x11,x59,x4,x17,x13,x32,x12,x5,x29,x26,x34,x9,x33,x48,x42,x58,x56,x60,x46,x52,x16,x20,x64,x55,x53,x1,x38,x40,x62
  FROM t55,t52,t33,t9,t16,t28,t61,t15,t32,t4,t57,t24,t59,t19,t48,t42,t8,t38,t23,t29,t36,t45,t43,t5,t64,t1,t62,t34,t46,t41,t21,t35,t13,t27,t53,t50,t20,t2,t56,t60,t40,t26,t11,t44,t54,t6,t17,t58,t49,t12,t14,t25,t18,t22
 WHERE a50=b64
   AND b24=a45
   AND a44=b62
   AND a28=b50
   AND b33=a40
   AND a2=b11
   AND a61=b35
   AND b36=a53
   AND b32=a27
   AND a17=b56
   AND b38=a62
   AND b19=a18
   AND b54=a12
   AND a22=b25
   AND a21=b53
   AND b14=a32
   AND b43=a34
   AND b41=a11
   AND a14=b60
   AND a19=b59
   AND b42=a35
   AND a52=b5
   AND b4=a25
   AND a24=b46
   AND a13=b23
   AND a49=b29
   AND b55=a16
   AND b26=a42
   AND a8=b34
   AND b49=a60
   AND b13=a33
   AND b20=a29
   AND a58=3
   AND b21=a64
   AND b45=a38
   AND b17=a48
   AND a56=b15
   AND a6=b1
   AND b18=a9
   AND a5=b48
   AND a57=b28
   AND a59=b44
   AND b16=a4
   AND b8=a46
   AND a15=b61
   AND b2=a20
   AND a43=b40
   AND a54=b6
   AND b12=a41
   AND a26=b9
   AND a55=b52
   AND a58=b57
   AND b27=a36
   AND a1=b22
----
54 values hashing to 50303f5c19f5d5a8eef73ff13d3196d9

query TTTTTTTTTTTTTTTTTTTTTTTTTTTTTTTTTTTTTTTTTTTTTTTTTTTTTT valuesort join-54-3
SELECT x44,x49,x16,x1,x4,x15,x53,x26,x63,x33,x59,x57,x48,x23,x55,x64,x45,x27,x13,x47,x29,x35,x14,x19,x31,x6,x32,x60,x11,x22,x12,x36,x58,x30,x5,x51,x61,x38,x42,x43,x54,x20,x3,x46,x18,x2,x34,x39,x21,x56,x50,x7,x52,x37
  FROM t42,t6,t46,t20,t26,t16,t29,t37,t1,t3,t13,t45,t63,t7,t48,t59,t5,t2,t58,t4,t31,t53,t33,t61,t36,t32,t47,t19,t54,t34,t56,t22,t44,t21,t57,t18,t14,t50,t35,t23,t49,t12,t51,t64,t38,t30,t60,t15,t39,t27,t43,t55,t52,t11
 WHERE a50=b21
   AND b38=a6
   AND a7=b42
   AND b7=a58
   AND a38=b54
   AND b26=a54
   AND b49=a42
   AND a29=b37
   AND b36=a64
   AND a22=b64
   AND a60=b5
   AND b13=a18
   AND a59=b22
   AND a39=b29
   AND a33=b15
   AND a30=b2
   AND b3=a19
   AND a57=b19
   AND b32=a15
   AND a46=b39
   AND a32=b34
   AND b58=a2
   AND a21=b61
   AND a48=7
   AND a23=b47
   AND b30=a31
   AND b43=a44
   AND a35=b18
   AND a45=b57
   AND b51=a53
   AND b1=a63
   AND b44=a3
   AND a27=b55
   AND a51=b59
   AND a43=b14
   AND a49=b45
   AND a11=b56
   AND a13=b27
   AND b23=a4
   AND b6=a55
   AND b63=a14
   AND a37=b33
   AND b31=a5
   AND b20=a1
   AND b16=a52
   AND b60=a61
   AND a20=b11
   AND a34=b52
   AND b12=a16
   AND b35=a56
   AND b4=a48
   AND b46=a26
   AND a47=b53
   AND b50=a36
----
54 values hashing to b2b3694dd263b17bfc637af8a0ddbc56

query TTTTTTTTTTTTTTTTTTTTTTTTTTTTTTTTTTTTTTTTTTTTTTTTTTTTTT valuesort join-54-3
SELECT x44,x49,x16,x1,x4,x15,x53,x26,x63,x33,x59,x57,x48,x23,x55,x64,x45,x27,x13,x47,x29,x35,x14,x19,x31,x6,x32,x60,x11,x22,x12,x36,x58,x30,x5,x51,x61,x38,x42,x43,x54,x20,x3,x46,x18,x2,x34,x39,x21,x56,x50,x7,x52,x37
  FROM t36,t34,t64,t38,t63,t3,t13,t16,t23,t27,t30,t44,t61,t2,t22,t31,t26,t35,t57,t6,t43,t18,t53,t52,t32,t1,t55,t59,t49,t39,t33,t47,t56,t46,t54,t51,t50,t5,t45,t7,t11,t20,t19,t48,t12,t29,t60,t58,t21,t42,t37,t4,t15,t14
 WHERE b63=a14
   AND a51=b59
   AND b11=a20
   AND b1=a63
   AND b31=a5
   AND b38=a6
   AND a45=b57
   AND b20=a1
   AND a56=b35
   AND a22=b64
   AND a48=7
   AND a59=b22
   AND a13=b27
   AND a33=b15
   AND a37=b33
   AND a30=b2
   AND a49=b45
   AND b5=a60
   AND b43=a44
   AND a57=b19
   AND b16=a52
   AND a11=b56
   AND a58=b7
   AND b53=a47
   AND a39=b29
   AND a7=b42
   AND b6=a55
   AND a43=b14
   AND b21=a50
   AND a21=b61
   AND a61=b60
   AND b13=a18
   AND b36=a64
   AND a53=b51
   AND a15=b32
   AND a42=b49
   AND b58=a2
   AND a16=b12
   AND a23=b47
   AND b23=a4
   AND b37=a29
   AND b26=a54
   AND a35=b18
   AND a26=b46
   AND a48=b4
   AND a32=b34
   AND b39=a46
   AND a36=b50
   AND a38=b54
   AND a19=b3
   AND a31=b30
   AND a34=b52
   AND a3=b44
   AND a27=b55
----
54 values hashing to b2b3694dd263b17bfc637af8a0ddbc56

query TTTTTTTTTTTTTTTTTTTTTTTTTTTTTTTTTTTTTTTTTTTTTTTTTTTTTT valuesort join-54-3
SELECT x44,x49,x16,x1,x4,x15,x53,x26,x63,x33,x59,x57,x48,x23,x55,x64,x45,x27,x13,x47,x29,x35,x14,x19,x31,x6,x32,x60,x11,x22,x12,x36,x58,x30,x5,x51,x61,x38,x42,x43,x54,x20,x3,x46,x18,x2,x34,x39,x21,x56,x50,x7,x52,x37
  FROM t6,t35,t55,t4,t3,t45,t18,t13,t58,t38,t37,t31,t29,t30,t56,t14,t23,t46,t48,t12,t63,t52,t47,t49,t61,t7,t59,t15,t22,t1,t20,t19,t33,t16,t36,t60,t51,t43,t54,t64,t5,t2,t42,t11,t57,t34,t26,t53,t39,t44,t27,t21,t32,t50
 WHERE b42=a7
   AND b5=a60
   AND a48=b4
   AND b30=a31
   AND b6=a55
   AND a46=b39
   AND a4=b23
   AND b60=a61
   AND a35=b18
   AND b50=a36
   AND a6=b38
   AND a2=b58
   AND b3=a19
   AND a53=b51
   AND a52=b16
   AND a44=b43
   AND b32=a15
   AND a37=b33
   AND a58=b7
   AND b20=a1
   AND b2=a30
   AND b44=a3
   AND b21=a50
   AND a39=b29
   AND b61=a21
   AND a26=b46
   AND b49=a42
   AND a27=b55
   AND b52=a34
   AND a14=b63
   AND a56=b35
   AND b15=a33
   AND a16=b12
   AND a54=b26
   AND b59=a51
   AND b13=a18
   AND a32=b34
   AND b22=a59
   AND a57=b19
   AND a43=b14
   AND a38=b54
   AND b56=a11
   AND a20=b11
   AND a47=b53
   AND b45=a49
   AND a48=7
   AND b31=a5
   AND b37=a29
   AND b64=a22
   AND b1=a63
   AND a13=b27
   AND b47=a23
   AND a45=b57
   AND b36=a64
----
54 values hashing to b2b3694dd263b17bfc637af8a0ddbc56

query TTTTTTTTTTTTTTTTTTTTTTTTTTTTTTTTTTTTTTTTTTTTTTTTTTTTTT valuesort join-54-4
SELECT x1,x6,x7,x5,x22,x45,x46,x62,x60,x36,x48,x38,x14,x21,x12,x43,x51,x33,x28,x58,x25,x19,x61,x9,x37,x40,x27,x56,x47,x41,x59,x10,x18,x8,x13,x49,x17,x32,x31,x11,x4,x44,x26,x42,x2,x39,x55,x35,x64,x3,x15,x30,x20,x63
  FROM t1,t7,t14,t62,t40,t46,t56,t64,t38,t42,t21,t37,t44,t15,t35,t27,t61,t26,t45,t58,t25,t20,t6,t49,t9,t8,t39,t10,t12,t2,t41,t33,t31,t17,t28,t43,t3,t36,t18,t51,t59,t5,t19,t60,t55,t48,t13,t4,t47,t30,t32,t63,t22,t11
 WHERE b5=a2
   AND a64=b39
   AND b31=a56
   AND a9=b37
   AND a5=b40
   AND b59=a39
   AND a2=6
   AND b33=a20
   AND b17=a35
   AND a15=b30
   AND b63=a32
   AND a25=b14
   AND b49=a18
   AND a47=b35
   AND b21=a51
   AND b19=a44
   AND a61=b38
   AND a49=b51
   AND b28=a38
   AND b61=a45
   AND a21=b45
   AND b62=a10
   AND b7=a8
   AND b60=a55
   AND a41=b4
   AND b48=a58
   AND b6=a4
   AND b10=a19
   AND b12=a3
   AND a26=b1
   AND a13=b58
   AND b64=a31
   AND a43=b46
   AND a28=b42
   AND b9=a11
   AND b36=a6
   AND a62=b11
   AND a14=b15
   AND a48=b47
   AND a36=b27
   AND b43=a7
   AND a59=b13
   AND b25=a33
   AND b8=a12
   AND a22=b41
   AND b55=a63
   AND a40=b44
   AND a60=b56
   AND a17=b20
   AND a46=b18
   AND a30=b22
   AND a27=b3
   AND a37=b26
   AND a1=b32
----
54 values hashing to 0a0ef4935a6115f6d96e8b83f474056d

query TTTTTTTTTTTTTTTTTTTTTTTTTTTTTTTTTTTTTTTTTTTTTTTTTTTTTT valuesort join-54-4
SELECT x1,x6,x7,x5,x22,x45,x46,x62,x60,x36,x48,x38,x14,x21,x12,x43,x51,x33,x28,x58,x25,x19,x61,x9,x37,x40,x27,x56,x47,x41,x59,x10,x18,x8,x13,x49,x17,x32,x31,x11,x4,x44,x26,x42,x2,x39,x55,x35,x64,x3,x15,x30,x20,x63
  FROM t14,t40,t33,t51,t49,t46,t4,t27,t30,t55,t45,t9,t5,t7,t48,t37,t12,t8,t64,t43,t39,t42,t35,t11,t32,t18,t56,t22,t15,t1,t59,t28,t47,t25,t26,t6,t3,t61,t44,t19,t31,t63,t62,t38,t36,t20,t41,t2,t10,t58,t21,t17,t13,t60
 WHERE a25=b14
   AND a19=b10
   AND a2=b5
   AND b4=a41
   AND b41=a22
   AND b37=a9
   AND b51=a49
   AND a56=b31
   AND b15=a14
   AND b21=a51
   AND b18=a46
   AND b59=a39
   AND b7=a8
   AND b13=a59
   AND b12=a3
   AND b27=a36
   AND b60=a55
   AND b25=a33
   AND a61=b38
   AND b62=a10
   AND b32=a1
   AND b39=a64
   AND b26=a37
   AND b43=a7
   AND b8=a12
   AND b1=a26
   AND b42=a28
   AND b19=a44
   AND a62=b11
   AND a48=b47
   AND a30=b22
   AND a13=b58
   AND a27=b3
   AND a63=b55
   AND b44=a40
   AND b40=a5
   AND b20=a17
   AND b56=a60
   AND a4=b6
   AND a6=b36
   AND b64=a31
   AND a21=b45
   AND b61=a45
   AND b49=a18
   AND a2=6
   AND b35=a47
   AND a38=b28
   AND b46=a43
   AND b17=a35
   AND a32=b63
   AND b30=a15
   AND b48=a58
   AND b33=a20
   AND a11=b9
----
54 values hashing to 0a0ef4935a6115f6d96e8b83f474056d

query TTTTTTTTTTTTTTTTTTTTTTTTTTTTTTTTTTTTTTTTTTTTTTTTTTTTTT valuesort join-54-4
SELECT x1,x6,x7,x5,x22,x45,x46,x62,x60,x36,x48,x38,x14,x21,x12,x43,x51,x33,x28,x58,x25,x19,x61,x9,x37,x40,x27,x56,x47,x41,x59,x10,x18,x8,x13,x49,x17,x32,x31,x11,x4,x44,x26,x42,x2,x39,x55,x35,x64,x3,x15,x30,x20,x63
  FROM t20,t49,t27,t61,t40,t56,t21,t42,t6,t4,t48,t58,t43,t22,t63,t51,t19,t10,t59,t45,t12,t62,t26,t15,t9,t5,t39,t32,t3,t17,t8,t1,t31,t30,t7,t47,t2,t46,t36,t18,t41,t44,t38,t11,t14,t60,t37,t28,t33,t25,t35,t55,t13,t64
 WHERE b32=a1
   AND a61=b38
   AND a64=b39
   AND a7=b43
   AND b35=a47
   AND b44=a40
   AND a27=b3
   AND a13=b58
   AND a20=b33
   AND a59=b13
   AND a18=b49
   AND a36=b27
   AND b55=a63
   AND b37=a9
   AND a48=b47
   AND a5=b40
   AND a44=b19
   AND b41=a22
   AND a37=b26
   AND a21=b45
   AND a45=b61
   AND a15=b30
   AND b63=a32
   AND a55=b60
   AND b15=a14
   AND a31=b64
   AND b25=a33
   AND a39=b59
   AND a26=b1
   AND b20=a17
   AND b8=a12
   AND b14=a25
   AND b56=a60
   AND a51=b21
   AND b4=a41
   AND b51=a49
   AND b10=a19
   AND b6=a4
   AND a30=b22
   AND a10=b62
   AND a35=b17
   AND a11=b9
   AND b7=a8
   AND a56=b31
   AND b18=a46
   AND a2=6
   AND a2=b5
   AND a38=b28
   AND b48=a58
   AND b46=a43
   AND b11=a62
   AND a3=b12
   AND b36=a6
   AND a28=b42
----
54 values hashing to 0a0ef4935a6115f6d96e8b83f474056d

query TTTTTTTTTTTTTTTTTTTTTTTTTTTTTTTTTTTTTTTTTTTTTTTTTTTTTTT valuesort join-55-1
SELECT x24,x51,x48,x26,x53,x38,x4,x37,x43,x36,x60,x40,x20,x35,x11,x17,x52,x7,x10,x27,x56,x55,x61,x32,x42,x62,x47,x16,x14,x22,x6,x29,x58,x34,x63,x23,x46,x30,x31,x59,x15,x39,x45,x8,x21,x13,x41,x50,x28,x49,x1,x2,x9,x57,x3
  FROM t53,t52,t17,t31,t9,t45,t10,t56,t27,t38,t29,t16,t20,t28,t59,t51,t46,t1,t43,t15,t4,t49,t35,t42,t30,t63,t14,t23,t50,t55,t24,t47,t48,t13,t37,t58,t40,t21,t3,t41,t57,t61,t6,t11,t60,t8,t7,t22,t26,t2,t36,t34,t62,t39,t32
 WHERE b14=a51
   AND a8=b53
   AND a58=b17
   AND b11=a57
   AND a47=6
   AND a29=b35
   AND a16=b15
   AND a13=b59
   AND b39=a23
   AND b45=a15
   AND a7=b9
   AND a55=b62
   AND b51=a31
   AND a34=b23
   AND b13=a27
   AND b48=a53
   AND b46=a61
   AND a6=b34
   AND b27=a21
   AND a4=b31
   AND b10=a59
   AND a22=b37
   AND a3=b6
   AND b57=a52
   AND b2=a30
   AND b29=a1
   AND b61=a9
   AND b3=a63
   AND b28=a17
   AND a2=b4
   AND b24=a38
   AND b38=a14
   AND b26=a24
   AND a39=b1
   AND b21=a46
   AND b52=a40
   AND a41=b50
   AND b16=a10
   AND b49=a60
   AND a48=b60
   AND a36=b20
   AND b43=a11
   AND b63=a37
   AND a20=b32
   AND b55=a26
   AND b36=a35
   AND a49=b41
   AND a45=b56
   AND a50=b40
   AND b58=a62
   AND a47=b42
   AND b22=a43
   AND b8=a56
   AND b7=a28
   AND b30=a42
----
55 values hashing to f91f71a17d440f6c5e59254b329213a2

query TTTTTTTTTTTTTTTTTTTTTTTTTTTTTTTTTTTTTTTTTTTTTTTTTTTTTTT valuesort join-55-1
SELECT x24,x51,x48,x26,x53,x38,x4,x37,x43,x36,x60,x40,x20,x35,x11,x17,x52,x7,x10,x27,x56,x55,x61,x32,x42,x62,x47,x16,x14,x22,x6,x29,x58,x34,x63,x23,x46,x30,x31,x59,x15,x39,x45,x8,x21,x13,x41,x50,x28,x49,x1,x2,x9,x57,x3
  FROM t27,t52,t53,t46,t38,t41,t45,t11,t8,t55,t30,t22,t37,t58,t47,t21,t60,t59,t9,t48,t39,t34,t14,t57,t2,t28,t15,t7,t17,t43,t20,t40,t49,t3,t29,t6,t24,t63,t1,t23,t36,t32,t16,t42,t35,t4,t51,t26,t10,t31,t13,t50,t62,t61,t56
 WHERE b6=a3
   AND b9=a7
   AND a35=b36
   AND b20=a36
   AND b61=a9
   AND b60=a48
   AND a29=b35
   AND a57=b11
   AND a17=b28
   AND b32=a20
   AND a53=b48
   AND b16=a10
   AND b43=a11
   AND a58=b17
   AND b42=a47
   AND b56=a45
   AND b2=a30
   AND b46=a61
   AND a41=b50
   AND b27=a21
   AND b59=a13
   AND b40=a50
   AND a28=b7
   AND a47=6
   AND a14=b38
   AND a31=b51
   AND a23=b39
   AND b8=a56
   AND a34=b23
   AND a26=b55
   AND b62=a55
   AND b13=a27
   AND a43=b22
   AND b3=a63
   AND a6=b34
   AND b15=a16
   AND a8=b53
   AND a60=b49
   AND a1=b29
   AND a37=b63
   AND a4=b31
   AND a42=b30
   AND b57=a52
   AND b14=a51
   AND b21=a46
   AND b24=a38
   AND a59=b10
   AND a22=b37
   AND b45=a15
   AND b52=a40
   AND a24=b26
   AND a62=b58
   AND a49=b41
   AND b1=a39
   AND b4=a2
----
55 values hashing to f91f71a17d440f6c5e59254b329213a2

query TTTTTTTTTTTTTTTTTTTTTTTTTTTTTTTTTTTTTTTTTTTTTTTTTTTTTTT valuesort join-55-1
SELECT x24,x51,x48,x26,x53,x38,x4,x37,x43,x36,x60,x40,x20,x35,x11,x17,x52,x7,x10,x27,x56,x55,x61,x32,x42,x62,x47,x16,x14,x22,x6,x29,x58,x34,x63,x23,x46,x30,x31,x59,x15,x39,x45,x8,x21,x13,x41,x50,x28,x49,x1,x2,x9,x57,x3
  FROM t1,t61,t47,t30,t11,t36,t40,t21,t42,t10,t46,t51,t16,t20,t59,t50,t58,t55,t52,t37,t41,t22,t7,t23,t15,t4,t8,t57,t48,t2,t63,t28,t35,t24,t34,t56,t29,t60,t43,t27,t3,t6,t13,t14,t9,t32,t31,t45,t38,t62,t49,t17,t26,t53,t39
 WHERE b58=a62
   AND b43=a11
   AND b40=a50
   AND a14=b38
   AND b39=a23
   AND b2=a30
   AND b23=a34
   AND b28=a17
   AND a56=b8
   AND b3=a63
   AND a42=b30
   AND b61=a9
   AND a27=b13
   AND a47=b42
   AND b62=a55
   AND a7=b9
   AND b63=a37
   AND a47=6
   AND b49=a60
   AND a22=b37
   AND a10=b16
   AND b45=a15
   AND b10=a59
   AND a2=b4
   AND a24=b26
   AND b48=a53
   AND a31=b51
   AND a43=b22
   AND b41=a49
   AND a20=b32
   AND b53=a8
   AND a26=b55
   AND b56=a45
   AND a58=b17
   AND a57=b11
   AND a6=b34
   AND a36=b20
   AND b59=a13
   AND b60=a48
   AND b27=a21
   AND b46=a61
   AND b14=a51
   AND a46=b21
   AND b6=a3
   AND a52=b57
   AND a28=b7
   AND a38=b24
   AND b35=a29
   AND b31=a4
   AND a1=b29
   AND a39=b1
   AND b36=a35
   AND b52=a40
   AND a41=b50
   AND b15=a16
----
55 values hashing to f91f71a17d440f6c5e59254b329213a2

query TTTTTTTTTTTTTTTTTTTTTTTTTTTTTTTTTTTTTTTTTTTTTTTTTTTTTTT valuesort join-55-2
SELECT x25,x14,x55,x11,x27,x59,x50,x45,x5,x7,x56,x22,x48,x41,x16,x1,x64,x19,x63,x43,x35,x33,x18,x8,x36,x15,x38,x4,x26,x49,x61,x9,x40,x20,x37,x10,x54,x13,x12,x6,x29,x30,x58,x32,x23,x17,x62,x46,x53,x52,x57,x42,x2,x60,x51
  FROM t57,t53,t58,t5,t7,t27,t4,t32,t41,t52,t19,t29,t54,t26,t14,t61,t1,t51,t33,t15,t18,t2,t22,t12,t38,t30,t40,t9,t10,t56,t48,t46,t64,t50,t49,t20,t37,t36,t43,t59,t62,t13,t11,t25,t6,t63,t16,t60,t45,t23,t42,t55,t8,t17,t35
 WHERE b29=a53
   AND a14=b64
   AND b25=a22
   AND a11=b37
   AND b55=a40
   AND a4=b46
   AND b42=a17
   AND a33=b38
   AND a38=b9
   AND b32=a57
   AND b43=a50
   AND b23=a56
   AND b12=a51
   AND a13=b60
   AND b22=a35
   AND b63=a64
   AND a6=b59
   AND b17=a5
   AND b54=a29
   AND a55=b50
   AND b20=a16
   AND b1=a41
   AND a32=b7
   AND b53=a52
   AND a11=3
   AND a10=b18
   AND b19=a1
   AND b35=a63
   AND a43=b5
   AND a19=b2
   AND b62=a36
   AND a59=b40
   AND b51=a37
   AND b10=a2
   AND a30=b58
   AND a58=b33
   AND b15=a18
   AND b36=a15
   AND a23=b26
   AND a60=b30
   AND b41=a48
   AND b48=a45
   AND b61=a12
   AND a62=b14
   AND b49=a20
   AND b57=a46
   AND b45=a27
   AND b13=a61
   AND a25=b8
   AND a7=b16
   AND b56=a8
   AND b27=a49
   AND a26=b52
   AND a54=b6
   AND b4=a9
----
55 values hashing to e402087348d7da9034e740397a2bd1e5

query TTTTTTTTTTTTTTTTTTTTTTTTTTTTTTTTTTTTTTTTTTTTTTTTTTTTTTT valuesort join-55-2
SELECT x25,x14,x55,x11,x27,x59,x50,x45,x5,x7,x56,x22,x48,x41,x16,x1,x64,x19,x63,x43,x35,x33,x18,x8,x36,x15,x38,x4,x26,x49,x61,x9,x40,x20,x37,x10,x54,x13,x12,x6,x29,x30,x58,x32,x23,x17,x62,x46,x53,x52,x57,x42,x2,x60,x51
  FROM t41,t45,t61,t48,t13,t5,t22,t38,t60,t32,t36,t54,t62,t37,t23,t19,t26,t11,t59,t18,t2,t58,t25,t7,t27,t50,t14,t8,t51,t52,t29,t9,t33,t55,t20,t17,t12,t49,t35,t56,t30,t40,t57,t15,t63,t4,t43,t16,t64,t1,t42,t53,t46,t10,t6
 WHERE a49=b27
   AND b61=a12
   AND b45=a27
   AND a30=b58
   AND b40=a59
   AND b4=a9
   AND a40=b55
   AND b37=a11
   AND a6=b59
   AND b42=a17
   AND a16=b20
   AND a45=b48
   AND b33=a58
   AND b22=a35
   AND a10=b18
   AND a20=b49
   AND a54=b6
   AND b51=a37
   AND b57=a46
   AND b8=a25
   AND a4=b46
   AND b36=a15
   AND a8=b56
   AND a2=b10
   AND a64=b63
   AND a57=b32
   AND a62=b14
   AND a41=b1
   AND a23=b26
   AND a52=b53
   AND a14=b64
   AND a50=b43
   AND a38=b9
   AND b12=a51
   AND a5=b17
   AND a55=b50
   AND a11=3
   AND b52=a26
   AND a53=b29
   AND a63=b35
   AND b60=a13
   AND a48=b41
   AND b19=a1
   AND a56=b23
   AND a18=b15
   AND a22=b25
   AND a32=b7
   AND a60=b30
   AND b2=a19
   AND b38=a33
   AND b5=a43
   AND a29=b54
   AND a7=b16
   AND a61=b13
   AND b62=a36
----
55 values hashing to e402087348d7da9034e740397a2bd1e5

query TTTTTTTTTTTTTTTTTTTTTTTTTTTTTTTTTTTTTTTTTTTTTTTTTTTTTTT valuesort join-55-2
SELECT x25,x14,x55,x11,x27,x59,x50,x45,x5,x7,x56,x22,x48,x41,x16,x1,x64,x19,x63,x43,x35,x33,x18,x8,x36,x15,x38,x4,x26,x49,x61,x9,x40,x20,x37,x10,x54,x13,x12,x6,x29,x30,x58,x32,x23,x17,x62,x46,x53,x52,x57,x42,x2,x60,x51
  FROM t8,t50,t20,t15,t55,t54,t60,t26,t37,t53,t45,t19,t23,t32,t1,t4,t42,t64,t58,t40,t30,t7,t56,t2,t22,t13,t5,t12,t29,t51,t38,t48,t18,t27,t11,t6,t16,t14,t46,t17,t63,t43,t62,t9,t33,t35,t59,t57,t25,t49,t41,t10,t36,t61,t52
 WHERE b26=a23
   AND b13=a61
   AND a2=b10
   AND b46=a4
   AND b42=a17
   AND a19=b2
   AND a38=b9
   AND b56=a8
   AND a13=b60
   AND b57=a46
   AND b58=a30
   AND b41=a48
   AND b29=a53
   AND a36=b62
   AND b54=a29
   AND b5=a43
   AND a9=b4
   AND a59=b40
   AND a14=b64
   AND a27=b45
   AND a33=b38
   AND b8=a25
   AND a40=b55
   AND a63=b35
   AND a16=b20
   AND a60=b30
   AND a22=b25
   AND b23=a56
   AND b7=a32
   AND a18=b15
   AND a11=b37
   AND a6=b59
   AND a15=b36
   AND b18=a10
   AND b51=a37
   AND b32=a57
   AND b61=a12
   AND a11=3
   AND a35=b22
   AND b53=a52
   AND b6=a54
   AND a58=b33
   AND a1=b19
   AND b17=a5
   AND a62=b14
   AND a49=b27
   AND b49=a20
   AND b52=a26
   AND b63=a64
   AND a7=b16
   AND a55=b50
   AND b12=a51
   AND b1=a41
   AND b43=a50
   AND b48=a45
----
55 values hashing to e402087348d7da9034e740397a2bd1e5

query TTTTTTTTTTTTTTTTTTTTTTTTTTTTTTTTTTTTTTTTTTTTTTTTTTTTTTT valuesort join-55-3
SELECT x31,x14,x3,x11,x41,x50,x2,x55,x33,x64,x46,x56,x17,x45,x61,x21,x4,x23,x36,x38,x13,x57,x43,x51,x63,x5,x25,x26,x53,x9,x58,x37,x10,x54,x28,x8,x30,x19,x29,x27,x52,x6,x35,x22,x62,x34,x15,x12,x44,x47,x20,x24,x42,x1,x60
  FROM t15,t3,t24,t28,t36,t10,t23,t13,t14,t43,t11,t52,t21,t25,t35,t56,t46,t54,t29,t30,t27,t51,t4,t19,t34,t47,t58,t1,t63,t26,t5,t17,t41,t64,t62,t44,t37,t8,t61,t31,t2,t53,t12,t60,t33,t22,t42,t55,t20,t6,t57,t45,t38,t50,t9
 WHERE a34=b51
   AND a22=b9
   AND a37=b2
   AND a13=b47
   AND a31=b25
   AND a4=b41
   AND b30=a45
   AND a38=b15
   AND b19=a47
   AND b17=a19
   AND b27=a36
   AND b24=a11
   AND a8=b62
   AND a27=b45
   AND a6=b22
   AND a43=b20
   AND b50=a17
   AND b42=a60
   AND b46=a26
   AND a10=b57
   AND a52=b34
   AND a54=b3
   AND a25=b21
   AND a29=b60
   AND a1=b52
   AND a14=b63
   AND b29=a50
   AND a23=b37
   AND a51=b23
   AND b6=a63
   AND a3=b8
   AND a15=b53
   AND a33=b4
   AND b36=a41
   AND b12=a28
   AND a20=b14
   AND a21=b38
   AND a5=b10
   AND a53=b55
   AND b11=a55
   AND a64=b1
   AND b58=a9
   AND a24=b5
   AND a56=b43
   AND a2=b56
   AND a44=3
   AND b64=a62
   AND a61=b33
   AND b31=a58
   AND a30=b28
   AND b54=a42
   AND a44=b35
   AND a35=b61
   AND a57=b26
   AND a12=b13
----
55 values hashing to bc83b03f2ee6f4df77676002a5f59409

query TTTTTTTTTTTTTTTTTTTTTTTTTTTTTTTTTTTTTTTTTTTTTTTTTTTTTTT valuesort join-55-3
SELECT x31,x14,x3,x11,x41,x50,x2,x55,x33,x64,x46,x56,x17,x45,x61,x21,x4,x23,x36,x38,x13,x57,x43,x51,x63,x5,x25,x26,x53,x9,x58,x37,x10,x54,x28,x8,x30,x19,x29,x27,x52,x6,x35,x22,x62,x34,x15,x12,x44,x47,x20,x24,x42,x1,x60
  FROM t37,t30,t61,t31,t42,t62,t33,t6,t1,t55,t24,t41,t23,t35,t60,t22,t9,t13,t20,t27,t34,t10,t53,t15,t36,t63,t56,t28,t2,t25,t5,t14,t52,t44,t21,t46,t38,t64,t47,t8,t11,t43,t17,t29,t12,t26,t57,t19,t45,t50,t51,t54,t3,t4,t58
 WHERE b62=a8
   AND a34=b51
   AND b19=a47
   AND a62=b64
   AND b37=a23
   AND b3=a54
   AND a61=b33
   AND a19=b17
   AND a4=b41
   AND b36=a41
   AND b24=a11
   AND b31=a58
   AND a12=b13
   AND a44=3
   AND a27=b45
   AND b29=a50
   AND a29=b60
   AND b10=a5
   AND b4=a33
   AND a31=b25
   AND b8=a3
   AND a52=b34
   AND a57=b26
   AND a13=b47
   AND b12=a28
   AND a24=b5
   AND b9=a22
   AND b43=a56
   AND a1=b52
   AND a9=b58
   AND a6=b22
   AND a37=b2
   AND b20=a43
   AND a51=b23
   AND a15=b53
   AND a21=b38
   AND b11=a55
   AND b42=a60
   AND b50=a17
   AND b55=a53
   AND b6=a63
   AND b61=a35
   AND b27=a36
   AND b63=a14
   AND b54=a42
   AND b56=a2
   AND b14=a20
   AND a45=b30
   AND b28=a30
   AND a25=b21
   AND b15=a38
   AND b35=a44
   AND a64=b1
   AND b57=a10
   AND a26=b46
----
55 values hashing to bc83b03f2ee6f4df77676002a5f59409

query TTTTTTTTTTTTTTTTTTTTTTTTTTTTTTTTTTTTTTTTTTTTTTTTTTTTTTT valuesort join-55-3
SELECT x31,x14,x3,x11,x41,x50,x2,x55,x33,x64,x46,x56,x17,x45,x61,x21,x4,x23,x36,x38,x13,x57,x43,x51,x63,x5,x25,x26,x53,x9,x58,x37,x10,x54,x28,x8,x30,x19,x29,x27,x52,x6,x35,x22,x62,x34,x15,x12,x44,x47,x20,x24,x42,x1,x60
  FROM t31,t11,t1,t55,t14,t45,t50,t58,t13,t27,t41,t33,t43,t44,t61,t53,t24,t26,t5,t57,t19,t64,t15,t46,t63,t34,t62,t2,t60,t29,t9,t4,t17,t35,t28,t6,t38,t3,t23,t20,t37,t51,t10,t8,t12,t36,t21,t25,t52,t56,t47,t42,t54,t22,t30
 WHERE a60=b42
   AND a35=b61
   AND b20=a43
   AND b24=a11
   AND a58=b31
   AND b51=a34
   AND b3=a54
   AND b5=a24
   AND b17=a19
   AND b29=a50
   AND a12=b13
   AND b54=a42
   AND a2=b56
   AND a51=b23
   AND a31=b25
   AND b27=a36
   AND a4=b41
   AND b11=a55
   AND a17=b50
   AND a47=b19
   AND a56=b43
   AND b53=a15
   AND a8=b62
   AND a9=b58
   AND a14=b63
   AND b37=a23
   AND a30=b28
   AND b6=a63
   AND b57=a10
   AND a25=b21
   AND b9=a22
   AND b26=a57
   AND b12=a28
   AND b4=a33
   AND b1=a64
   AND a45=b30
   AND b55=a53
   AND b33=a61
   AND b14=a20
   AND a44=3
   AND b38=a21
   AND b10=a5
   AND a6=b22
   AND b2=a37
   AND b35=a44
   AND a52=b34
   AND a41=b36
   AND b52=a1
   AND a3=b8
   AND a13=b47
   AND a62=b64
   AND a26=b46
   AND b15=a38
   AND a27=b45
   AND a29=b60
----
55 values hashing to bc83b03f2ee6f4df77676002a5f59409

query TTTTTTTTTTTTTTTTTTTTTTTTTTTTTTTTTTTTTTTTTTTTTTTTTTTTTTT valuesort join-55-4
SELECT x64,x61,x21,x29,x15,x13,x25,x51,x44,x6,x35,x52,x49,x12,x36,x2,x8,x1,x17,x19,x55,x26,x48,x18,x14,x3,x10,x43,x9,x39,x63,x16,x30,x58,x57,x53,x20,x32,x4,x33,x60,x41,x34,x45,x38,x27,x31,x28,x56,x24,x46,x5,x42,x37,x40
  FROM t4,t33,t30,t38,t12,t19,t41,t61,t1,t21,t34,t28,t46,t58,t8,t24,t55,t44,t45,t2,t10,t56,t32,t9,t15,t20,t25,t31,t40,t29,t52,t43,t48,t36,t63,t64,t57,t3,t53,t18,t5,t14,t17,t26,t42,t37,t60,t16,t13,t51,t49,t6,t39,t35,t27
 WHERE b52=a43
   AND b53=a60
   AND b38=a13
   AND a16=b1
   AND b44=a15
   AND a1=b60
   AND b36=a63
   AND a44=b13
   AND a9=b55
   AND a40=b17
   AND b14=a55
   AND a14=b24
   AND a51=b31
   AND b20=a37
   AND b35=a8
   AND b33=a38
   AND b57=a31
   AND a37=2
   AND a12=b28
   AND a27=b16
   AND b6=a34
   AND a33=b41
   AND b4=a24
   AND a30=b40
   AND b43=a29
   AND a18=b49
   AND b39=a57
   AND b27=a2
   AND a28=b48
   AND b3=a45
   AND a53=b46
   AND b5=a25
   AND b30=a39
   AND b42=a20
   AND b63=a41
   AND a56=b2
   AND a46=b19
   AND a36=b9
   AND b25=a61
   AND b58=a17
   AND b10=a35
   AND a52=b26
   AND a58=b12
   AND a49=b56
   AND b18=a5
   AND a19=b64
   AND b51=a64
   AND b29=a4
   AND b32=a21
   AND b34=a48
   AND b21=a26
   AND b15=a3
   AND a32=b8
   AND a10=b61
   AND a42=b45
----
55 values hashing to da80cb2b8ffd82be6e6d938baf9bec27

query TTTTTTTTTTTTTTTTTTTTTTTTTTTTTTTTTTTTTTTTTTTTTTTTTTTTTTT valuesort join-55-4
SELECT x64,x61,x21,x29,x15,x13,x25,x51,x44,x6,x35,x52,x49,x12,x36,x2,x8,x1,x17,x19,x55,x26,x48,x18,x14,x3,x10,x43,x9,x39,x63,x16,x30,x58,x57,x53,x20,x32,x4,x33,x60,x41,x34,x45,x38,x27,x31,x28,x56,x24,x46,x5,x42,x37,x40
  FROM t45,t12,t36,t42,t60,t2,t57,t27,t39,t40,t15,t24,t19,t16,t4,t53,t52,t56,t3,t51,t1,t25,t26,t9,t55,t33,t6,t32,t28,t49,t48,t46,t17,t44,t61,t43,t20,t30,t13,t29,t41,t10,t18,t37,t31,t63,t35,t8,t38,t5,t58,t14,t21,t64,t34
 WHERE a48=b34
   AND a9=b55
   AND a46=b19
   AND a63=b36
   AND a51=b31
   AND b58=a17
   AND a29=b43
   AND b10=a35
   AND b42=a20
   AND b41=a33
   AND b13=a44
   AND b46=a53
   AND b15=a3
   AND b35=a8
   AND a58=b12
   AND b14=a55
   AND b2=a56
   AND b3=a45
   AND a14=b24
   AND a57=b39
   AND b33=a38
   AND b56=a49
   AND a52=b26
   AND a60=b53
   AND b18=a5
   AND a34=b6
   AND a28=b48
   AND b21=a26
   AND a10=b61
   AND b57=a31
   AND b60=a1
   AND a42=b45
   AND b40=a30
   AND b28=a12
   AND b44=a15
   AND b16=a27
   AND a2=b27
   AND b38=a13
   AND b51=a64
   AND b64=a19
   AND b20=a37
   AND a36=b9
   AND a43=b52
   AND b25=a61
   AND b63=a41
   AND b30=a39
   AND a40=b17
   AND a25=b5
   AND b1=a16
   AND a18=b49
   AND a21=b32
   AND a24=b4
   AND a4=b29
   AND b8=a32
   AND a37=2
----
55 values hashing to da80cb2b8ffd82be6e6d938baf9bec27

query TTTTTTTTTTTTTTTTTTTTTTTTTTTTTTTTTTTTTTTTTTTTTTTTTTTTTTT valuesort join-55-4
SELECT x64,x61,x21,x29,x15,x13,x25,x51,x44,x6,x35,x52,x49,x12,x36,x2,x8,x1,x17,x19,x55,x26,x48,x18,x14,x3,x10,x43,x9,x39,x63,x16,x30,x58,x57,x53,x20,x32,x4,x33,x60,x41,x34,x45,x38,x27,x31,x28,x56,x24,x46,x5,x42,x37,x40
  FROM t56,t29,t1,t52,t53,t63,t28,t24,t60,t13,t48,t8,t45,t42,t38,t44,t37,t41,t43,t2,t57,t3,t19,t27,t40,t49,t6,t51,t26,t58,t61,t34,t31,t64,t46,t30,t5,t33,t9,t18,t20,t39,t21,t12,t35,t15,t10,t55,t32,t4,t36,t25,t14,t16,t17
 WHERE a13=b38
   AND a17=b58
   AND a35=b10
   AND a39=b30
   AND b6=a34
   AND b12=a58
   AND b57=a31
   AND a49=b56
   AND b3=a45
   AND b28=a12
   AND b31=a51
   AND a57=b39
   AND a46=b19
   AND b15=a3
   AND a9=b55
   AND a40=b17
   AND b61=a10
   AND b43=a29
   AND a28=b48
   AND a24=b4
   AND a41=b63
   AND a26=b21
   AND a21=b32
   AND b5=a25
   AND a4=b29
   AND b60=a1
   AND a38=b33
   AND a37=b20
   AND a32=b8
   AND a18=b49
   AND b14=a55
   AND a60=b53
   AND a37=2
   AND a30=b40
   AND b46=a53
   AND b27=a2
   AND a5=b18
   AND a16=b1
   AND a15=b44
   AND a43=b52
   AND b24=a14
   AND a19=b64
   AND a36=b9
   AND a61=b25
   AND b2=a56
   AND b51=a64
   AND b41=a33
   AND b36=a63
   AND b16=a27
   AND b42=a20
   AND b13=a44
   AND b34=a48
   AND a52=b26
   AND a8=b35
   AND a42=b45
----
55 values hashing to da80cb2b8ffd82be6e6d938baf9bec27

query TTTTTTTTTTTTTTTTTTTTTTTTTTTTTTTTTTTTTTTTTTTTTTTTTTTTTTTT valuesort join-56-1
SELECT x54,x57,x61,x58,x20,x44,x18,x36,x2,x22,x32,x14,x15,x26,x19,x63,x38,x37,x48,x40,x34,x21,x27,x25,x5,x16,x24,x43,x29,x35,x49,x31,x17,x46,x64,x3,x51,x59,x13,x6,x28,x12,x23,x30,x9,x60,x56,x47,x11,x52,x8,x10,x45,x42,x55,x4
  FROM t14,t11,t61,t28,t15,t18,t25,t57,t40,t2,t60,t9,t38,t26,t12,t47,t6,t10,t58,t56,t8,t55,t23,t59,t32,t24,t3,t34,t48,t51,t30,t49,t27,t31,t16,t45,t54,t42,t22,t63,t21,t29,t19,t4,t43,t20,t17,t13,t44,t64,t36,t46,t52,t35,t5,t37
 WHERE b13=a38
   AND a44=b52
   AND a60=b5
   AND a37=b45
   AND a18=b51
   AND a28=b14
   AND b16=a36
   AND a26=b58
   AND a13=b56
   AND b63=a46
   AND a17=b57
   AND a6=b32
   AND b37=a16
   AND a19=b31
   AND a23=b21
   AND b8=a30
   AND b23=a35
   AND b42=a63
   AND b19=a27
   AND a34=b48
   AND a4=b25
   AND a57=b44
   AND a32=b22
   AND b2=a24
   AND b55=a2
   AND a12=b43
   AND a51=b10
   AND a40=b12
   AND a15=b60
   AND b29=a11
   AND b3=a45
   AND b15=a22
   AND b61=a20
   AND a52=b28
   AND a42=b26
   AND a3=b64
   AND b30=a21
   AND a36=4
   AND b4=a48
   AND a9=b47
   AND b34=a49
   AND a47=b38
   AND b24=a8
   AND a54=b49
   AND a5=b40
   AND a43=b9
   AND a29=b27
   AND b18=a14
   AND b59=a10
   AND b17=a25
   AND b20=a56
   AND b54=a61
   AND b11=a55
   AND a58=b35
   AND a64=b46
   AND a31=b6
----
56 values hashing to c67b744603196f9b8611e227a110f7fa

query TTTTTTTTTTTTTTTTTTTTTTTTTTTTTTTTTTTTTTTTTTTTTTTTTTTTTTTT valuesort join-56-1
SELECT x54,x57,x61,x58,x20,x44,x18,x36,x2,x22,x32,x14,x15,x26,x19,x63,x38,x37,x48,x40,x34,x21,x27,x25,x5,x16,x24,x43,x29,x35,x49,x31,x17,x46,x64,x3,x51,x59,x13,x6,x28,x12,x23,x30,x9,x60,x56,x47,x11,x52,x8,x10,x45,x42,x55,x4
  FROM t37,t52,t34,t20,t29,t35,t5,t11,t25,t6,t49,t24,t54,t57,t46,t22,t42,t8,t61,t44,t48,t28,t4,t17,t12,t9,t14,t32,t51,t16,t13,t45,t38,t23,t26,t21,t47,t43,t31,t58,t56,t55,t3,t18,t2,t30,t60,t40,t27,t64,t10,t63,t59,t19,t36,t15
 WHERE a51=b10
   AND b34=a49
   AND a58=b35
   AND a12=b43
   AND a10=b59
   AND a13=b56
   AND b27=a29
   AND b37=a16
   AND a36=4
   AND a20=b61
   AND b14=a28
   AND b15=a22
   AND a4=b25
   AND a19=b31
   AND a18=b51
   AND a31=b6
   AND a6=b32
   AND b55=a2
   AND b20=a56
   AND a45=b3
   AND a43=b9
   AND b23=a35
   AND b2=a24
   AND a61=b54
   AND a48=b4
   AND a5=b40
   AND b60=a15
   AND b19=a27
   AND b22=a32
   AND a46=b63
   AND b5=a60
   AND b24=a8
   AND a63=b42
   AND a14=b18
   AND b48=a34
   AND a38=b13
   AND b30=a21
   AND b58=a26
   AND b45=a37
   AND b46=a64
   AND a3=b64
   AND a52=b28
   AND a30=b8
   AND b52=a44
   AND a57=b44
   AND a47=b38
   AND b16=a36
   AND a25=b17
   AND a40=b12
   AND a9=b47
   AND a23=b21
   AND b57=a17
   AND a55=b11
   AND a42=b26
   AND b29=a11
   AND a54=b49
----
56 values hashing to c67b744603196f9b8611e227a110f7fa

query TTTTTTTTTTTTTTTTTTTTTTTTTTTTTTTTTTTTTTTTTTTTTTTTTTTTTTTT valuesort join-56-1
SELECT x54,x57,x61,x58,x20,x44,x18,x36,x2,x22,x32,x14,x15,x26,x19,x63,x38,x37,x48,x40,x34,x21,x27,x25,x5,x16,x24,x43,x29,x35,x49,x31,x17,x46,x64,x3,x51,x59,x13,x6,x28,x12,x23,x30,x9,x60,x56,x47,x11,x52,x8,x10,x45,x42,x55,x4
  FROM t12,t61,t13,t21,t64,t29,t15,t30,t6,t58,t14,t2,t45,t46,t55,t56,t48,t49,t3,t18,t38,t9,t20,t10,t23,t40,t11,t36,t42,t5,t17,t22,t60,t8,t4,t16,t57,t26,t28,t19,t54,t25,t59,t44,t35,t37,t24,t32,t43,t63,t34,t47,t31,t51,t52,t27
 WHERE a20=b61
   AND b44=a57
   AND a36=b16
   AND b56=a13
   AND a28=b14
   AND b59=a10
   AND b31=a19
   AND a24=b2
   AND b37=a16
   AND a49=b34
   AND a17=b57
   AND b17=a25
   AND b18=a14
   AND a22=b15
   AND a29=b27
   AND a4=b25
   AND a64=b46
   AND a31=b6
   AND a2=b55
   AND a43=b9
   AND a56=b20
   AND a38=b13
   AND b35=a58
   AND b10=a51
   AND b11=a55
   AND b47=a9
   AND a60=b5
   AND b30=a21
   AND a63=b42
   AND b8=a30
   AND a36=4
   AND b23=a35
   AND a32=b22
   AND a8=b24
   AND a61=b54
   AND a34=b48
   AND a52=b28
   AND a42=b26
   AND a23=b21
   AND b49=a54
   AND b40=a5
   AND a18=b51
   AND b45=a37
   AND a11=b29
   AND b60=a15
   AND a46=b63
   AND a48=b4
   AND a40=b12
   AND b52=a44
   AND b64=a3
   AND a27=b19
   AND a47=b38
   AND b3=a45
   AND b43=a12
   AND a26=b58
   AND a6=b32
----
56 values hashing to c67b744603196f9b8611e227a110f7fa

query TTTTTTTTTTTTTTTTTTTTTTTTTTTTTTTTTTTTTTTTTTTTTTTTTTTTTTTT valuesort join-56-2
SELECT x34,x42,x51,x23,x54,x57,x60,x38,x8,x4,x22,x49,x35,x39,x18,x26,x9,x32,x13,x58,x63,x59,x21,x64,x40,x46,x1,x41,x19,x44,x45,x17,x12,x56,x28,x24,x20,x48,x14,x30,x29,x5,x25,x7,x43,x36,x55,x27,x6,x11,x33,x10,x16,x47,x61,x52
  FROM t52,t12,t26,t5,t21,t42,t45,t47,t27,t20,t60,t13,t24,t23,t64,t29,t38,t44,t7,t9,t35,t56,t43,t8,t39,t33,t34,t51,t36,t18,t61,t4,t16,t14,t17,t48,t6,t11,t1,t19,t63,t55,t22,t10,t49,t57,t30,t28,t32,t40,t58,t59,t46,t54,t25,t41
 WHERE b14=a55
   AND a30=b28
   AND b20=a46
   AND b25=a20
   AND a34=2
   AND b6=a9
   AND b22=a34
   AND b11=a6
   AND a7=b41
   AND b19=a11
   AND a47=b63
   AND a16=b57
   AND a57=b39
   AND b13=a29
   AND a44=b43
   AND b64=a14
   AND b51=a8
   AND a59=b58
   AND b61=a38
   AND b8=a42
   AND a41=b9
   AND b47=a49
   AND b17=a40
   AND a45=b4
   AND b33=a64
   AND a21=b35
   AND a5=b32
   AND a39=b26
   AND b27=a43
   AND a26=b38
   AND b52=a25
   AND a24=b40
   AND a54=b7
   AND b45=a28
   AND b16=a19
   AND b24=a48
   AND b44=a61
   AND a17=b60
   AND b49=a60
   AND a63=b36
   AND a33=b23
   AND a36=b55
   AND a22=b56
   AND a32=b12
   AND a13=b21
   AND b10=a58
   AND a23=b1
   AND a35=b18
   AND b5=a52
   AND a4=b54
   AND b30=a10
   AND a51=b46
   AND b48=a56
   AND b42=a1
   AND a12=b59
   AND a27=b29
----
56 values hashing to e6f89539b08848cc03143f9676b06883

query TTTTTTTTTTTTTTTTTTTTTTTTTTTTTTTTTTTTTTTTTTTTTTTTTTTTTTTT valuesort join-56-2
SELECT x34,x42,x51,x23,x54,x57,x60,x38,x8,x4,x22,x49,x35,x39,x18,x26,x9,x32,x13,x58,x63,x59,x21,x64,x40,x46,x1,x41,x19,x44,x45,x17,x12,x56,x28,x24,x20,x48,x14,x30,x29,x5,x25,x7,x43,x36,x55,x27,x6,x11,x33,x10,x16,x47,x61,x52
  FROM t21,t22,t25,t36,t9,t58,t61,t33,t56,t27,t1,t63,t12,t42,t20,t48,t55,t24,t57,t47,t64,t17,t59,t45,t41,t28,t23,t14,t46,t54,t38,t6,t60,t39,t30,t32,t26,t34,t16,t13,t19,t44,t4,t51,t52,t5,t7,t18,t11,t10,t8,t43,t49,t29,t40,t35
 WHERE a34=b22
   AND b60=a17
   AND b64=a14
   AND a36=b55
   AND a46=b20
   AND b32=a5
   AND a22=b56
   AND a20=b25
   AND a44=b43
   AND b17=a40
   AND b16=a19
   AND b6=a9
   AND b36=a63
   AND a1=b42
   AND a24=b40
   AND b13=a29
   AND b28=a30
   AND a13=b21
   AND b12=a32
   AND b26=a39
   AND b5=a52
   AND b18=a35
   AND b59=a12
   AND b45=a28
   AND a34=2
   AND b51=a8
   AND a45=b4
   AND b52=a25
   AND b30=a10
   AND a16=b57
   AND a11=b19
   AND b44=a61
   AND a58=b10
   AND a54=b7
   AND a23=b1
   AND a56=b48
   AND b35=a21
   AND a55=b14
   AND b46=a51
   AND b39=a57
   AND a27=b29
   AND b27=a43
   AND b63=a47
   AND b47=a49
   AND a26=b38
   AND a4=b54
   AND a64=b33
   AND b58=a59
   AND b23=a33
   AND a60=b49
   AND a38=b61
   AND a42=b8
   AND b11=a6
   AND a48=b24
   AND b9=a41
   AND a7=b41
----
56 values hashing to e6f89539b08848cc03143f9676b06883

query TTTTTTTTTTTTTTTTTTTTTTTTTTTTTTTTTTTTTTTTTTTTTTTTTTTTTTTT valuesort join-56-2
SELECT x34,x42,x51,x23,x54,x57,x60,x38,x8,x4,x22,x49,x35,x39,x18,x26,x9,x32,x13,x58,x63,x59,x21,x64,x40,x46,x1,x41,x19,x44,x45,x17,x12,x56,x28,x24,x20,x48,x14,x30,x29,x5,x25,x7,x43,x36,x55,x27,x6,x11,x33,x10,x16,x47,x61,x52
  FROM t48,t6,t27,t47,t21,t30,t10,t12,t24,t64,t63,t33,t13,t18,t8,t19,t55,t38,t22,t52,t49,t41,t57,t25,t26,t60,t16,t58,t28,t34,t42,t43,t4,t61,t44,t17,t5,t56,t11,t39,t35,t7,t23,t45,t54,t51,t29,t14,t46,t9,t36,t59,t1,t40,t20,t32
 WHERE b12=a32
   AND a8=b51
   AND b18=a35
   AND b45=a28
   AND b57=a16
   AND b47=a49
   AND b28=a30
   AND b33=a64
   AND a39=b26
   AND b17=a40
   AND a34=2
   AND a60=b49
   AND a24=b40
   AND a41=b9
   AND a43=b27
   AND b4=a45
   AND b13=a29
   AND b61=a38
   AND b6=a9
   AND a44=b43
   AND b29=a27
   AND a5=b32
   AND a51=b46
   AND b10=a58
   AND a33=b23
   AND b52=a25
   AND a56=b48
   AND b21=a13
   AND a19=b16
   AND a10=b30
   AND b14=a55
   AND b8=a42
   AND a17=b60
   AND a14=b64
   AND a52=b5
   AND a26=b38
   AND b56=a22
   AND b58=a59
   AND a11=b19
   AND a4=b54
   AND b20=a46
   AND a6=b11
   AND a57=b39
   AND a23=b1
   AND a1=b42
   AND b7=a54
   AND b22=a34
   AND a21=b35
   AND a36=b55
   AND a47=b63
   AND b41=a7
   AND b36=a63
   AND a48=b24
   AND a20=b25
   AND b44=a61
   AND a12=b59
----
56 values hashing to e6f89539b08848cc03143f9676b06883

query TTTTTTTTTTTTTTTTTTTTTTTTTTTTTTTTTTTTTTTTTTTTTTTTTTTTTTTT valuesort join-56-3
SELECT x19,x28,x29,x59,x42,x34,x18,x62,x11,x37,x4,x7,x26,x45,x22,x41,x47,x13,x60,x10,x61,x9,x33,x24,x38,x46,x51,x44,x12,x39,x57,x64,x21,x15,x31,x16,x1,x30,x48,x50,x32,x56,x6,x58,x25,x20,x3,x35,x23,x49,x36,x27,x63,x53,x54,x14
  FROM t41,t6,t51,t28,t22,t53,t42,t44,t46,t27,t60,t4,t30,t48,t16,t64,t61,t62,t20,t58,t19,t7,t26,t57,t32,t13,t1,t3,t59,t21,t15,t9,t18,t54,t29,t37,t24,t56,t38,t31,t49,t47,t39,t34,t10,t35,t14,t12,t45,t11,t33,t36,t50,t63,t25,t23
 WHERE b48=a3
   AND b9=a39
   AND a37=7
   AND a48=b28
   AND b62=a26
   AND b26=a38
   AND a13=b18
   AND a33=b64
   AND a25=b41
   AND b56=a59
   AND b33=a54
   AND b15=a57
   AND a46=b14
   AND b23=a24
   AND a20=b36
   AND a61=b4
   AND b54=a14
   AND a31=b10
   AND a12=b34
   AND b20=a15
   AND a56=b39
   AND a42=b50
   AND b3=a36
   AND a19=b60
   AND a63=b6
   AND b38=a53
   AND b30=a34
   AND b53=a64
   AND a47=b29
   AND a4=b7
   AND b51=a62
   AND a44=b24
   AND b58=a50
   AND a58=b61
   AND b57=a29
   AND b1=a10
   AND b31=a21
   AND a22=b12
   AND b13=a9
   AND b16=a49
   AND a37=b25
   AND a1=b63
   AND b22=a18
   AND a6=b49
   AND a11=b44
   AND b11=a60
   AND b21=a28
   AND b35=a32
   AND b42=a51
   AND a45=b27
   AND b32=a27
   AND b59=a16
   AND b47=a41
   AND b19=a30
   AND b45=a23
   AND a35=b46
----
56 values hashing to d9ab2db68cf52809cae30ae3a3cffdc0

query TTTTTTTTTTTTTTTTTTTTTTTTTTTTTTTTTTTTTTTTTTTTTTTTTTTTTTTT valuesort join-56-3
SELECT x19,x28,x29,x59,x42,x34,x18,x62,x11,x37,x4,x7,x26,x45,x22,x41,x47,x13,x60,x10,x61,x9,x33,x24,x38,x46,x51,x44,x12,x39,x57,x64,x21,x15,x31,x16,x1,x30,x48,x50,x32,x56,x6,x58,x25,x20,x3,x35,x23,x49,x36,x27,x63,x53,x54,x14
  FROM t58,t12,t46,t4,t20,t41,t56,t49,t57,t19,t13,t14,t22,t62,t53,t10,t63,t42,t35,t31,t3,t11,t37,t6,t25,t50,t51,t28,t64,t15,t1,t30,t23,t38,t47,t32,t18,t16,t29,t21,t34,t44,t59,t45,t27,t61,t26,t33,t24,t9,t54,t36,t60,t48,t7,t39
 WHERE b32=a27
   AND b25=a37
   AND b49=a6
   AND a9=b13
   AND a61=b4
   AND a4=b7
   AND a35=b46
   AND a20=b36
   AND a3=b48
   AND a56=b39
   AND b60=a19
   AND b16=a49
   AND b57=a29
   AND b63=a1
   AND b47=a41
   AND a54=b33
   AND b9=a39
   AND b26=a38
   AND b31=a21
   AND b23=a24
   AND a58=b61
   AND a18=b22
   AND b30=a34
   AND a53=b38
   AND b41=a25
   AND a36=b3
   AND a28=b21
   AND a26=b62
   AND a11=b44
   AND b19=a30
   AND a13=b18
   AND a45=b27
   AND a15=b20
   AND a59=b56
   AND b12=a22
   AND b54=a14
   AND b1=a10
   AND a50=b58
   AND b50=a42
   AND a60=b11
   AND b53=a64
   AND a32=b35
   AND a47=b29
   AND a62=b51
   AND b14=a46
   AND a44=b24
   AND b15=a57
   AND a31=b10
   AND b6=a63
   AND b42=a51
   AND b45=a23
   AND b34=a12
   AND b64=a33
   AND b59=a16
   AND a37=7
   AND a48=b28
----
56 values hashing to d9ab2db68cf52809cae30ae3a3cffdc0

query TTTTTTTTTTTTTTTTTTTTTTTTTTTTTTTTTTTTTTTTTTTTTTTTTTTTTTTT valuesort join-56-3
SELECT x19,x28,x29,x59,x42,x34,x18,x62,x11,x37,x4,x7,x26,x45,x22,x41,x47,x13,x60,x10,x61,x9,x33,x24,x38,x46,x51,x44,x12,x39,x57,x64,x21,x15,x31,x16,x1,x30,x48,x50,x32,x56,x6,x58,x25,x20,x3,x35,x23,x49,x36,x27,x63,x53,x54,x14
  FROM t51,t11,t45,t63,t12,t7,t32,t4,t38,t19,t48,t33,t49,t14,t27,t47,t24,t60,t42,t50,t13,t22,t64,t30,t62,t6,t58,t37,t56,t39,t41,t15,t26,t1,t35,t59,t29,t23,t34,t18,t9,t25,t53,t36,t46,t3,t10,t16,t57,t54,t28,t61,t31,t20,t44,t21
 WHERE b36=a20
   AND b20=a15
   AND b31=a21
   AND b57=a29
   AND b30=a34
   AND b53=a64
   AND a37=7
   AND a48=b28
   AND a24=b23
   AND a42=b50
   AND a18=b22
   AND a59=b56
   AND b26=a38
   AND a62=b51
   AND a33=b64
   AND b15=a57
   AND b10=a31
   AND a41=b47
   AND b46=a35
   AND a16=b59
   AND a11=b44
   AND a10=b1
   AND a60=b11
   AND b6=a63
   AND a39=b9
   AND a9=b13
   AND b49=a6
   AND b48=a3
   AND b3=a36
   AND b19=a30
   AND a56=b39
   AND a28=b21
   AND b63=a1
   AND b32=a27
   AND a47=b29
   AND b62=a26
   AND a51=b42
   AND a37=b25
   AND a19=b60
   AND a22=b12
   AND a32=b35
   AND b16=a49
   AND a44=b24
   AND a4=b7
   AND b27=a45
   AND a50=b58
   AND b34=a12
   AND b14=a46
   AND b61=a58
   AND b45=a23
   AND b54=a14
   AND b33=a54
   AND a25=b41
   AND a13=b18
   AND b38=a53
   AND b4=a61
----
56 values hashing to d9ab2db68cf52809cae30ae3a3cffdc0

query TTTTTTTTTTTTTTTTTTTTTTTTTTTTTTTTTTTTTTTTTTTTTTTTTTTTTTTT valuesort join-56-4
SELECT x41,x51,x62,x45,x64,x63,x40,x8,x27,x34,x7,x23,x5,x50,x16,x26,x31,x49,x11,x14,x30,x1,x3,x42,x22,x29,x33,x54,x59,x28,x35,x44,x4,x57,x32,x2,x60,x21,x9,x19,x61,x56,x15,x43,x48,x47,x36,x55,x18,x58,x52,x25,x37,x13,x10,x6
  FROM t42,t43,t23,t35,t61,t63,t64,t26,t28,t2,t62,t59,t21,t30,t8,t55,t11,t29,t33,t25,t6,t47,t27,t3,t58,t32,t41,t37,t7,t31,t18,t49,t14,t44,t10,t54,t57,t50,t16,t48,t22,t56,t36,t34,t1,t19,t4,t60,t15,t40,t9,t13,t51,t5,t52,t45
 WHERE a58=b54
   AND b51=a27
   AND b19=a48
   AND b5=a14
   AND a10=b8
   AND b7=a52
   AND a31=b50
   AND a4=b33
   AND a60=b57
   AND a44=b52
   AND b55=a63
   AND b40=a16
   AND b18=a34
   AND a25=b63
   AND b26=a13
   AND b16=a54
   AND a32=b29
   AND b14=a28
   AND a45=b25
   AND a6=b15
   AND b2=a9
   AND a5=b23
   AND a33=b44
   AND a9=4
   AND a61=b47
   AND b6=a7
   AND b42=a8
   AND a55=b61
   AND a18=b48
   AND b43=a19
   AND b45=a62
   AND b21=a50
   AND a1=b60
   AND b11=a64
   AND a42=b62
   AND a3=b27
   AND a57=b31
   AND b37=a23
   AND a47=b13
   AND a21=b22
   AND b41=a37
   AND a22=b30
   AND b58=a41
   AND b49=a2
   AND a29=b34
   AND b10=a43
   AND b59=a49
   AND a56=b36
   AND b32=a51
   AND a26=b56
   AND b1=a35
   AND a40=b3
   AND b35=a59
   AND b64=a30
   AND b4=a11
   AND b28=a15
----
56 values hashing to 56ef0d533851ad6b4507aa49716c561d

query TTTTTTTTTTTTTTTTTTTTTTTTTTTTTTTTTTTTTTTTTTTTTTTTTTTTTTTT valuesort join-56-4
SELECT x41,x51,x62,x45,x64,x63,x40,x8,x27,x34,x7,x23,x5,x50,x16,x26,x31,x49,x11,x14,x30,x1,x3,x42,x22,x29,x33,x54,x59,x28,x35,x44,x4,x57,x32,x2,x60,x21,x9,x19,x61,x56,x15,x43,x48,x47,x36,x55,x18,x58,x52,x25,x37,x13,x10,x6
  FROM t14,t54,t49,t58,t59,t25,t9,t44,t16,t15,t60,t11,t61,t42,t62,t45,t18,t43,t1,t47,t8,t31,t19,t28,t4,t41,t6,t27,t33,t32,t23,t64,t3,t29,t5,t56,t13,t34,t40,t57,t30,t50,t22,t55,t35,t26,t10,t7,t2,t51,t52,t36,t21,t63,t37,t48
 WHERE b58=a41
   AND a4=b33
   AND a2=b49
   AND b45=a62
   AND b37=a23
   AND b36=a56
   AND a22=b30
   AND b40=a16
   AND a25=b63
   AND b42=a8
   AND a30=b64
   AND a9=4
   AND a55=b61
   AND a11=b4
   AND a28=b14
   AND a33=b44
   AND a45=b25
   AND b6=a7
   AND a31=b50
   AND a57=b31
   AND b35=a59
   AND b54=a58
   AND b21=a50
   AND b23=a5
   AND b62=a42
   AND b26=a13
   AND a44=b52
   AND a54=b16
   AND a63=b55
   AND b32=a51
   AND a37=b41
   AND b19=a48
   AND a43=b10
   AND b15=a6
   AND b18=a34
   AND b57=a60
   AND a35=b1
   AND a1=b60
   AND a19=b43
   AND b2=a9
   AND a32=b29
   AND b27=a3
   AND b56=a26
   AND b22=a21
   AND a18=b48
   AND b28=a15
   AND b51=a27
   AND b11=a64
   AND b3=a40
   AND b8=a10
   AND a52=b7
   AND b34=a29
   AND b47=a61
   AND a49=b59
   AND b5=a14
   AND b13=a47
----
56 values hashing to 56ef0d533851ad6b4507aa49716c561d

query TTTTTTTTTTTTTTTTTTTTTTTTTTTTTTTTTTTTTTTTTTTTTTTTTTTTTTTT valuesort join-56-4
SELECT x41,x51,x62,x45,x64,x63,x40,x8,x27,x34,x7,x23,x5,x50,x16,x26,x31,x49,x11,x14,x30,x1,x3,x42,x22,x29,x33,x54,x59,x28,x35,x44,x4,x57,x32,x2,x60,x21,x9,x19,x61,x56,x15,x43,x48,x47,x36,x55,x18,x58,x52,x25,x37,x13,x10,x6
  FROM t64,t28,t36,t33,t14,t3,t27,t56,t59,t5,t29,t55,t32,t40,t35,t41,t8,t7,t31,t30,t1,t21,t45,t37,t4,t15,t62,t19,t34,t49,t48,t47,t44,t26,t50,t9,t63,t23,t57,t43,t2,t11,t42,t18,t16,t22,t54,t61,t10,t60,t6,t51,t52,t25,t13,t58
 WHERE b8=a10
   AND b26=a13
   AND a8=b42
   AND b1=a35
   AND a9=4
   AND b63=a25
   AND a37=b41
   AND a16=b40
   AND b28=a15
   AND b51=a27
   AND b5=a14
   AND b62=a42
   AND b61=a55
   AND a23=b37
   AND a62=b45
   AND a1=b60
   AND a7=b6
   AND b3=a40
   AND b32=a51
   AND b43=a19
   AND b27=a3
   AND a18=b48
   AND a47=b13
   AND a41=b58
   AND a43=b10
   AND a61=b47
   AND a45=b25
   AND a50=b21
   AND b34=a29
   AND a33=b44
   AND a56=b36
   AND a44=b52
   AND a4=b33
   AND b30=a22
   AND a60=b57
   AND a9=b2
   AND a54=b16
   AND b29=a32
   AND a48=b19
   AND a34=b18
   AND b50=a31
   AND b54=a58
   AND b64=a30
   AND a11=b4
   AND a63=b55
   AND b35=a59
   AND b22=a21
   AND a52=b7
   AND a6=b15
   AND a64=b11
   AND b56=a26
   AND a49=b59
   AND a57=b31
   AND a5=b23
   AND b49=a2
   AND a28=b14
----
56 values hashing to 56ef0d533851ad6b4507aa49716c561d

query TTTTTTTTTTTTTTTTTTTTTTTTTTTTTTTTTTTTTTTTTTTTTTTTTTTTTTTTT valuesort join-57-1
SELECT x13,x9,x60,x41,x53,x1,x57,x2,x37,x50,x5,x43,x45,x39,x46,x48,x58,x62,x36,x17,x33,x54,x3,x38,x27,x26,x18,x16,x59,x40,x55,x25,x15,x61,x7,x28,x47,x22,x23,x11,x64,x32,x52,x29,x56,x4,x6,x42,x49,x12,x20,x14,x34,x63,x10,x35,x19
  FROM t13,t53,t18,t5,t63,t59,t2,t7,t1,t6,t27,t12,t39,t28,t11,t19,t26,t60,t46,t43,t22,t23,t58,t42,t9,t55,t41,t14,t37,t20,t49,t4,t15,t62,t17,t32,t34,t29,t3,t47,t10,t48,t45,t50,t40,t57,t56,t54,t16,t61,t33,t25,t64,t35,t38,t52,t36
 WHERE a17=b48
   AND a4=b23
   AND b41=a37
   AND b32=a26
   AND a41=b19
   AND b3=a62
   AND b37=a45
   AND a39=b6
   AND b13=a56
   AND a49=b34
   AND a55=b61
   AND b50=a5
   AND a32=b27
   AND a52=b26
   AND a58=b7
   AND a60=b56
   AND a33=b60
   AND a46=b11
   AND a38=b25
   AND a20=b49
   AND b45=a59
   AND b20=a43
   AND a25=b2
   AND a14=b62
   AND a18=b59
   AND a10=b55
   AND a40=b39
   AND a3=b63
   AND a1=b53
   AND b35=a27
   AND b17=a12
   AND a48=b57
   AND b36=a54
   AND a1=9
   AND a16=b28
   AND a15=b9
   AND b47=a34
   AND b33=a2
   AND a57=b4
   AND b46=a28
   AND a19=b38
   AND b42=a50
   AND b10=a42
   AND a7=b29
   AND a53=b64
   AND a36=b52
   AND b40=a61
   AND a47=b16
   AND b15=a11
   AND a29=b54
   AND a63=b18
   AND a64=b12
   AND a35=b5
   AND b58=a23
   AND b22=a13
   AND a9=b14
   AND a6=b43
----
57 values hashing to 53264ded536232d4268522f4556e87aa

query TTTTTTTTTTTTTTTTTTTTTTTTTTTTTTTTTTTTTTTTTTTTTTTTTTTTTTTTT valuesort join-57-1
SELECT x13,x9,x60,x41,x53,x1,x57,x2,x37,x50,x5,x43,x45,x39,x46,x48,x58,x62,x36,x17,x33,x54,x3,x38,x27,x26,x18,x16,x59,x40,x55,x25,x15,x61,x7,x28,x47,x22,x23,x11,x64,x32,x52,x29,x56,x4,x6,x42,x49,x12,x20,x14,x34,x63,x10,x35,x19
  FROM t47,t57,t53,t49,t25,t13,t26,t56,t54,t60,t7,t9,t10,t32,t36,t27,t14,t50,t62,t11,t20,t37,t3,t42,t15,t38,t48,t35,t23,t43,t29,t58,t40,t64,t55,t6,t22,t52,t4,t61,t5,t16,t33,t19,t46,t45,t28,t34,t63,t2,t17,t59,t41,t39,t18,t12,t1
 WHERE a18=b59
   AND b61=a55
   AND b41=a37
   AND a39=b6
   AND b40=a61
   AND b35=a27
   AND a12=b17
   AND a13=b22
   AND b62=a14
   AND a6=b43
   AND b47=a34
   AND a1=9
   AND a42=b10
   AND b7=a58
   AND a28=b46
   AND a60=b56
   AND a64=b12
   AND a54=b36
   AND a52=b26
   AND a57=b4
   AND a32=b27
   AND a35=b5
   AND b52=a36
   AND a29=b54
   AND b53=a1
   AND a9=b14
   AND a16=b28
   AND a43=b20
   AND a40=b39
   AND b49=a20
   AND b58=a23
   AND a45=b37
   AND a48=b57
   AND b64=a53
   AND a63=b18
   AND b25=a38
   AND a50=b42
   AND b3=a62
   AND a19=b38
   AND a7=b29
   AND a10=b55
   AND b16=a47
   AND b50=a5
   AND a41=b19
   AND b15=a11
   AND b63=a3
   AND a17=b48
   AND b13=a56
   AND b32=a26
   AND a49=b34
   AND b2=a25
   AND a15=b9
   AND a46=b11
   AND a4=b23
   AND b60=a33
   AND b45=a59
   AND b33=a2
----
57 values hashing to 53264ded536232d4268522f4556e87aa

query TTTTTTTTTTTTTTTTTTTTTTTTTTTTTTTTTTTTTTTTTTTTTTTTTTTTTTTTT valuesort join-57-1
SELECT x13,x9,x60,x41,x53,x1,x57,x2,x37,x50,x5,x43,x45,x39,x46,x48,x58,x62,x36,x17,x33,x54,x3,x38,x27,x26,x18,x16,x59,x40,x55,x25,x15,x61,x7,x28,x47,x22,x23,x11,x64,x32,x52,x29,x56,x4,x6,x42,x49,x12,x20,x14,x34,x63,x10,x35,x19
  FROM t53,t16,t28,t29,t7,t49,t55,t56,t59,t5,t50,t37,t33,t38,t4,t22,t46,t9,t52,t43,t34,t57,t27,t17,t42,t39,t47,t62,t36,t14,t20,t45,t13,t11,t25,t60,t12,t35,t10,t2,t61,t15,t32,t23,t1,t3,t41,t26,t48,t64,t18,t63,t6,t58,t54,t40,t19
 WHERE a45=b37
   AND a23=b58
   AND b64=a53
   AND b26=a52
   AND a58=b7
   AND a34=b47
   AND a49=b34
   AND b33=a2
   AND a35=b5
   AND a37=b41
   AND b38=a19
   AND b54=a29
   AND b28=a16
   AND a41=b19
   AND a14=b62
   AND b39=a40
   AND b57=a48
   AND b32=a26
   AND a12=b17
   AND a9=b14
   AND b16=a47
   AND a62=b3
   AND b25=a38
   AND a13=b22
   AND a63=b18
   AND b46=a28
   AND b10=a42
   AND b55=a10
   AND b52=a36
   AND a43=b20
   AND b43=a6
   AND a1=9
   AND b63=a3
   AND a61=b40
   AND a7=b29
   AND b12=a64
   AND b59=a18
   AND b15=a11
   AND b61=a55
   AND a59=b45
   AND a20=b49
   AND b23=a4
   AND a1=b53
   AND b9=a15
   AND b48=a17
   AND b13=a56
   AND a57=b4
   AND b50=a5
   AND a27=b35
   AND a39=b6
   AND a54=b36
   AND a25=b2
   AND a46=b11
   AND a33=b60
   AND a32=b27
   AND b42=a50
   AND a60=b56
----
57 values hashing to 53264ded536232d4268522f4556e87aa

query TTTTTTTTTTTTTTTTTTTTTTTTTTTTTTTTTTTTTTTTTTTTTTTTTTTTTTTTT valuesort join-57-2
SELECT x40,x44,x32,x51,x49,x5,x59,x19,x2,x54,x15,x53,x30,x34,x17,x14,x41,x13,x36,x8,x58,x50,x37,x7,x57,x47,x27,x25,x24,x60,x43,x62,x22,x31,x11,x35,x48,x20,x39,x16,x6,x63,x45,x23,x33,x18,x3,x52,x1,x61,x4,x21,x28,x26,x10,x46,x55
  FROM t15,t39,t47,t21,t34,t20,t45,t63,t8,t2,t37,t26,t35,t17,t53,t60,t11,t48,t3,t31,t57,t28,t24,t58,t4,t32,t55,t7,t5,t51,t62,t18,t33,t23,t40,t43,t54,t22,t27,t46,t44,t10,t61,t6,t16,t13,t52,t59,t49,t1,t14,t19,t50,t25,t36,t41,t30
 WHERE a33=b13
   AND a31=b16
   AND a48=b11
   AND b15=a1
   AND b1=a59
   AND a51=b44
   AND b10=a24
   AND a50=b6
   AND b28=a58
   AND a30=b52
   AND b30=a2
   AND a44=b40
   AND b41=a62
   AND a18=b39
   AND b50=a8
   AND b54=a10
   AND b60=a32
   AND b4=a39
   AND b53=a11
   AND b55=a13
   AND a34=b7
   AND b32=a47
   AND b31=a60
   AND a63=b18
   AND b20=a43
   AND a6=b59
   AND a49=7
   AND b34=a37
   AND b14=a21
   AND b25=a55
   AND a19=b43
   AND a46=b61
   AND a41=b58
   AND b21=a40
   AND a23=b36
   AND b35=a3
   AND b17=a36
   AND b8=a57
   AND a16=b23
   AND a20=b51
   AND a17=b27
   AND a26=b46
   AND b22=a54
   AND a22=b63
   AND b45=a28
   AND a15=b33
   AND b3=a14
   AND a7=b62
   AND b19=a53
   AND a61=b24
   AND b57=a45
   AND b26=a35
   AND a27=b48
   AND a4=b5
   AND b37=a52
   AND a49=b47
   AND b2=a5
----
57 values hashing to 6c68a4b6210756de4f2448192824e462

query TTTTTTTTTTTTTTTTTTTTTTTTTTTTTTTTTTTTTTTTTTTTTTTTTTTTTTTTT valuesort join-57-2
SELECT x40,x44,x32,x51,x49,x5,x59,x19,x2,x54,x15,x53,x30,x34,x17,x14,x41,x13,x36,x8,x58,x50,x37,x7,x57,x47,x27,x25,x24,x60,x43,x62,x22,x31,x11,x35,x48,x20,x39,x16,x6,x63,x45,x23,x33,x18,x3,x52,x1,x61,x4,x21,x28,x26,x10,x46,x55
  FROM t19,t35,t49,t39,t7,t61,t44,t22,t62,t28,t52,t63,t8,t53,t34,t45,t4,t18,t37,t55,t15,t31,t11,t47,t24,t1,t17,t16,t57,t27,t25,t50,t46,t13,t40,t58,t60,t43,t41,t51,t36,t30,t10,t3,t32,t23,t48,t6,t21,t2,t20,t14,t5,t54,t26,t59,t33
 WHERE b1=a59
   AND b25=a55
   AND b48=a27
   AND a45=b57
   AND b36=a23
   AND a26=b46
   AND a15=b33
   AND b27=a17
   AND b44=a51
   AND b52=a30
   AND a43=b20
   AND b40=a44
   AND a14=b3
   AND a28=b45
   AND a54=b22
   AND b31=a60
   AND b2=a5
   AND b24=a61
   AND a33=b13
   AND a52=b37
   AND b41=a62
   AND b30=a2
   AND b58=a41
   AND b14=a21
   AND a19=b43
   AND b7=a34
   AND a36=b17
   AND b6=a50
   AND a58=b28
   AND b23=a16
   AND a49=b47
   AND b61=a46
   AND a8=b50
   AND a48=b11
   AND a39=b4
   AND a4=b5
   AND a31=b16
   AND b18=a63
   AND b19=a53
   AND a6=b59
   AND b62=a7
   AND b53=a11
   AND a40=b21
   AND b39=a18
   AND b32=a47
   AND a49=7
   AND a35=b26
   AND b8=a57
   AND a37=b34
   AND b51=a20
   AND a22=b63
   AND b55=a13
   AND b35=a3
   AND b15=a1
   AND b54=a10
   AND a32=b60
   AND a24=b10
----
57 values hashing to 6c68a4b6210756de4f2448192824e462

query TTTTTTTTTTTTTTTTTTTTTTTTTTTTTTTTTTTTTTTTTTTTTTTTTTTTTTTTT valuesort join-57-2
SELECT x40,x44,x32,x51,x49,x5,x59,x19,x2,x54,x15,x53,x30,x34,x17,x14,x41,x13,x36,x8,x58,x50,x37,x7,x57,x47,x27,x25,x24,x60,x43,x62,x22,x31,x11,x35,x48,x20,x39,x16,x6,x63,x45,x23,x33,x18,x3,x52,x1,x61,x4,x21,x28,x26,x10,x46,x55
  FROM t13,t51,t62,t11,t39,t8,t16,t6,t35,t54,t30,t25,t40,t2,t31,t4,t33,t32,t61,t5,t57,t59,t23,t24,t14,t1,t46,t63,t15,t45,t60,t27,t47,t49,t21,t55,t41,t43,t19,t26,t58,t20,t17,t53,t44,t3,t22,t52,t37,t7,t50,t10,t34,t48,t36,t28,t18
 WHERE a24=b10
   AND a17=b27
   AND b1=a59
   AND a40=b21
   AND a61=b24
   AND a47=b32
   AND b6=a50
   AND a49=7
   AND a1=b15
   AND a4=b5
   AND b16=a31
   AND b4=a39
   AND b63=a22
   AND a18=b39
   AND b2=a5
   AND a54=b22
   AND a41=b58
   AND a6=b59
   AND b11=a48
   AND a11=b53
   AND b28=a58
   AND a53=b19
   AND a21=b14
   AND a27=b48
   AND b60=a32
   AND a44=b40
   AND b52=a30
   AND b54=a10
   AND b23=a16
   AND a28=b45
   AND b55=a13
   AND b3=a14
   AND a37=b34
   AND b57=a45
   AND a57=b8
   AND a51=b44
   AND a52=b37
   AND a26=b46
   AND b31=a60
   AND b62=a7
   AND a8=b50
   AND a55=b25
   AND a63=b18
   AND a34=b7
   AND a23=b36
   AND b61=a46
   AND a3=b35
   AND b41=a62
   AND a2=b30
   AND b26=a35
   AND b51=a20
   AND a19=b43
   AND b17=a36
   AND b13=a33
   AND a43=b20
   AND b47=a49
   AND b33=a15
----
57 values hashing to 6c68a4b6210756de4f2448192824e462

query TTTTTTTTTTTTTTTTTTTTTTTTTTTTTTTTTTTTTTTTTTTTTTTTTTTTTTTTT valuesort join-57-3
SELECT x2,x21,x34,x22,x53,x15,x51,x25,x54,x23,x4,x44,x26,x43,x14,x60,x40,x46,x62,x27,x19,x7,x39,x18,x45,x38,x49,x33,x35,x1,x31,x63,x12,x20,x10,x11,x3,x8,x58,x5,x24,x64,x59,x13,x41,x52,x30,x42,x36,x55,x57,x61,x56,x48,x6,x29,x50
  FROM t59,t50,t1,t15,t52,t14,t18,t24,t49,t45,t2,t20,t61,t41,t4,t42,t21,t64,t40,t53,t55,t62,t34,t22,t23,t8,t57,t3,t54,t25,t38,t10,t51,t19,t35,t58,t29,t7,t33,t5,t43,t48,t46,t11,t13,t44,t12,t36,t27,t60,t26,t6,t56,t63,t31,t39,t30
 WHERE b53=a51
   AND b6=a7
   AND b46=a12
   AND b44=a39
   AND b33=a38
   AND b22=a57
   AND b27=a13
   AND a59=b36
   AND b1=a24
   AND a18=b31
   AND b40=a6
   AND a25=b11
   AND a49=b26
   AND b21=a61
   AND a23=b29
   AND b55=a31
   AND b56=a1
   AND a62=b48
   AND a8=b41
   AND a22=b42
   AND b20=a48
   AND b60=a26
   AND a56=b19
   AND b5=a10
   AND a20=b54
   AND b4=a15
   AND a52=b24
   AND a19=b35
   AND b50=a4
   AND b25=a43
   AND a5=b23
   AND a55=b3
   AND a40=b62
   AND a45=b34
   AND a36=b15
   AND b12=a14
   AND b58=a29
   AND a34=b18
   AND a54=b30
   AND b38=a63
   AND a58=b51
   AND b59=a64
   AND a44=b52
   AND a21=b7
   AND a27=b63
   AND a50=b13
   AND a11=b49
   AND b10=a35
   AND b45=a60
   AND a46=b61
   AND b8=a30
   AND a64=2
   AND a41=b57
   AND b43=a53
   AND a2=b39
   AND b14=a3
   AND a33=b2
----
57 values hashing to d52ab6091157ecf29539e049ec568b0f

query TTTTTTTTTTTTTTTTTTTTTTTTTTTTTTTTTTTTTTTTTTTTTTTTTTTTTTTTT valuesort join-57-3
SELECT x2,x21,x34,x22,x53,x15,x51,x25,x54,x23,x4,x44,x26,x43,x14,x60,x40,x46,x62,x27,x19,x7,x39,x18,x45,x38,x49,x33,x35,x1,x31,x63,x12,x20,x10,x11,x3,x8,x58,x5,x24,x64,x59,x13,x41,x52,x30,x42,x36,x55,x57,x61,x56,x48,x6,x29,x50
  FROM t55,t41,t42,t49,t35,t24,t15,t44,t4,t27,t60,t21,t20,t57,t10,t26,t51,t11,t5,t38,t39,t19,t29,t54,t64,t61,t43,t1,t56,t12,t63,t8,t50,t52,t7,t45,t36,t58,t40,t30,t22,t23,t31,t2,t18,t34,t25,t59,t14,t6,t48,t13,t62,t33,t53,t46,t3
 WHERE b38=a63
   AND b3=a55
   AND b30=a54
   AND b31=a18
   AND a24=b1
   AND b52=a44
   AND a52=b24
   AND b33=a38
   AND a34=b18
   AND a39=b44
   AND a5=b23
   AND a49=b26
   AND a1=b56
   AND a57=b22
   AND b51=a58
   AND a29=b58
   AND b36=a59
   AND a2=b39
   AND b6=a7
   AND a15=b4
   AND b49=a11
   AND b29=a23
   AND a21=b7
   AND a60=b45
   AND a41=b57
   AND b12=a14
   AND b60=a26
   AND b2=a33
   AND a25=b11
   AND b61=a46
   AND a61=b21
   AND b25=a43
   AND b20=a48
   AND b46=a12
   AND b43=a53
   AND a64=2
   AND a35=b10
   AND a6=b40
   AND b59=a64
   AND a56=b19
   AND a36=b15
   AND b35=a19
   AND a13=b27
   AND a10=b5
   AND b14=a3
   AND a51=b53
   AND b41=a8
   AND b54=a20
   AND b48=a62
   AND b42=a22
   AND a50=b13
   AND b50=a4
   AND b8=a30
   AND b63=a27
   AND a40=b62
   AND a45=b34
   AND a31=b55
----
57 values hashing to d52ab6091157ecf29539e049ec568b0f

query TTTTTTTTTTTTTTTTTTTTTTTTTTTTTTTTTTTTTTTTTTTTTTTTTTTTTTTTT valuesort join-57-3
SELECT x2,x21,x34,x22,x53,x15,x51,x25,x54,x23,x4,x44,x26,x43,x14,x60,x40,x46,x62,x27,x19,x7,x39,x18,x45,x38,x49,x33,x35,x1,x31,x63,x12,x20,x10,x11,x3,x8,x58,x5,x24,x64,x59,x13,x41,x52,x30,x42,x36,x55,x57,x61,x56,x48,x6,x29,x50
  FROM t15,t24,t60,t56,t8,t22,t27,t57,t23,t63,t31,t58,t52,t44,t5,t59,t55,t33,t39,t49,t38,t13,t64,t35,t19,t41,t6,t4,t2,t1,t40,t26,t43,t14,t10,t45,t20,t18,t29,t42,t7,t36,t11,t25,t61,t12,t34,t62,t30,t48,t54,t50,t3,t46,t21,t51,t53
 WHERE b4=a15
   AND b27=a13
   AND a21=b7
   AND b13=a50
   AND a41=b57
   AND b23=a5
   AND b58=a29
   AND a34=b18
   AND a6=b40
   AND a56=b19
   AND a30=b8
   AND a36=b15
   AND b22=a57
   AND b14=a3
   AND a24=b1
   AND b63=a27
   AND a58=b51
   AND a46=b61
   AND b49=a11
   AND b25=a43
   AND a55=b3
   AND b38=a63
   AND b60=a26
   AND b59=a64
   AND b62=a40
   AND a2=b39
   AND a39=b44
   AND a14=b12
   AND b5=a10
   AND b53=a51
   AND a64=2
   AND b10=a35
   AND a38=b33
   AND b20=a48
   AND b30=a54
   AND a23=b29
   AND a60=b45
   AND a25=b11
   AND b52=a44
   AND a22=b42
   AND a33=b2
   AND b43=a53
   AND a31=b55
   AND b50=a4
   AND b56=a1
   AND b24=a52
   AND b41=a8
   AND b34=a45
   AND b35=a19
   AND b31=a18
   AND b26=a49
   AND a20=b54
   AND a59=b36
   AND a62=b48
   AND a61=b21
   AND b46=a12
   AND a7=b6
----
57 values hashing to d52ab6091157ecf29539e049ec568b0f

query TTTTTTTTTTTTTTTTTTTTTTTTTTTTTTTTTTTTTTTTTTTTTTTTTTTTTTTTT valuesort join-57-4
SELECT x29,x55,x61,x25,x43,x32,x51,x1,x3,x52,x16,x36,x7,x42,x24,x34,x38,x28,x26,x20,x22,x35,x19,x48,x27,x47,x46,x8,x2,x56,x59,x44,x23,x21,x15,x39,x57,x64,x40,x54,x18,x33,x63,x17,x41,x45,x60,x37,x14,x53,x62,x5,x30,x13,x49,x31,x9
  FROM t16,t49,t15,t21,t28,t13,t46,t61,t9,t18,t17,t56,t57,t5,t60,t64,t3,t30,t59,t20,t52,t63,t19,t24,t37,t39,t34,t25,t47,t40,t26,t32,t54,t55,t23,t33,t53,t8,t29,t31,t38,t2,t41,t51,t27,t62,t44,t1,t35,t43,t48,t7,t42,t22,t36,t14,t45
 WHERE b51=a22
   AND b20=a24
   AND a54=b36
   AND b35=a7
   AND b2=a39
   AND b61=a32
   AND a17=b52
   AND b43=a42
   AND a7=6
   AND a62=b39
   AND b31=a1
   AND b47=a52
   AND a21=b8
   AND b54=a20
   AND a9=b15
   AND a43=b23
   AND b37=a47
   AND a45=b32
   AND a3=b64
   AND b33=a31
   AND a13=b5
   AND a57=b28
   AND b40=a55
   AND a56=b17
   AND b30=a49
   AND b59=a38
   AND a44=b21
   AND b46=a41
   AND a60=b56
   AND b57=a5
   AND b38=a40
   AND b25=a64
   AND b16=a35
   AND a23=b49
   AND a46=b55
   AND a2=b24
   AND a48=b3
   AND a16=b1
   AND b53=a29
   AND b19=a36
   AND a34=b48
   AND a37=b9
   AND a59=b18
   AND b63=a18
   AND a14=b29
   AND a28=b44
   AND b34=a8
   AND b45=a51
   AND a61=b60
   AND b27=a15
   AND b41=a33
   AND a63=b42
   AND a30=b22
   AND b13=a19
   AND a27=b14
   AND a53=b26
   AND b62=a26
----
57 values hashing to 9be6d85ffc8b9d4119a5c5daf3c7d09e

query TTTTTTTTTTTTTTTTTTTTTTTTTTTTTTTTTTTTTTTTTTTTTTTTTTTTTTTTT valuesort join-57-4
SELECT x29,x55,x61,x25,x43,x32,x51,x1,x3,x52,x16,x36,x7,x42,x24,x34,x38,x28,x26,x20,x22,x35,x19,x48,x27,x47,x46,x8,x2,x56,x59,x44,x23,x21,x15,x39,x57,x64,x40,x54,x18,x33,x63,x17,x41,x45,x60,x37,x14,x53,x62,x5,x30,x13,x49,x31,x9
  FROM t53,t52,t59,t16,t7,t56,t36,t8,t47,t54,t31,t22,t39,t3,t61,t14,t28,t37,t19,t27,t45,t15,t40,t62,t49,t35,t46,t23,t38,t32,t64,t43,t13,t26,t41,t63,t21,t51,t30,t9,t44,t17,t48,t1,t42,t55,t29,t25,t60,t18,t24,t2,t34,t33,t20,t5,t57
 WHERE a16=b1
   AND b29=a14
   AND a5=b57
   AND b24=a2
   AND b25=a64
   AND a40=b38
   AND b19=a36
   AND b15=a9
   AND b17=a56
   AND a35=b16
   AND a43=b23
   AND b59=a38
   AND a19=b13
   AND b21=a44
   AND a7=6
   AND a13=b5
   AND b3=a48
   AND b56=a60
   AND b18=a59
   AND b28=a57
   AND b62=a26
   AND a53=b26
   AND b47=a52
   AND a33=b41
   AND a29=b53
   AND b48=a34
   AND b35=a7
   AND b40=a55
   AND b60=a61
   AND b8=a21
   AND a32=b61
   AND b51=a22
   AND a15=b27
   AND a63=b42
   AND a28=b44
   AND b54=a20
   AND a8=b34
   AND a49=b30
   AND a45=b32
   AND b14=a27
   AND a1=b31
   AND a62=b39
   AND b49=a23
   AND b37=a47
   AND a51=b45
   AND a54=b36
   AND a3=b64
   AND a17=b52
   AND a46=b55
   AND a37=b9
   AND b2=a39
   AND a42=b43
   AND b46=a41
   AND a31=b33
   AND a24=b20
   AND b63=a18
   AND b22=a30
----
57 values hashing to 9be6d85ffc8b9d4119a5c5daf3c7d09e

query TTTTTTTTTTTTTTTTTTTTTTTTTTTTTTTTTTTTTTTTTTTTTTTTTTTTTTTTT valuesort join-57-4
SELECT x29,x55,x61,x25,x43,x32,x51,x1,x3,x52,x16,x36,x7,x42,x24,x34,x38,x28,x26,x20,x22,x35,x19,x48,x27,x47,x46,x8,x2,x56,x59,x44,x23,x21,x15,x39,x57,x64,x40,x54,x18,x33,x63,x17,x41,x45,x60,x37,x14,x53,x62,x5,x30,x13,x49,x31,x9
  FROM t55,t13,t63,t51,t24,t41,t21,t36,t31,t39,t59,t60,t54,t26,t27,t18,t57,t8,t5,t22,t43,t17,t30,t19,t48,t61,t49,t16,t34,t9,t56,t33,t37,t47,t25,t1,t62,t53,t2,t7,t29,t32,t64,t23,t15,t35,t44,t45,t42,t14,t20,t3,t38,t40,t28,t46,t52
 WHERE a7=6
   AND b30=a49
   AND a21=b8
   AND b56=a60
   AND b44=a28
   AND b47=a52
   AND a24=b20
   AND a63=b42
   AND a62=b39
   AND a40=b38
   AND a8=b34
   AND b51=a22
   AND a19=b13
   AND a36=b19
   AND b18=a59
   AND b53=a29
   AND a38=b59
   AND b31=a1
   AND b32=a45
   AND a32=b61
   AND a51=b45
   AND b43=a42
   AND a61=b60
   AND b27=a15
   AND a34=b48
   AND a9=b15
   AND b25=a64
   AND b63=a18
   AND a56=b17
   AND a48=b3
   AND a54=b36
   AND b33=a31
   AND b54=a20
   AND a3=b64
   AND b35=a7
   AND a46=b55
   AND a39=b2
   AND b29=a14
   AND b14=a27
   AND a57=b28
   AND b23=a43
   AND b62=a26
   AND b16=a35
   AND a16=b1
   AND b22=a30
   AND a53=b26
   AND b9=a37
   AND a55=b40
   AND a5=b57
   AND b21=a44
   AND a47=b37
   AND a33=b41
   AND b49=a23
   AND b46=a41
   AND b24=a2
   AND b5=a13
   AND a17=b52
----
57 values hashing to 9be6d85ffc8b9d4119a5c5daf3c7d09e
