statement ok
CREATE TABLE t1(
  a1 INTEGER PRIMARY KEY,
  b1 INTEGER,
  x1 VARCHAR(40)
)

statement ok
INSERT INTO t1 VALUES(1,1,'table t1 row 1')

statement ok
INSERT INTO t1 VALUES(2,9,'table t1 row 2')

statement ok
INSERT INTO t1 VALUES(3,8,'table t1 row 3')

statement ok
INSERT INTO t1 VALUES(4,4,'table t1 row 4')

statement ok
INSERT INTO t1 VALUES(5,2,'table t1 row 5')

statement ok
INSERT INTO t1 VALUES(6,3,'table t1 row 6')

statement ok
INSERT INTO t1 VALUES(7,6,'table t1 row 7')

statement ok
INSERT INTO t1 VALUES(8,7,'table t1 row 8')

statement ok
INSERT INTO t1 VALUES(9,10,'table t1 row 9')

statement ok
INSERT INTO t1 VALUES(10,5,'table t1 row 10')

statement ok
CREATE TABLE t2(
  a2 INTEGER PRIMARY KEY,
  b2 INTEGER,
  x2 VARCHAR(40)
)

statement ok
INSERT INTO t2 VALUES(1,7,'table t2 row 1')

statement ok
INSERT INTO t2 VALUES(2,5,'table t2 row 2')

statement ok
INSERT INTO t2 VALUES(3,9,'table t2 row 3')

statement ok
INSERT INTO t2 VALUES(4,3,'table t2 row 4')

statement ok
INSERT INTO t2 VALUES(5,2,'table t2 row 5')

statement ok
INSERT INTO t2 VALUES(6,10,'table t2 row 6')

statement ok
INSERT INTO t2 VALUES(7,8,'table t2 row 7')

statement ok
INSERT INTO t2 VALUES(8,6,'table t2 row 8')

statement ok
INSERT INTO t2 VALUES(9,4,'table t2 row 9')

statement ok
INSERT INTO t2 VALUES(10,1,'table t2 row 10')

statement ok
CREATE TABLE t3(
  a3 INTEGER PRIMARY KEY,
  b3 INTEGER,
  x3 VARCHAR(40)
)

statement ok
INSERT INTO t3 VALUES(1,6,'table t3 row 1')

statement ok
INSERT INTO t3 VALUES(2,8,'table t3 row 2')

statement ok
INSERT INTO t3 VALUES(3,3,'table t3 row 3')

statement ok
INSERT INTO t3 VALUES(4,2,'table t3 row 4')

statement ok
INSERT INTO t3 VALUES(5,4,'table t3 row 5')

statement ok
INSERT INTO t3 VALUES(6,5,'table t3 row 6')

statement ok
INSERT INTO t3 VALUES(7,9,'table t3 row 7')

statement ok
INSERT INTO t3 VALUES(8,10,'table t3 row 8')

statement ok
INSERT INTO t3 VALUES(9,1,'table t3 row 9')

statement ok
INSERT INTO t3 VALUES(10,7,'table t3 row 10')

statement ok
CREATE TABLE t4(
  a4 INTEGER PRIMARY KEY,
  b4 INTEGER,
  x4 VARCHAR(40)
)

statement ok
INSERT INTO t4 VALUES(1,2,'table t4 row 1')

statement ok
INSERT INTO t4 VALUES(2,6,'table t4 row 2')

statement ok
INSERT INTO t4 VALUES(3,10,'table t4 row 3')

statement ok
INSERT INTO t4 VALUES(4,4,'table t4 row 4')

statement ok
INSERT INTO t4 VALUES(5,1,'table t4 row 5')

statement ok
INSERT INTO t4 VALUES(6,8,'table t4 row 6')

statement ok
INSERT INTO t4 VALUES(7,7,'table t4 row 7')

statement ok
INSERT INTO t4 VALUES(8,5,'table t4 row 8')

statement ok
INSERT INTO t4 VALUES(9,3,'table t4 row 9')

statement ok
INSERT INTO t4 VALUES(10,9,'table t4 row 10')

statement ok
CREATE TABLE t5(
  a5 INTEGER PRIMARY KEY,
  b5 INTEGER,
  x5 VARCHAR(40)
)

statement ok
INSERT INTO t5 VALUES(1,9,'table t5 row 1')

statement ok
INSERT INTO t5 VALUES(2,5,'table t5 row 2')

statement ok
INSERT INTO t5 VALUES(3,10,'table t5 row 3')

statement ok
INSERT INTO t5 VALUES(4,7,'table t5 row 4')

statement ok
INSERT INTO t5 VALUES(5,4,'table t5 row 5')

statement ok
INSERT INTO t5 VALUES(6,2,'table t5 row 6')

statement ok
INSERT INTO t5 VALUES(7,1,'table t5 row 7')

statement ok
INSERT INTO t5 VALUES(8,8,'table t5 row 8')

statement ok
INSERT INTO t5 VALUES(9,3,'table t5 row 9')

statement ok
INSERT INTO t5 VALUES(10,6,'table t5 row 10')

statement ok
CREATE TABLE t6(
  a6 INTEGER PRIMARY KEY,
  b6 INTEGER,
  x6 VARCHAR(40)
)

statement ok
INSERT INTO t6 VALUES(1,2,'table t6 row 1')

statement ok
INSERT INTO t6 VALUES(2,5,'table t6 row 2')

statement ok
INSERT INTO t6 VALUES(3,9,'table t6 row 3')

statement ok
INSERT INTO t6 VALUES(4,3,'table t6 row 4')

statement ok
INSERT INTO t6 VALUES(5,1,'table t6 row 5')

statement ok
INSERT INTO t6 VALUES(6,8,'table t6 row 6')

statement ok
INSERT INTO t6 VALUES(7,10,'table t6 row 7')

statement ok
INSERT INTO t6 VALUES(8,6,'table t6 row 8')

statement ok
INSERT INTO t6 VALUES(9,4,'table t6 row 9')

statement ok
INSERT INTO t6 VALUES(10,7,'table t6 row 10')

statement ok
CREATE TABLE t7(
  a7 INTEGER PRIMARY KEY,
  b7 INTEGER,
  x7 VARCHAR(40)
)

statement ok
INSERT INTO t7 VALUES(1,1,'table t7 row 1')

statement ok
INSERT INTO t7 VALUES(2,5,'table t7 row 2')

statement ok
INSERT INTO t7 VALUES(3,3,'table t7 row 3')

statement ok
INSERT INTO t7 VALUES(4,9,'table t7 row 4')

statement ok
INSERT INTO t7 VALUES(5,8,'table t7 row 5')

statement ok
INSERT INTO t7 VALUES(6,4,'table t7 row 6')

statement ok
INSERT INTO t7 VALUES(7,2,'table t7 row 7')

statement ok
INSERT INTO t7 VALUES(8,10,'table t7 row 8')

statement ok
INSERT INTO t7 VALUES(9,6,'table t7 row 9')

statement ok
INSERT INTO t7 VALUES(10,7,'table t7 row 10')

statement ok
CREATE TABLE t8(
  a8 INTEGER PRIMARY KEY,
  b8 INTEGER,
  x8 VARCHAR(40)
)

statement ok
INSERT INTO t8 VALUES(1,3,'table t8 row 1')

statement ok
INSERT INTO t8 VALUES(2,10,'table t8 row 2')

statement ok
INSERT INTO t8 VALUES(3,8,'table t8 row 3')

statement ok
INSERT INTO t8 VALUES(4,6,'table t8 row 4')

statement ok
INSERT INTO t8 VALUES(5,7,'table t8 row 5')

statement ok
INSERT INTO t8 VALUES(6,4,'table t8 row 6')

statement ok
INSERT INTO t8 VALUES(7,2,'table t8 row 7')

statement ok
INSERT INTO t8 VALUES(8,9,'table t8 row 8')

statement ok
INSERT INTO t8 VALUES(9,5,'table t8 row 9')

statement ok
INSERT INTO t8 VALUES(10,1,'table t8 row 10')

statement ok
CREATE TABLE t9(
  a9 INTEGER PRIMARY KEY,
  b9 INTEGER,
  x9 VARCHAR(40)
)

statement ok
INSERT INTO t9 VALUES(1,3,'table t9 row 1')

statement ok
INSERT INTO t9 VALUES(2,4,'table t9 row 2')

statement ok
INSERT INTO t9 VALUES(3,6,'table t9 row 3')

statement ok
INSERT INTO t9 VALUES(4,5,'table t9 row 4')

statement ok
INSERT INTO t9 VALUES(5,9,'table t9 row 5')

statement ok
INSERT INTO t9 VALUES(6,7,'table t9 row 6')

statement ok
INSERT INTO t9 VALUES(7,2,'table t9 row 7')

statement ok
INSERT INTO t9 VALUES(8,1,'table t9 row 8')

statement ok
INSERT INTO t9 VALUES(9,10,'table t9 row 9')

statement ok
INSERT INTO t9 VALUES(10,8,'table t9 row 10')

statement ok
CREATE TABLE t10(
  a10 INTEGER PRIMARY KEY,
  b10 INTEGER,
  x10 VARCHAR(40)
)

statement ok
INSERT INTO t10 VALUES(1,8,'table t10 row 1')

statement ok
INSERT INTO t10 VALUES(2,10,'table t10 row 2')

statement ok
INSERT INTO t10 VALUES(3,7,'table t10 row 3')

statement ok
INSERT INTO t10 VALUES(4,1,'table t10 row 4')

statement ok
INSERT INTO t10 VALUES(5,5,'table t10 row 5')

statement ok
INSERT INTO t10 VALUES(6,4,'table t10 row 6')

statement ok
INSERT INTO t10 VALUES(7,3,'table t10 row 7')

statement ok
INSERT INTO t10 VALUES(8,9,'table t10 row 8')

statement ok
INSERT INTO t10 VALUES(9,6,'table t10 row 9')

statement ok
INSERT INTO t10 VALUES(10,2,'table t10 row 10')

statement ok
CREATE TABLE t11(
  a11 INTEGER PRIMARY KEY,
  b11 INTEGER,
  x11 VARCHAR(40)
)

statement ok
INSERT INTO t11 VALUES(1,5,'table t11 row 1')

statement ok
INSERT INTO t11 VALUES(2,8,'table t11 row 2')

statement ok
INSERT INTO t11 VALUES(3,3,'table t11 row 3')

statement ok
INSERT INTO t11 VALUES(4,1,'table t11 row 4')

statement ok
INSERT INTO t11 VALUES(5,4,'table t11 row 5')

statement ok
INSERT INTO t11 VALUES(6,7,'table t11 row 6')

statement ok
INSERT INTO t11 VALUES(7,6,'table t11 row 7')

statement ok
INSERT INTO t11 VALUES(8,9,'table t11 row 8')

statement ok
INSERT INTO t11 VALUES(9,2,'table t11 row 9')

statement ok
INSERT INTO t11 VALUES(10,10,'table t11 row 10')

statement ok
CREATE TABLE t12(
  a12 INTEGER PRIMARY KEY,
  b12 INTEGER,
  x12 VARCHAR(40)
)

statement ok
INSERT INTO t12 VALUES(1,4,'table t12 row 1')

statement ok
INSERT INTO t12 VALUES(2,2,'table t12 row 2')

statement ok
INSERT INTO t12 VALUES(3,5,'table t12 row 3')

statement ok
INSERT INTO t12 VALUES(4,6,'table t12 row 4')

statement ok
INSERT INTO t12 VALUES(5,9,'table t12 row 5')

statement ok
INSERT INTO t12 VALUES(6,7,'table t12 row 6')

statement ok
INSERT INTO t12 VALUES(7,10,'table t12 row 7')

statement ok
INSERT INTO t12 VALUES(8,1,'table t12 row 8')

statement ok
INSERT INTO t12 VALUES(9,8,'table t12 row 9')

statement ok
INSERT INTO t12 VALUES(10,3,'table t12 row 10')

statement ok
CREATE TABLE t13(
  a13 INTEGER PRIMARY KEY,
  b13 INTEGER,
  x13 VARCHAR(40)
)

statement ok
INSERT INTO t13 VALUES(1,10,'table t13 row 1')

statement ok
INSERT INTO t13 VALUES(2,7,'table t13 row 2')

statement ok
INSERT INTO t13 VALUES(3,6,'table t13 row 3')

statement ok
INSERT INTO t13 VALUES(4,2,'table t13 row 4')

statement ok
INSERT INTO t13 VALUES(5,8,'table t13 row 5')

statement ok
INSERT INTO t13 VALUES(6,4,'table t13 row 6')

statement ok
INSERT INTO t13 VALUES(7,1,'table t13 row 7')

statement ok
INSERT INTO t13 VALUES(8,9,'table t13 row 8')

statement ok
INSERT INTO t13 VALUES(9,3,'table t13 row 9')

statement ok
INSERT INTO t13 VALUES(10,5,'table t13 row 10')

statement ok
CREATE TABLE t14(
  a14 INTEGER PRIMARY KEY,
  b14 INTEGER,
  x14 VARCHAR(40)
)

statement ok
INSERT INTO t14 VALUES(1,5,'table t14 row 1')

statement ok
INSERT INTO t14 VALUES(2,3,'table t14 row 2')

statement ok
INSERT INTO t14 VALUES(3,9,'table t14 row 3')

statement ok
INSERT INTO t14 VALUES(4,7,'table t14 row 4')

statement ok
INSERT INTO t14 VALUES(5,4,'table t14 row 5')

statement ok
INSERT INTO t14 VALUES(6,1,'table t14 row 6')

statement ok
INSERT INTO t14 VALUES(7,8,'table t14 row 7')

statement ok
INSERT INTO t14 VALUES(8,2,'table t14 row 8')

statement ok
INSERT INTO t14 VALUES(9,10,'table t14 row 9')

statement ok
INSERT INTO t14 VALUES(10,6,'table t14 row 10')

statement ok
CREATE TABLE t15(
  a15 INTEGER PRIMARY KEY,
  b15 INTEGER,
  x15 VARCHAR(40)
)

statement ok
INSERT INTO t15 VALUES(1,7,'table t15 row 1')

statement ok
INSERT INTO t15 VALUES(2,1,'table t15 row 2')

statement ok
INSERT INTO t15 VALUES(3,5,'table t15 row 3')

statement ok
INSERT INTO t15 VALUES(4,2,'table t15 row 4')

statement ok
INSERT INTO t15 VALUES(5,4,'table t15 row 5')

statement ok
INSERT INTO t15 VALUES(6,6,'table t15 row 6')

statement ok
INSERT INTO t15 VALUES(7,3,'table t15 row 7')

statement ok
INSERT INTO t15 VALUES(8,10,'table t15 row 8')

statement ok
INSERT INTO t15 VALUES(9,9,'table t15 row 9')

statement ok
INSERT INTO t15 VALUES(10,8,'table t15 row 10')

statement ok
CREATE TABLE t16(
  a16 INTEGER PRIMARY KEY,
  b16 INTEGER,
  x16 VARCHAR(40)
)

statement ok
INSERT INTO t16 VALUES(1,5,'table t16 row 1')

statement ok
INSERT INTO t16 VALUES(2,3,'table t16 row 2')

statement ok
INSERT INTO t16 VALUES(3,4,'table t16 row 3')

statement ok
INSERT INTO t16 VALUES(4,7,'table t16 row 4')

statement ok
INSERT INTO t16 VALUES(5,6,'table t16 row 5')

statement ok
INSERT INTO t16 VALUES(6,9,'table t16 row 6')

statement ok
INSERT INTO t16 VALUES(7,2,'table t16 row 7')

statement ok
INSERT INTO t16 VALUES(8,10,'table t16 row 8')

statement ok
INSERT INTO t16 VALUES(9,8,'table t16 row 9')

statement ok
INSERT INTO t16 VALUES(10,1,'table t16 row 10')

statement ok
CREATE TABLE t17(
  a17 INTEGER PRIMARY KEY,
  b17 INTEGER,
  x17 VARCHAR(40)
)

statement ok
INSERT INTO t17 VALUES(1,7,'table t17 row 1')

statement ok
INSERT INTO t17 VALUES(2,2,'table t17 row 2')

statement ok
INSERT INTO t17 VALUES(3,3,'table t17 row 3')

statement ok
INSERT INTO t17 VALUES(4,1,'table t17 row 4')

statement ok
INSERT INTO t17 VALUES(5,4,'table t17 row 5')

statement ok
INSERT INTO t17 VALUES(6,5,'table t17 row 6')

statement ok
INSERT INTO t17 VALUES(7,8,'table t17 row 7')

statement ok
INSERT INTO t17 VALUES(8,9,'table t17 row 8')

statement ok
INSERT INTO t17 VALUES(9,6,'table t17 row 9')

statement ok
INSERT INTO t17 VALUES(10,10,'table t17 row 10')

statement ok
CREATE TABLE t18(
  a18 INTEGER PRIMARY KEY,
  b18 INTEGER,
  x18 VARCHAR(40)
)

statement ok
INSERT INTO t18 VALUES(1,1,'table t18 row 1')

statement ok
INSERT INTO t18 VALUES(2,8,'table t18 row 2')

statement ok
INSERT INTO t18 VALUES(3,3,'table t18 row 3')

statement ok
INSERT INTO t18 VALUES(4,5,'table t18 row 4')

statement ok
INSERT INTO t18 VALUES(5,10,'table t18 row 5')

statement ok
INSERT INTO t18 VALUES(6,6,'table t18 row 6')

statement ok
INSERT INTO t18 VALUES(7,9,'table t18 row 7')

statement ok
INSERT INTO t18 VALUES(8,7,'table t18 row 8')

statement ok
INSERT INTO t18 VALUES(9,2,'table t18 row 9')

statement ok
INSERT INTO t18 VALUES(10,4,'table t18 row 10')

statement ok
CREATE TABLE t19(
  a19 INTEGER PRIMARY KEY,
  b19 INTEGER,
  x19 VARCHAR(40)
)

statement ok
INSERT INTO t19 VALUES(1,4,'table t19 row 1')

statement ok
INSERT INTO t19 VALUES(2,7,'table t19 row 2')

statement ok
INSERT INTO t19 VALUES(3,2,'table t19 row 3')

statement ok
INSERT INTO t19 VALUES(4,6,'table t19 row 4')

statement ok
INSERT INTO t19 VALUES(5,9,'table t19 row 5')

statement ok
INSERT INTO t19 VALUES(6,10,'table t19 row 6')

statement ok
INSERT INTO t19 VALUES(7,1,'table t19 row 7')

statement ok
INSERT INTO t19 VALUES(8,5,'table t19 row 8')

statement ok
INSERT INTO t19 VALUES(9,8,'table t19 row 9')

statement ok
INSERT INTO t19 VALUES(10,3,'table t19 row 10')

statement ok
CREATE TABLE t20(
  a20 INTEGER PRIMARY KEY,
  b20 INTEGER,
  x20 VARCHAR(40)
)

statement ok
INSERT INTO t20 VALUES(1,10,'table t20 row 1')

statement ok
INSERT INTO t20 VALUES(2,9,'table t20 row 2')

statement ok
INSERT INTO t20 VALUES(3,3,'table t20 row 3')

statement ok
INSERT INTO t20 VALUES(4,7,'table t20 row 4')

statement ok
INSERT INTO t20 VALUES(5,6,'table t20 row 5')

statement ok
INSERT INTO t20 VALUES(6,2,'table t20 row 6')

statement ok
INSERT INTO t20 VALUES(7,1,'table t20 row 7')

statement ok
INSERT INTO t20 VALUES(8,4,'table t20 row 8')

statement ok
INSERT INTO t20 VALUES(9,5,'table t20 row 9')

statement ok
INSERT INTO t20 VALUES(10,8,'table t20 row 10')

statement ok
CREATE TABLE t21(
  a21 INTEGER PRIMARY KEY,
  b21 INTEGER,
  x21 VARCHAR(40)
)

statement ok
INSERT INTO t21 VALUES(1,7,'table t21 row 1')

statement ok
INSERT INTO t21 VALUES(2,9,'table t21 row 2')

statement ok
INSERT INTO t21 VALUES(3,6,'table t21 row 3')

statement ok
INSERT INTO t21 VALUES(4,3,'table t21 row 4')

statement ok
INSERT INTO t21 VALUES(5,5,'table t21 row 5')

statement ok
INSERT INTO t21 VALUES(6,4,'table t21 row 6')

statement ok
INSERT INTO t21 VALUES(7,1,'table t21 row 7')

statement ok
INSERT INTO t21 VALUES(8,10,'table t21 row 8')

statement ok
INSERT INTO t21 VALUES(9,8,'table t21 row 9')

statement ok
INSERT INTO t21 VALUES(10,2,'table t21 row 10')

statement ok
CREATE TABLE t22(
  a22 INTEGER PRIMARY KEY,
  b22 INTEGER,
  x22 VARCHAR(40)
)

statement ok
INSERT INTO t22 VALUES(1,7,'table t22 row 1')

statement ok
INSERT INTO t22 VALUES(2,3,'table t22 row 2')

statement ok
INSERT INTO t22 VALUES(3,6,'table t22 row 3')

statement ok
INSERT INTO t22 VALUES(4,4,'table t22 row 4')

statement ok
INSERT INTO t22 VALUES(5,2,'table t22 row 5')

statement ok
INSERT INTO t22 VALUES(6,8,'table t22 row 6')

statement ok
INSERT INTO t22 VALUES(7,9,'table t22 row 7')

statement ok
INSERT INTO t22 VALUES(8,10,'table t22 row 8')

statement ok
INSERT INTO t22 VALUES(9,5,'table t22 row 9')

statement ok
INSERT INTO t22 VALUES(10,1,'table t22 row 10')

statement ok
CREATE TABLE t23(
  a23 INTEGER PRIMARY KEY,
  b23 INTEGER,
  x23 VARCHAR(40)
)

statement ok
INSERT INTO t23 VALUES(1,9,'table t23 row 1')

statement ok
INSERT INTO t23 VALUES(2,4,'table t23 row 2')

statement ok
INSERT INTO t23 VALUES(3,2,'table t23 row 3')

statement ok
INSERT INTO t23 VALUES(4,8,'table t23 row 4')

statement ok
INSERT INTO t23 VALUES(5,3,'table t23 row 5')

statement ok
INSERT INTO t23 VALUES(6,6,'table t23 row 6')

statement ok
INSERT INTO t23 VALUES(7,7,'table t23 row 7')

statement ok
INSERT INTO t23 VALUES(8,5,'table t23 row 8')

statement ok
INSERT INTO t23 VALUES(9,10,'table t23 row 9')

statement ok
INSERT INTO t23 VALUES(10,1,'table t23 row 10')

statement ok
CREATE TABLE t24(
  a24 INTEGER PRIMARY KEY,
  b24 INTEGER,
  x24 VARCHAR(40)
)

statement ok
INSERT INTO t24 VALUES(1,10,'table t24 row 1')

statement ok
INSERT INTO t24 VALUES(2,3,'table t24 row 2')

statement ok
INSERT INTO t24 VALUES(3,8,'table t24 row 3')

statement ok
INSERT INTO t24 VALUES(4,2,'table t24 row 4')

statement ok
INSERT INTO t24 VALUES(5,5,'table t24 row 5')

statement ok
INSERT INTO t24 VALUES(6,4,'table t24 row 6')

statement ok
INSERT INTO t24 VALUES(7,6,'table t24 row 7')

statement ok
INSERT INTO t24 VALUES(8,9,'table t24 row 8')

statement ok
INSERT INTO t24 VALUES(9,1,'table t24 row 9')

statement ok
INSERT INTO t24 VALUES(10,7,'table t24 row 10')

statement ok
CREATE TABLE t25(
  a25 INTEGER PRIMARY KEY,
  b25 INTEGER,
  x25 VARCHAR(40)
)

statement ok
INSERT INTO t25 VALUES(1,7,'table t25 row 1')

statement ok
INSERT INTO t25 VALUES(2,6,'table t25 row 2')

statement ok
INSERT INTO t25 VALUES(3,5,'table t25 row 3')

statement ok
INSERT INTO t25 VALUES(4,1,'table t25 row 4')

statement ok
INSERT INTO t25 VALUES(5,8,'table t25 row 5')

statement ok
INSERT INTO t25 VALUES(6,9,'table t25 row 6')

statement ok
INSERT INTO t25 VALUES(7,3,'table t25 row 7')

statement ok
INSERT INTO t25 VALUES(8,2,'table t25 row 8')

statement ok
INSERT INTO t25 VALUES(9,4,'table t25 row 9')

statement ok
INSERT INTO t25 VALUES(10,10,'table t25 row 10')

statement ok
CREATE TABLE t26(
  a26 INTEGER PRIMARY KEY,
  b26 INTEGER,
  x26 VARCHAR(40)
)

statement ok
INSERT INTO t26 VALUES(1,2,'table t26 row 1')

statement ok
INSERT INTO t26 VALUES(2,7,'table t26 row 2')

statement ok
INSERT INTO t26 VALUES(3,5,'table t26 row 3')

statement ok
INSERT INTO t26 VALUES(4,1,'table t26 row 4')

statement ok
INSERT INTO t26 VALUES(5,8,'table t26 row 5')

statement ok
INSERT INTO t26 VALUES(6,6,'table t26 row 6')

statement ok
INSERT INTO t26 VALUES(7,4,'table t26 row 7')

statement ok
INSERT INTO t26 VALUES(8,9,'table t26 row 8')

statement ok
INSERT INTO t26 VALUES(9,3,'table t26 row 9')

statement ok
INSERT INTO t26 VALUES(10,10,'table t26 row 10')

statement ok
CREATE TABLE t27(
  a27 INTEGER PRIMARY KEY,
  b27 INTEGER,
  x27 VARCHAR(40)
)

statement ok
INSERT INTO t27 VALUES(1,8,'table t27 row 1')

statement ok
INSERT INTO t27 VALUES(2,3,'table t27 row 2')

statement ok
INSERT INTO t27 VALUES(3,6,'table t27 row 3')

statement ok
INSERT INTO t27 VALUES(4,7,'table t27 row 4')

statement ok
INSERT INTO t27 VALUES(5,4,'table t27 row 5')

statement ok
INSERT INTO t27 VALUES(6,2,'table t27 row 6')

statement ok
INSERT INTO t27 VALUES(7,10,'table t27 row 7')

statement ok
INSERT INTO t27 VALUES(8,9,'table t27 row 8')

statement ok
INSERT INTO t27 VALUES(9,5,'table t27 row 9')

statement ok
INSERT INTO t27 VALUES(10,1,'table t27 row 10')

statement ok
CREATE TABLE t28(
  a28 INTEGER PRIMARY KEY,
  b28 INTEGER,
  x28 VARCHAR(40)
)

statement ok
INSERT INTO t28 VALUES(1,6,'table t28 row 1')

statement ok
INSERT INTO t28 VALUES(2,10,'table t28 row 2')

statement ok
INSERT INTO t28 VALUES(3,2,'table t28 row 3')

statement ok
INSERT INTO t28 VALUES(4,4,'table t28 row 4')

statement ok
INSERT INTO t28 VALUES(5,5,'table t28 row 5')

statement ok
INSERT INTO t28 VALUES(6,9,'table t28 row 6')

statement ok
INSERT INTO t28 VALUES(7,3,'table t28 row 7')

statement ok
INSERT INTO t28 VALUES(8,8,'table t28 row 8')

statement ok
INSERT INTO t28 VALUES(9,7,'table t28 row 9')

statement ok
INSERT INTO t28 VALUES(10,1,'table t28 row 10')

statement ok
CREATE TABLE t29(
  a29 INTEGER PRIMARY KEY,
  b29 INTEGER,
  x29 VARCHAR(40)
)

statement ok
INSERT INTO t29 VALUES(1,4,'table t29 row 1')

statement ok
INSERT INTO t29 VALUES(2,2,'table t29 row 2')

statement ok
INSERT INTO t29 VALUES(3,9,'table t29 row 3')

statement ok
INSERT INTO t29 VALUES(4,8,'table t29 row 4')

statement ok
INSERT INTO t29 VALUES(5,10,'table t29 row 5')

statement ok
INSERT INTO t29 VALUES(6,3,'table t29 row 6')

statement ok
INSERT INTO t29 VALUES(7,7,'table t29 row 7')

statement ok
INSERT INTO t29 VALUES(8,6,'table t29 row 8')

statement ok
INSERT INTO t29 VALUES(9,5,'table t29 row 9')

statement ok
INSERT INTO t29 VALUES(10,1,'table t29 row 10')

statement ok
CREATE TABLE t30(
  a30 INTEGER PRIMARY KEY,
  b30 INTEGER,
  x30 VARCHAR(40)
)

statement ok
INSERT INTO t30 VALUES(1,5,'table t30 row 1')

statement ok
INSERT INTO t30 VALUES(2,6,'table t30 row 2')

statement ok
INSERT INTO t30 VALUES(3,10,'table t30 row 3')

statement ok
INSERT INTO t30 VALUES(4,3,'table t30 row 4')

statement ok
INSERT INTO t30 VALUES(5,7,'table t30 row 5')

statement ok
INSERT INTO t30 VALUES(6,4,'table t30 row 6')

statement ok
INSERT INTO t30 VALUES(7,9,'table t30 row 7')

statement ok
INSERT INTO t30 VALUES(8,8,'table t30 row 8')

statement ok
INSERT INTO t30 VALUES(9,2,'table t30 row 9')

statement ok
INSERT INTO t30 VALUES(10,1,'table t30 row 10')

statement ok
CREATE TABLE t31(
  a31 INTEGER PRIMARY KEY,
  b31 INTEGER,
  x31 VARCHAR(40)
)

statement ok
INSERT INTO t31 VALUES(1,1,'table t31 row 1')

statement ok
INSERT INTO t31 VALUES(2,6,'table t31 row 2')

statement ok
INSERT INTO t31 VALUES(3,4,'table t31 row 3')

statement ok
INSERT INTO t31 VALUES(4,8,'table t31 row 4')

statement ok
INSERT INTO t31 VALUES(5,2,'table t31 row 5')

statement ok
INSERT INTO t31 VALUES(6,9,'table t31 row 6')

statement ok
INSERT INTO t31 VALUES(7,7,'table t31 row 7')

statement ok
INSERT INTO t31 VALUES(8,3,'table t31 row 8')

statement ok
INSERT INTO t31 VALUES(9,5,'table t31 row 9')

statement ok
INSERT INTO t31 VALUES(10,10,'table t31 row 10')

statement ok
CREATE TABLE t32(
  a32 INTEGER PRIMARY KEY,
  b32 INTEGER,
  x32 VARCHAR(40)
)

statement ok
INSERT INTO t32 VALUES(1,10,'table t32 row 1')

statement ok
INSERT INTO t32 VALUES(2,2,'table t32 row 2')

statement ok
INSERT INTO t32 VALUES(3,6,'table t32 row 3')

statement ok
INSERT INTO t32 VALUES(4,3,'table t32 row 4')

statement ok
INSERT INTO t32 VALUES(5,4,'table t32 row 5')

statement ok
INSERT INTO t32 VALUES(6,1,'table t32 row 6')

statement ok
INSERT INTO t32 VALUES(7,7,'table t32 row 7')

statement ok
INSERT INTO t32 VALUES(8,5,'table t32 row 8')

statement ok
INSERT INTO t32 VALUES(9,9,'table t32 row 9')

statement ok
INSERT INTO t32 VALUES(10,8,'table t32 row 10')

statement ok
CREATE TABLE t33(
  a33 INTEGER PRIMARY KEY,
  b33 INTEGER,
  x33 VARCHAR(40)
)

statement ok
INSERT INTO t33 VALUES(1,8,'table t33 row 1')

statement ok
INSERT INTO t33 VALUES(2,4,'table t33 row 2')

statement ok
INSERT INTO t33 VALUES(3,5,'table t33 row 3')

statement ok
INSERT INTO t33 VALUES(4,1,'table t33 row 4')

statement ok
INSERT INTO t33 VALUES(5,2,'table t33 row 5')

statement ok
INSERT INTO t33 VALUES(6,10,'table t33 row 6')

statement ok
INSERT INTO t33 VALUES(7,3,'table t33 row 7')

statement ok
INSERT INTO t33 VALUES(8,6,'table t33 row 8')

statement ok
INSERT INTO t33 VALUES(9,7,'table t33 row 9')

statement ok
INSERT INTO t33 VALUES(10,9,'table t33 row 10')

statement ok
CREATE TABLE t34(
  a34 INTEGER PRIMARY KEY,
  b34 INTEGER,
  x34 VARCHAR(40)
)

statement ok
INSERT INTO t34 VALUES(1,10,'table t34 row 1')

statement ok
INSERT INTO t34 VALUES(2,1,'table t34 row 2')

statement ok
INSERT INTO t34 VALUES(3,6,'table t34 row 3')

statement ok
INSERT INTO t34 VALUES(4,5,'table t34 row 4')

statement ok
INSERT INTO t34 VALUES(5,9,'table t34 row 5')

statement ok
INSERT INTO t34 VALUES(6,8,'table t34 row 6')

statement ok
INSERT INTO t34 VALUES(7,2,'table t34 row 7')

statement ok
INSERT INTO t34 VALUES(8,4,'table t34 row 8')

statement ok
INSERT INTO t34 VALUES(9,3,'table t34 row 9')

statement ok
INSERT INTO t34 VALUES(10,7,'table t34 row 10')

statement ok
CREATE TABLE t35(
  a35 INTEGER PRIMARY KEY,
  b35 INTEGER,
  x35 VARCHAR(40)
)

statement ok
INSERT INTO t35 VALUES(1,3,'table t35 row 1')

statement ok
INSERT INTO t35 VALUES(2,7,'table t35 row 2')

statement ok
INSERT INTO t35 VALUES(3,6,'table t35 row 3')

statement ok
INSERT INTO t35 VALUES(4,5,'table t35 row 4')

statement ok
INSERT INTO t35 VALUES(5,1,'table t35 row 5')

statement ok
INSERT INTO t35 VALUES(6,4,'table t35 row 6')

statement ok
INSERT INTO t35 VALUES(7,2,'table t35 row 7')

statement ok
INSERT INTO t35 VALUES(8,10,'table t35 row 8')

statement ok
INSERT INTO t35 VALUES(9,8,'table t35 row 9')

statement ok
INSERT INTO t35 VALUES(10,9,'table t35 row 10')

statement ok
CREATE TABLE t36(
  a36 INTEGER PRIMARY KEY,
  b36 INTEGER,
  x36 VARCHAR(40)
)

statement ok
INSERT INTO t36 VALUES(1,7,'table t36 row 1')

statement ok
INSERT INTO t36 VALUES(2,8,'table t36 row 2')

statement ok
INSERT INTO t36 VALUES(3,6,'table t36 row 3')

statement ok
INSERT INTO t36 VALUES(4,4,'table t36 row 4')

statement ok
INSERT INTO t36 VALUES(5,9,'table t36 row 5')

statement ok
INSERT INTO t36 VALUES(6,1,'table t36 row 6')

statement ok
INSERT INTO t36 VALUES(7,2,'table t36 row 7')

statement ok
INSERT INTO t36 VALUES(8,3,'table t36 row 8')

statement ok
INSERT INTO t36 VALUES(9,5,'table t36 row 9')

statement ok
INSERT INTO t36 VALUES(10,10,'table t36 row 10')

statement ok
CREATE TABLE t37(
  a37 INTEGER PRIMARY KEY,
  b37 INTEGER,
  x37 VARCHAR(40)
)

statement ok
INSERT INTO t37 VALUES(1,1,'table t37 row 1')

statement ok
INSERT INTO t37 VALUES(2,9,'table t37 row 2')

statement ok
INSERT INTO t37 VALUES(3,7,'table t37 row 3')

statement ok
INSERT INTO t37 VALUES(4,3,'table t37 row 4')

statement ok
INSERT INTO t37 VALUES(5,8,'table t37 row 5')

statement ok
INSERT INTO t37 VALUES(6,6,'table t37 row 6')

statement ok
INSERT INTO t37 VALUES(7,5,'table t37 row 7')

statement ok
INSERT INTO t37 VALUES(8,2,'table t37 row 8')

statement ok
INSERT INTO t37 VALUES(9,10,'table t37 row 9')

statement ok
INSERT INTO t37 VALUES(10,4,'table t37 row 10')

statement ok
CREATE TABLE t38(
  a38 INTEGER PRIMARY KEY,
  b38 INTEGER,
  x38 VARCHAR(40)
)

statement ok
INSERT INTO t38 VALUES(1,2,'table t38 row 1')

statement ok
INSERT INTO t38 VALUES(2,10,'table t38 row 2')

statement ok
INSERT INTO t38 VALUES(3,5,'table t38 row 3')

statement ok
INSERT INTO t38 VALUES(4,6,'table t38 row 4')

statement ok
INSERT INTO t38 VALUES(5,4,'table t38 row 5')

statement ok
INSERT INTO t38 VALUES(6,1,'table t38 row 6')

statement ok
INSERT INTO t38 VALUES(7,7,'table t38 row 7')

statement ok
INSERT INTO t38 VALUES(8,8,'table t38 row 8')

statement ok
INSERT INTO t38 VALUES(9,9,'table t38 row 9')

statement ok
INSERT INTO t38 VALUES(10,3,'table t38 row 10')

statement ok
CREATE TABLE t39(
  a39 INTEGER PRIMARY KEY,
  b39 INTEGER,
  x39 VARCHAR(40)
)

statement ok
INSERT INTO t39 VALUES(1,9,'table t39 row 1')

statement ok
INSERT INTO t39 VALUES(2,2,'table t39 row 2')

statement ok
INSERT INTO t39 VALUES(3,3,'table t39 row 3')

statement ok
INSERT INTO t39 VALUES(4,10,'table t39 row 4')

statement ok
INSERT INTO t39 VALUES(5,4,'table t39 row 5')

statement ok
INSERT INTO t39 VALUES(6,7,'table t39 row 6')

statement ok
INSERT INTO t39 VALUES(7,6,'table t39 row 7')

statement ok
INSERT INTO t39 VALUES(8,5,'table t39 row 8')

statement ok
INSERT INTO t39 VALUES(9,1,'table t39 row 9')

statement ok
INSERT INTO t39 VALUES(10,8,'table t39 row 10')

statement ok
CREATE TABLE t40(
  a40 INTEGER PRIMARY KEY,
  b40 INTEGER,
  x40 VARCHAR(40)
)

statement ok
INSERT INTO t40 VALUES(1,4,'table t40 row 1')

statement ok
INSERT INTO t40 VALUES(2,3,'table t40 row 2')

statement ok
INSERT INTO t40 VALUES(3,10,'table t40 row 3')

statement ok
INSERT INTO t40 VALUES(4,7,'table t40 row 4')

statement ok
INSERT INTO t40 VALUES(5,8,'table t40 row 5')

statement ok
INSERT INTO t40 VALUES(6,5,'table t40 row 6')

statement ok
INSERT INTO t40 VALUES(7,6,'table t40 row 7')

statement ok
INSERT INTO t40 VALUES(8,2,'table t40 row 8')

statement ok
INSERT INTO t40 VALUES(9,9,'table t40 row 9')

statement ok
INSERT INTO t40 VALUES(10,1,'table t40 row 10')

statement ok
CREATE TABLE t41(
  a41 INTEGER PRIMARY KEY,
  b41 INTEGER,
  x41 VARCHAR(40)
)

statement ok
INSERT INTO t41 VALUES(1,6,'table t41 row 1')

statement ok
INSERT INTO t41 VALUES(2,1,'table t41 row 2')

statement ok
INSERT INTO t41 VALUES(3,3,'table t41 row 3')

statement ok
INSERT INTO t41 VALUES(4,2,'table t41 row 4')

statement ok
INSERT INTO t41 VALUES(5,9,'table t41 row 5')

statement ok
INSERT INTO t41 VALUES(6,5,'table t41 row 6')

statement ok
INSERT INTO t41 VALUES(7,8,'table t41 row 7')

statement ok
INSERT INTO t41 VALUES(8,7,'table t41 row 8')

statement ok
INSERT INTO t41 VALUES(9,10,'table t41 row 9')

statement ok
INSERT INTO t41 VALUES(10,4,'table t41 row 10')

statement ok
CREATE TABLE t42(
  a42 INTEGER PRIMARY KEY,
  b42 INTEGER,
  x42 VARCHAR(40)
)

statement ok
INSERT INTO t42 VALUES(1,10,'table t42 row 1')

statement ok
INSERT INTO t42 VALUES(2,3,'table t42 row 2')

statement ok
INSERT INTO t42 VALUES(3,7,'table t42 row 3')

statement ok
INSERT INTO t42 VALUES(4,6,'table t42 row 4')

statement ok
INSERT INTO t42 VALUES(5,8,'table t42 row 5')

statement ok
INSERT INTO t42 VALUES(6,2,'table t42 row 6')

statement ok
INSERT INTO t42 VALUES(7,5,'table t42 row 7')

statement ok
INSERT INTO t42 VALUES(8,9,'table t42 row 8')

statement ok
INSERT INTO t42 VALUES(9,1,'table t42 row 9')

statement ok
INSERT INTO t42 VALUES(10,4,'table t42 row 10')

statement ok
CREATE TABLE t43(
  a43 INTEGER PRIMARY KEY,
  b43 INTEGER,
  x43 VARCHAR(40)
)

statement ok
INSERT INTO t43 VALUES(1,2,'table t43 row 1')

statement ok
INSERT INTO t43 VALUES(2,3,'table t43 row 2')

statement ok
INSERT INTO t43 VALUES(3,8,'table t43 row 3')

statement ok
INSERT INTO t43 VALUES(4,5,'table t43 row 4')

statement ok
INSERT INTO t43 VALUES(5,10,'table t43 row 5')

statement ok
INSERT INTO t43 VALUES(6,6,'table t43 row 6')

statement ok
INSERT INTO t43 VALUES(7,4,'table t43 row 7')

statement ok
INSERT INTO t43 VALUES(8,1,'table t43 row 8')

statement ok
INSERT INTO t43 VALUES(9,9,'table t43 row 9')

statement ok
INSERT INTO t43 VALUES(10,7,'table t43 row 10')

statement ok
CREATE TABLE t44(
  a44 INTEGER PRIMARY KEY,
  b44 INTEGER,
  x44 VARCHAR(40)
)

statement ok
INSERT INTO t44 VALUES(1,8,'table t44 row 1')

statement ok
INSERT INTO t44 VALUES(2,10,'table t44 row 2')

statement ok
INSERT INTO t44 VALUES(3,5,'table t44 row 3')

statement ok
INSERT INTO t44 VALUES(4,3,'table t44 row 4')

statement ok
INSERT INTO t44 VALUES(5,9,'table t44 row 5')

statement ok
INSERT INTO t44 VALUES(6,6,'table t44 row 6')

statement ok
INSERT INTO t44 VALUES(7,2,'table t44 row 7')

statement ok
INSERT INTO t44 VALUES(8,7,'table t44 row 8')

statement ok
INSERT INTO t44 VALUES(9,1,'table t44 row 9')

statement ok
INSERT INTO t44 VALUES(10,4,'table t44 row 10')

statement ok
CREATE TABLE t45(
  a45 INTEGER PRIMARY KEY,
  b45 INTEGER,
  x45 VARCHAR(40)
)

statement ok
INSERT INTO t45 VALUES(1,2,'table t45 row 1')

statement ok
INSERT INTO t45 VALUES(2,4,'table t45 row 2')

statement ok
INSERT INTO t45 VALUES(3,10,'table t45 row 3')

statement ok
INSERT INTO t45 VALUES(4,9,'table t45 row 4')

statement ok
INSERT INTO t45 VALUES(5,8,'table t45 row 5')

statement ok
INSERT INTO t45 VALUES(6,7,'table t45 row 6')

statement ok
INSERT INTO t45 VALUES(7,3,'table t45 row 7')

statement ok
INSERT INTO t45 VALUES(8,5,'table t45 row 8')

statement ok
INSERT INTO t45 VALUES(9,1,'table t45 row 9')

statement ok
INSERT INTO t45 VALUES(10,6,'table t45 row 10')

statement ok
CREATE TABLE t46(
  a46 INTEGER PRIMARY KEY,
  b46 INTEGER,
  x46 VARCHAR(40)
)

statement ok
INSERT INTO t46 VALUES(1,1,'table t46 row 1')

statement ok
INSERT INTO t46 VALUES(2,8,'table t46 row 2')

statement ok
INSERT INTO t46 VALUES(3,7,'table t46 row 3')

statement ok
INSERT INTO t46 VALUES(4,5,'table t46 row 4')

statement ok
INSERT INTO t46 VALUES(5,9,'table t46 row 5')

statement ok
INSERT INTO t46 VALUES(6,4,'table t46 row 6')

statement ok
INSERT INTO t46 VALUES(7,2,'table t46 row 7')

statement ok
INSERT INTO t46 VALUES(8,10,'table t46 row 8')

statement ok
INSERT INTO t46 VALUES(9,6,'table t46 row 9')

statement ok
INSERT INTO t46 VALUES(10,3,'table t46 row 10')

statement ok
CREATE TABLE t47(
  a47 INTEGER PRIMARY KEY,
  b47 INTEGER,
  x47 VARCHAR(40)
)

statement ok
INSERT INTO t47 VALUES(1,10,'table t47 row 1')

statement ok
INSERT INTO t47 VALUES(2,7,'table t47 row 2')

statement ok
INSERT INTO t47 VALUES(3,6,'table t47 row 3')

statement ok
INSERT INTO t47 VALUES(4,9,'table t47 row 4')

statement ok
INSERT INTO t47 VALUES(5,1,'table t47 row 5')

statement ok
INSERT INTO t47 VALUES(6,4,'table t47 row 6')

statement ok
INSERT INTO t47 VALUES(7,2,'table t47 row 7')

statement ok
INSERT INTO t47 VALUES(8,3,'table t47 row 8')

statement ok
INSERT INTO t47 VALUES(9,5,'table t47 row 9')

statement ok
INSERT INTO t47 VALUES(10,8,'table t47 row 10')

statement ok
CREATE TABLE t48(
  a48 INTEGER PRIMARY KEY,
  b48 INTEGER,
  x48 VARCHAR(40)
)

statement ok
INSERT INTO t48 VALUES(1,5,'table t48 row 1')

statement ok
INSERT INTO t48 VALUES(2,9,'table t48 row 2')

statement ok
INSERT INTO t48 VALUES(3,3,'table t48 row 3')

statement ok
INSERT INTO t48 VALUES(4,6,'table t48 row 4')

statement ok
INSERT INTO t48 VALUES(5,2,'table t48 row 5')

statement ok
INSERT INTO t48 VALUES(6,1,'table t48 row 6')

statement ok
INSERT INTO t48 VALUES(7,7,'table t48 row 7')

statement ok
INSERT INTO t48 VALUES(8,8,'table t48 row 8')

statement ok
INSERT INTO t48 VALUES(9,10,'table t48 row 9')

statement ok
INSERT INTO t48 VALUES(10,4,'table t48 row 10')

statement ok
CREATE TABLE t49(
  a49 INTEGER PRIMARY KEY,
  b49 INTEGER,
  x49 VARCHAR(40)
)

statement ok
INSERT INTO t49 VALUES(1,9,'table t49 row 1')

statement ok
INSERT INTO t49 VALUES(2,10,'table t49 row 2')

statement ok
INSERT INTO t49 VALUES(3,4,'table t49 row 3')

statement ok
INSERT INTO t49 VALUES(4,6,'table t49 row 4')

statement ok
INSERT INTO t49 VALUES(5,5,'table t49 row 5')

statement ok
INSERT INTO t49 VALUES(6,2,'table t49 row 6')

statement ok
INSERT INTO t49 VALUES(7,3,'table t49 row 7')

statement ok
INSERT INTO t49 VALUES(8,1,'table t49 row 8')

statement ok
INSERT INTO t49 VALUES(9,8,'table t49 row 9')

statement ok
INSERT INTO t49 VALUES(10,7,'table t49 row 10')

statement ok
CREATE TABLE t50(
  a50 INTEGER PRIMARY KEY,
  b50 INTEGER,
  x50 VARCHAR(40)
)

statement ok
INSERT INTO t50 VALUES(1,8,'table t50 row 1')

statement ok
INSERT INTO t50 VALUES(2,4,'table t50 row 2')

statement ok
INSERT INTO t50 VALUES(3,6,'table t50 row 3')

statement ok
INSERT INTO t50 VALUES(4,9,'table t50 row 4')

statement ok
INSERT INTO t50 VALUES(5,2,'table t50 row 5')

statement ok
INSERT INTO t50 VALUES(6,7,'table t50 row 6')

statement ok
INSERT INTO t50 VALUES(7,1,'table t50 row 7')

statement ok
INSERT INTO t50 VALUES(8,3,'table t50 row 8')

statement ok
INSERT INTO t50 VALUES(9,5,'table t50 row 9')

statement ok
INSERT INTO t50 VALUES(10,10,'table t50 row 10')

statement ok
CREATE TABLE t51(
  a51 INTEGER PRIMARY KEY,
  b51 INTEGER,
  x51 VARCHAR(40)
)

statement ok
INSERT INTO t51 VALUES(1,5,'table t51 row 1')

statement ok
INSERT INTO t51 VALUES(2,3,'table t51 row 2')

statement ok
INSERT INTO t51 VALUES(3,10,'table t51 row 3')

statement ok
INSERT INTO t51 VALUES(4,7,'table t51 row 4')

statement ok
INSERT INTO t51 VALUES(5,6,'table t51 row 5')

statement ok
INSERT INTO t51 VALUES(6,2,'table t51 row 6')

statement ok
INSERT INTO t51 VALUES(7,9,'table t51 row 7')

statement ok
INSERT INTO t51 VALUES(8,4,'table t51 row 8')

statement ok
INSERT INTO t51 VALUES(9,8,'table t51 row 9')

statement ok
INSERT INTO t51 VALUES(10,1,'table t51 row 10')

statement ok
CREATE TABLE t52(
  a52 INTEGER PRIMARY KEY,
  b52 INTEGER,
  x52 VARCHAR(40)
)

statement ok
INSERT INTO t52 VALUES(1,5,'table t52 row 1')

statement ok
INSERT INTO t52 VALUES(2,8,'table t52 row 2')

statement ok
INSERT INTO t52 VALUES(3,6,'table t52 row 3')

statement ok
INSERT INTO t52 VALUES(4,3,'table t52 row 4')

statement ok
INSERT INTO t52 VALUES(5,4,'table t52 row 5')

statement ok
INSERT INTO t52 VALUES(6,10,'table t52 row 6')

statement ok
INSERT INTO t52 VALUES(7,7,'table t52 row 7')

statement ok
INSERT INTO t52 VALUES(8,1,'table t52 row 8')

statement ok
INSERT INTO t52 VALUES(9,9,'table t52 row 9')

statement ok
INSERT INTO t52 VALUES(10,2,'table t52 row 10')

statement ok
CREATE TABLE t53(
  a53 INTEGER PRIMARY KEY,
  b53 INTEGER,
  x53 VARCHAR(40)
)

statement ok
INSERT INTO t53 VALUES(1,8,'table t53 row 1')

statement ok
INSERT INTO t53 VALUES(2,9,'table t53 row 2')

statement ok
INSERT INTO t53 VALUES(3,5,'table t53 row 3')

statement ok
INSERT INTO t53 VALUES(4,2,'table t53 row 4')

statement ok
INSERT INTO t53 VALUES(5,1,'table t53 row 5')

statement ok
INSERT INTO t53 VALUES(6,6,'table t53 row 6')

statement ok
INSERT INTO t53 VALUES(7,10,'table t53 row 7')

statement ok
INSERT INTO t53 VALUES(8,3,'table t53 row 8')

statement ok
INSERT INTO t53 VALUES(9,7,'table t53 row 9')

statement ok
INSERT INTO t53 VALUES(10,4,'table t53 row 10')

statement ok
CREATE TABLE t54(
  a54 INTEGER PRIMARY KEY,
  b54 INTEGER,
  x54 VARCHAR(40)
)

statement ok
INSERT INTO t54 VALUES(1,6,'table t54 row 1')

statement ok
INSERT INTO t54 VALUES(2,7,'table t54 row 2')

statement ok
INSERT INTO t54 VALUES(3,2,'table t54 row 3')

statement ok
INSERT INTO t54 VALUES(4,9,'table t54 row 4')

statement ok
INSERT INTO t54 VALUES(5,8,'table t54 row 5')

statement ok
INSERT INTO t54 VALUES(6,5,'table t54 row 6')

statement ok
INSERT INTO t54 VALUES(7,4,'table t54 row 7')

statement ok
INSERT INTO t54 VALUES(8,1,'table t54 row 8')

statement ok
INSERT INTO t54 VALUES(9,10,'table t54 row 9')

statement ok
INSERT INTO t54 VALUES(10,3,'table t54 row 10')

statement ok
CREATE TABLE t55(
  a55 INTEGER PRIMARY KEY,
  b55 INTEGER,
  x55 VARCHAR(40)
)

statement ok
INSERT INTO t55 VALUES(1,1,'table t55 row 1')

statement ok
INSERT INTO t55 VALUES(2,3,'table t55 row 2')

statement ok
INSERT INTO t55 VALUES(3,7,'table t55 row 3')

statement ok
INSERT INTO t55 VALUES(4,9,'table t55 row 4')

statement ok
INSERT INTO t55 VALUES(5,5,'table t55 row 5')

statement ok
INSERT INTO t55 VALUES(6,4,'table t55 row 6')

statement ok
INSERT INTO t55 VALUES(7,10,'table t55 row 7')

statement ok
INSERT INTO t55 VALUES(8,8,'table t55 row 8')

statement ok
INSERT INTO t55 VALUES(9,6,'table t55 row 9')

statement ok
INSERT INTO t55 VALUES(10,2,'table t55 row 10')

statement ok
CREATE TABLE t56(
  a56 INTEGER PRIMARY KEY,
  b56 INTEGER,
  x56 VARCHAR(40)
)

statement ok
INSERT INTO t56 VALUES(1,7,'table t56 row 1')

statement ok
INSERT INTO t56 VALUES(2,3,'table t56 row 2')

statement ok
INSERT INTO t56 VALUES(3,6,'table t56 row 3')

statement ok
INSERT INTO t56 VALUES(4,9,'table t56 row 4')

statement ok
INSERT INTO t56 VALUES(5,2,'table t56 row 5')

statement ok
INSERT INTO t56 VALUES(6,8,'table t56 row 6')

statement ok
INSERT INTO t56 VALUES(7,5,'table t56 row 7')

statement ok
INSERT INTO t56 VALUES(8,1,'table t56 row 8')

statement ok
INSERT INTO t56 VALUES(9,10,'table t56 row 9')

statement ok
INSERT INTO t56 VALUES(10,4,'table t56 row 10')

statement ok
CREATE TABLE t57(
  a57 INTEGER PRIMARY KEY,
  b57 INTEGER,
  x57 VARCHAR(40)
)

statement ok
INSERT INTO t57 VALUES(1,9,'table t57 row 1')

statement ok
INSERT INTO t57 VALUES(2,5,'table t57 row 2')

statement ok
INSERT INTO t57 VALUES(3,4,'table t57 row 3')

statement ok
INSERT INTO t57 VALUES(4,8,'table t57 row 4')

statement ok
INSERT INTO t57 VALUES(5,2,'table t57 row 5')

statement ok
INSERT INTO t57 VALUES(6,3,'table t57 row 6')

statement ok
INSERT INTO t57 VALUES(7,10,'table t57 row 7')

statement ok
INSERT INTO t57 VALUES(8,7,'table t57 row 8')

statement ok
INSERT INTO t57 VALUES(9,1,'table t57 row 9')

statement ok
INSERT INTO t57 VALUES(10,6,'table t57 row 10')

statement ok
CREATE TABLE t58(
  a58 INTEGER PRIMARY KEY,
  b58 INTEGER,
  x58 VARCHAR(40)
)

statement ok
INSERT INTO t58 VALUES(1,10,'table t58 row 1')

statement ok
INSERT INTO t58 VALUES(2,3,'table t58 row 2')

statement ok
INSERT INTO t58 VALUES(3,2,'table t58 row 3')

statement ok
INSERT INTO t58 VALUES(4,8,'table t58 row 4')

statement ok
INSERT INTO t58 VALUES(5,4,'table t58 row 5')

statement ok
INSERT INTO t58 VALUES(6,1,'table t58 row 6')

statement ok
INSERT INTO t58 VALUES(7,5,'table t58 row 7')

statement ok
INSERT INTO t58 VALUES(8,6,'table t58 row 8')

statement ok
INSERT INTO t58 VALUES(9,7,'table t58 row 9')

statement ok
INSERT INTO t58 VALUES(10,9,'table t58 row 10')

statement ok
CREATE TABLE t59(
  a59 INTEGER PRIMARY KEY,
  b59 INTEGER,
  x59 VARCHAR(40)
)

statement ok
INSERT INTO t59 VALUES(1,9,'table t59 row 1')

statement ok
INSERT INTO t59 VALUES(2,10,'table t59 row 2')

statement ok
INSERT INTO t59 VALUES(3,4,'table t59 row 3')

statement ok
INSERT INTO t59 VALUES(4,2,'table t59 row 4')

statement ok
INSERT INTO t59 VALUES(5,1,'table t59 row 5')

statement ok
INSERT INTO t59 VALUES(6,3,'table t59 row 6')

statement ok
INSERT INTO t59 VALUES(7,7,'table t59 row 7')

statement ok
INSERT INTO t59 VALUES(8,5,'table t59 row 8')

statement ok
INSERT INTO t59 VALUES(9,8,'table t59 row 9')

statement ok
INSERT INTO t59 VALUES(10,6,'table t59 row 10')

statement ok
CREATE TABLE t60(
  a60 INTEGER PRIMARY KEY,
  b60 INTEGER,
  x60 VARCHAR(40)
)

statement ok
INSERT INTO t60 VALUES(1,8,'table t60 row 1')

statement ok
INSERT INTO t60 VALUES(2,10,'table t60 row 2')

statement ok
INSERT INTO t60 VALUES(3,1,'table t60 row 3')

statement ok
INSERT INTO t60 VALUES(4,7,'table t60 row 4')

statement ok
INSERT INTO t60 VALUES(5,5,'table t60 row 5')

statement ok
INSERT INTO t60 VALUES(6,9,'table t60 row 6')

statement ok
INSERT INTO t60 VALUES(7,3,'table t60 row 7')

statement ok
INSERT INTO t60 VALUES(8,2,'table t60 row 8')

statement ok
INSERT INTO t60 VALUES(9,6,'table t60 row 9')

statement ok
INSERT INTO t60 VALUES(10,4,'table t60 row 10')

statement ok
CREATE TABLE t61(
  a61 INTEGER PRIMARY KEY,
  b61 INTEGER,
  x61 VARCHAR(40)
)

statement ok
INSERT INTO t61 VALUES(1,9,'table t61 row 1')

statement ok
INSERT INTO t61 VALUES(2,1,'table t61 row 2')

statement ok
INSERT INTO t61 VALUES(3,7,'table t61 row 3')

statement ok
INSERT INTO t61 VALUES(4,4,'table t61 row 4')

statement ok
INSERT INTO t61 VALUES(5,2,'table t61 row 5')

statement ok
INSERT INTO t61 VALUES(6,5,'table t61 row 6')

statement ok
INSERT INTO t61 VALUES(7,8,'table t61 row 7')

statement ok
INSERT INTO t61 VALUES(8,10,'table t61 row 8')

statement ok
INSERT INTO t61 VALUES(9,3,'table t61 row 9')

statement ok
INSERT INTO t61 VALUES(10,6,'table t61 row 10')

statement ok
CREATE TABLE t62(
  a62 INTEGER PRIMARY KEY,
  b62 INTEGER,
  x62 VARCHAR(40)
)

statement ok
INSERT INTO t62 VALUES(1,10,'table t62 row 1')

statement ok
INSERT INTO t62 VALUES(2,1,'table t62 row 2')

statement ok
INSERT INTO t62 VALUES(3,2,'table t62 row 3')

statement ok
INSERT INTO t62 VALUES(4,3,'table t62 row 4')

statement ok
INSERT INTO t62 VALUES(5,5,'table t62 row 5')

statement ok
INSERT INTO t62 VALUES(6,7,'table t62 row 6')

statement ok
INSERT INTO t62 VALUES(7,8,'table t62 row 7')

statement ok
INSERT INTO t62 VALUES(8,6,'table t62 row 8')

statement ok
INSERT INTO t62 VALUES(9,9,'table t62 row 9')

statement ok
INSERT INTO t62 VALUES(10,4,'table t62 row 10')

statement ok
CREATE TABLE t63(
  a63 INTEGER PRIMARY KEY,
  b63 INTEGER,
  x63 VARCHAR(40)
)

statement ok
INSERT INTO t63 VALUES(1,4,'table t63 row 1')

statement ok
INSERT INTO t63 VALUES(2,5,'table t63 row 2')

statement ok
INSERT INTO t63 VALUES(3,1,'table t63 row 3')

statement ok
INSERT INTO t63 VALUES(4,9,'table t63 row 4')

statement ok
INSERT INTO t63 VALUES(5,6,'table t63 row 5')

statement ok
INSERT INTO t63 VALUES(6,2,'table t63 row 6')

statement ok
INSERT INTO t63 VALUES(7,10,'table t63 row 7')

statement ok
INSERT INTO t63 VALUES(8,8,'table t63 row 8')

statement ok
INSERT INTO t63 VALUES(9,3,'table t63 row 9')

statement ok
INSERT INTO t63 VALUES(10,7,'table t63 row 10')

statement ok
CREATE TABLE t64(
  a64 INTEGER PRIMARY KEY,
  b64 INTEGER,
  x64 VARCHAR(40)
)

statement ok
INSERT INTO t64 VALUES(1,4,'table t64 row 1')

statement ok
INSERT INTO t64 VALUES(2,2,'table t64 row 2')

statement ok
INSERT INTO t64 VALUES(3,6,'table t64 row 3')

statement ok
INSERT INTO t64 VALUES(4,10,'table t64 row 4')

statement ok
INSERT INTO t64 VALUES(5,9,'table t64 row 5')

statement ok
INSERT INTO t64 VALUES(6,1,'table t64 row 6')

statement ok
INSERT INTO t64 VALUES(7,5,'table t64 row 7')

statement ok
INSERT INTO t64 VALUES(8,7,'table t64 row 8')

statement ok
INSERT INTO t64 VALUES(9,8,'table t64 row 9')

statement ok
INSERT INTO t64 VALUES(10,3,'table t64 row 10')

query TTTTTTTTTTTTTTTTTTTTTTTTTTTTTT valuesort join-30-1
SELECT x45,x27,x57,x6,x48,x62,x29,x41,x51,x53,x2,x12,x56,x61,x14,x15,x40,x4,x31,x16,x33,x10,x9,x18,x34,x22,x39,x64,x17,x49
  FROM t62,t49,t10,t6,t12,t14,t56,t53,t15,t61,t22,t27,t29,t57,t4,t41,t17,t31,t39,t2,t45,t9,t40,t48,t16,t33,t34,t64,t18,t51
 WHERE b2=a12
   AND a62=b9
   AND a61=b33
   AND a22=b49
   AND a6=b4
   AND a45=b17
   AND a51=b45
   AND a9=b51
   AND a2=b22
   AND b29=a31
   AND a34=b18
   AND a14=b6
   AND a17=b31
   AND a27=b62
   AND b15=a4
   AND a41=b57
   AND a57=b64
   AND b39=a29
   AND b41=a49
   AND b14=a40
   AND b61=a10
   AND a33=b16
   AND a53=b10
   AND a15=b27
   AND a39=b56
   AND b53=a64
   AND b34=a16
   AND a40=3
   AND a18=b48
   AND b12=a56
----
30 values hashing to 4106e1cad80e333f666c472644a8db15

query TTTTTTTTTTTTTTTTTTTTTTTTTTTTTT valuesort join-30-1
SELECT x45,x27,x57,x6,x48,x62,x29,x41,x51,x53,x2,x12,x56,x61,x14,x15,x40,x4,x31,x16,x33,x10,x9,x18,x34,x22,x39,x64,x17,x49
  FROM t51,t45,t62,t56,t41,t61,t6,t22,t33,t64,t14,t29,t34,t17,t9,t39,t4,t15,t53,t48,t49,t10,t2,t31,t16,t57,t18,t40,t27,t12
 WHERE b56=a39
   AND b53=a64
   AND a51=b45
   AND b49=a22
   AND b57=a41
   AND a16=b34
   AND a17=b31
   AND b22=a2
   AND a10=b61
   AND b2=a12
   AND a49=b41
   AND a31=b29
   AND a34=b18
   AND b16=a33
   AND a53=b10
   AND a40=b14
   AND a61=b33
   AND b9=a62
   AND b6=a14
   AND b64=a57
   AND a29=b39
   AND a18=b48
   AND b51=a9
   AND b17=a45
   AND a6=b4
   AND a40=3
   AND a56=b12
   AND a15=b27
   AND b15=a4
   AND b62=a27
----
30 values hashing to 4106e1cad80e333f666c472644a8db15

query TTTTTTTTTTTTTTTTTTTTTTTTTTTTTT valuesort join-30-1
SELECT x45,x27,x57,x6,x48,x62,x29,x41,x51,x53,x2,x12,x56,x61,x14,x15,x40,x4,x31,x16,x33,x10,x9,x18,x34,x22,x39,x64,x17,x49
  FROM t53,t18,t17,t51,t57,t56,t31,t48,t27,t2,t10,t14,t40,t9,t34,t64,t12,t45,t61,t62,t33,t4,t49,t39,t15,t6,t22,t16,t29,t41
 WHERE a33=b16
   AND b18=a34
   AND b49=a22
   AND a61=b33
   AND a56=b12
   AND a27=b62
   AND b15=a4
   AND b6=a14
   AND a41=b57
   AND b29=a31
   AND b56=a39
   AND a62=b9
   AND a18=b48
   AND b27=a15
   AND a53=b10
   AND a57=b64
   AND b51=a9
   AND b34=a16
   AND a40=3
   AND a45=b17
   AND a12=b2
   AND b53=a64
   AND b41=a49
   AND a40=b14
   AND a51=b45
   AND a6=b4
   AND b22=a2
   AND a17=b31
   AND b39=a29
   AND b61=a10
----
30 values hashing to 4106e1cad80e333f666c472644a8db15

query TTTTTTTTTTTTTTTTTTTTTTTTTTTTTT valuesort join-30-2
SELECT x26,x43,x60,x25,x52,x59,x35,x32,x30,x40,x24,x3,x39,x45,x8,x18,x38,x20,x15,x36,x34,x7,x33,x11,x17,x46,x9,x31,x44,x37
  FROM t52,t15,t46,t30,t32,t11,t26,t34,t9,t37,t39,t36,t33,t25,t24,t60,t8,t20,t31,t7,t43,t17,t40,t18,t59,t35,t44,t45,t38,t3
 WHERE a24=b39
   AND b37=a40
   AND b8=a30
   AND b32=a26
   AND a15=b34
   AND b30=a20
   AND b20=a25
   AND b7=a3
   AND a36=b45
   AND a60=b11
   AND a59=b3
   AND a9=9
   AND b60=a33
   AND a38=b40
   AND a11=b25
   AND b33=a52
   AND b38=a17
   AND a8=b35
   AND a9=b26
   AND b36=a18
   AND a35=b44
   AND a7=b15
   AND a44=b31
   AND b43=a34
   AND b46=a31
   AND b52=a43
   AND a46=b17
   AND b24=a32
   AND a39=b59
   AND b18=a37
----
30 values hashing to add2cd65d74acc1a19c3055381261260

query TTTTTTTTTTTTTTTTTTTTTTTTTTTTTT valuesort join-30-2
SELECT x26,x43,x60,x25,x52,x59,x35,x32,x30,x40,x24,x3,x39,x45,x8,x18,x38,x20,x15,x36,x34,x7,x33,x11,x17,x46,x9,x31,x44,x37
  FROM t44,t38,t46,t8,t18,t34,t40,t7,t26,t3,t60,t37,t20,t35,t31,t32,t59,t17,t36,t33,t45,t43,t11,t39,t24,t52,t9,t30,t15,t25
 WHERE b31=a44
   AND a38=b40
   AND b43=a34
   AND b3=a59
   AND a17=b38
   AND a30=b8
   AND a24=b39
   AND a9=b26
   AND a39=b59
   AND b36=a18
   AND b20=a25
   AND b52=a43
   AND b15=a7
   AND b46=a31
   AND b33=a52
   AND b7=a3
   AND a36=b45
   AND b11=a60
   AND a26=b32
   AND a9=9
   AND a46=b17
   AND b30=a20
   AND b24=a32
   AND a11=b25
   AND b34=a15
   AND b35=a8
   AND a37=b18
   AND a40=b37
   AND b60=a33
   AND a35=b44
----
30 values hashing to add2cd65d74acc1a19c3055381261260

query TTTTTTTTTTTTTTTTTTTTTTTTTTTTTT valuesort join-30-2
SELECT x26,x43,x60,x25,x52,x59,x35,x32,x30,x40,x24,x3,x39,x45,x8,x18,x38,x20,x15,x36,x34,x7,x33,x11,x17,x46,x9,x31,x44,x37
  FROM t11,t25,t36,t7,t9,t8,t59,t46,t52,t33,t31,t43,t17,t20,t24,t34,t30,t3,t39,t18,t35,t40,t38,t15,t26,t45,t60,t32,t37,t44
 WHERE b26=a9
   AND b11=a60
   AND a24=b39
   AND a33=b60
   AND a46=b17
   AND a9=9
   AND b15=a7
   AND a59=b3
   AND a34=b43
   AND b30=a20
   AND b7=a3
   AND b37=a40
   AND b59=a39
   AND a31=b46
   AND a44=b31
   AND a11=b25
   AND a37=b18
   AND b40=a38
   AND b38=a17
   AND a15=b34
   AND b52=a43
   AND a32=b24
   AND b36=a18
   AND a26=b32
   AND b33=a52
   AND b20=a25
   AND b44=a35
   AND a8=b35
   AND a36=b45
   AND b8=a30
----
30 values hashing to add2cd65d74acc1a19c3055381261260

query TTTTTTTTTTTTTTTTTTTTTTTTTTTTTT valuesort join-30-3
SELECT x46,x29,x34,x16,x21,x31,x17,x40,x4,x56,x26,x27,x45,x2,x20,x41,x28,x36,x37,x7,x23,x64,x18,x22,x33,x61,x24,x54,x9,x48
  FROM t31,t16,t40,t61,t56,t28,t36,t24,t22,t20,t18,t54,t26,t64,t45,t33,t7,t37,t29,t27,t4,t17,t23,t46,t48,t2,t21,t9,t34,t41
 WHERE a26=b27
   AND a23=b20
   AND b56=a27
   AND b34=a29
   AND a37=b36
   AND a64=b37
   AND b41=a48
   AND a2=b23
   AND b28=a24
   AND b7=a21
   AND b17=a18
   AND b29=a56
   AND b31=a22
   AND b18=a45
   AND a45=3
   AND a36=b26
   AND b40=a4
   AND b22=a9
   AND a31=b33
   AND b4=a34
   AND a7=b48
   AND a16=b46
   AND b21=a17
   AND a20=b16
   AND b2=a41
   AND a28=b54
   AND a46=b61
   AND a40=b24
   AND b9=a54
   AND a61=b64
----
30 values hashing to 3f7896841a713210908549473952734e

query TTTTTTTTTTTTTTTTTTTTTTTTTTTTTT valuesort join-30-3
SELECT x46,x29,x34,x16,x21,x31,x17,x40,x4,x56,x26,x27,x45,x2,x20,x41,x28,x36,x37,x7,x23,x64,x18,x22,x33,x61,x24,x54,x9,x48
  FROM t4,t20,t34,t56,t61,t17,t7,t48,t64,t27,t22,t37,t21,t36,t41,t33,t24,t29,t16,t26,t46,t28,t9,t2,t31,t23,t18,t45,t40,t54
 WHERE a7=b48
   AND a45=3
   AND a37=b36
   AND a45=b18
   AND a20=b16
   AND a31=b33
   AND a24=b28
   AND a18=b17
   AND a16=b46
   AND b4=a34
   AND a26=b27
   AND b23=a2
   AND b26=a36
   AND a29=b34
   AND b29=a56
   AND a4=b40
   AND a28=b54
   AND b22=a9
   AND b37=a64
   AND b24=a40
   AND b2=a41
   AND b31=a22
   AND b41=a48
   AND a27=b56
   AND a17=b21
   AND a61=b64
   AND b20=a23
   AND a46=b61
   AND a54=b9
   AND b7=a21
----
30 values hashing to 3f7896841a713210908549473952734e

query TTTTTTTTTTTTTTTTTTTTTTTTTTTTTT valuesort join-30-3
SELECT x46,x29,x34,x16,x21,x31,x17,x40,x4,x56,x26,x27,x45,x2,x20,x41,x28,x36,x37,x7,x23,x64,x18,x22,x33,x61,x24,x54,x9,x48
  FROM t45,t27,t37,t36,t7,t24,t34,t9,t46,t61,t16,t48,t28,t23,t54,t40,t22,t2,t31,t41,t20,t18,t17,t56,t33,t4,t26,t64,t21,t29
 WHERE a31=b33
   AND a4=b40
   AND a54=b9
   AND b4=a34
   AND b16=a20
   AND a21=b7
   AND a29=b34
   AND a45=3
   AND a2=b23
   AND a37=b36
   AND a16=b46
   AND a56=b29
   AND a9=b22
   AND a7=b48
   AND a24=b28
   AND a18=b17
   AND b61=a46
   AND b21=a17
   AND b56=a27
   AND b41=a48
   AND a61=b64
   AND b54=a28
   AND b20=a23
   AND b24=a40
   AND b2=a41
   AND a64=b37
   AND b27=a26
   AND b18=a45
   AND b31=a22
   AND b26=a36
----
30 values hashing to 3f7896841a713210908549473952734e

query TTTTTTTTTTTTTTTTTTTTTTTTTTTTTT valuesort join-30-4
SELECT x44,x61,x33,x64,x45,x48,x14,x53,x12,x22,x51,x16,x31,x43,x11,x9,x7,x55,x32,x23,x62,x52,x37,x3,x19,x59,x5,x49,x20,x29
  FROM t20,t19,t44,t3,t32,t16,t29,t23,t61,t64,t55,t48,t31,t59,t52,t62,t11,t22,t45,t37,t33,t9,t7,t14,t43,t51,t53,t49,t5,t12
 WHERE a29=b3
   AND b9=a33
   AND a55=b5
   AND a23=b31
   AND a62=b52
   AND a29=5
   AND b16=a44
   AND a43=b19
   AND b22=a3
   AND b59=a11
   AND b7=a32
   AND b45=a59
   AND b44=a9
   AND b37=a31
   AND b48=a64
   AND a52=b33
   AND b20=a12
   AND b32=a16
   AND a14=b61
   AND b43=a7
   AND b51=a5
   AND a22=b12
   AND a61=b53
   AND b23=a48
   AND b11=a51
   AND b55=a19
   AND a37=b14
   AND a49=b64
   AND b49=a20
   AND b62=a53
----
30 values hashing to c64d2eadd11d690fb58f77c05c96fb10

query TTTTTTTTTTTTTTTTTTTTTTTTTTTTTT valuesort join-30-4
SELECT x44,x61,x33,x64,x45,x48,x14,x53,x12,x22,x51,x16,x31,x43,x11,x9,x7,x55,x32,x23,x62,x52,x37,x3,x19,x59,x5,x49,x20,x29
  FROM t44,t33,t49,t9,t43,t37,t51,t29,t55,t53,t59,t11,t61,t62,t16,t20,t48,t52,t5,t45,t14,t64,t3,t31,t19,t32,t22,t12,t7,t23
 WHERE b52=a62
   AND a43=b19
   AND a5=b51
   AND b59=a11
   AND a44=b16
   AND b20=a12
   AND b14=a37
   AND b32=a16
   AND a7=b43
   AND a52=b33
   AND a19=b55
   AND b61=a14
   AND b5=a55
   AND b45=a59
   AND a53=b62
   AND b7=a32
   AND b64=a49
   AND a29=b3
   AND b31=a23
   AND a22=b12
   AND b11=a51
   AND b37=a31
   AND b9=a33
   AND a48=b23
   AND a29=5
   AND b53=a61
   AND b49=a20
   AND a64=b48
   AND a9=b44
   AND b22=a3
----
30 values hashing to c64d2eadd11d690fb58f77c05c96fb10

query TTTTTTTTTTTTTTTTTTTTTTTTTTTTTT valuesort join-30-4
SELECT x44,x61,x33,x64,x45,x48,x14,x53,x12,x22,x51,x16,x31,x43,x11,x9,x7,x55,x32,x23,x62,x52,x37,x3,x19,x59,x5,x49,x20,x29
  FROM t19,t7,t12,t59,t3,t9,t48,t37,t43,t32,t53,t49,t64,t29,t16,t33,t55,t51,t61,t20,t31,t14,t11,t5,t22,t52,t23,t62,t44,t45
 WHERE b3=a29
   AND a23=b31
   AND b55=a19
   AND b14=a37
   AND b33=a52
   AND a51=b11
   AND b48=a64
   AND a59=b45
   AND a33=b9
   AND b22=a3
   AND a29=5
   AND b5=a55
   AND a43=b19
   AND b7=a32
   AND b64=a49
   AND b59=a11
   AND a31=b37
   AND a12=b20
   AND a16=b32
   AND a7=b43
   AND a44=b16
   AND b52=a62
   AND a14=b61
   AND a53=b62
   AND b49=a20
   AND b23=a48
   AND a22=b12
   AND a5=b51
   AND a61=b53
   AND b44=a9
----
30 values hashing to c64d2eadd11d690fb58f77c05c96fb10

query TTTTTTTTTTTTTTTTTTTTTTTTTTTTTTT valuesort join-31-1
SELECT x36,x4,x61,x55,x25,x33,x18,x57,x30,x2,x15,x41,x56,x14,x54,x48,x44,x7,x3,x49,x40,x39,x59,x45,x29,x34,x11,x10,x9,x47,x31
  FROM t49,t59,t57,t25,t36,t44,t34,t30,t47,t61,t40,t48,t18,t9,t31,t7,t41,t4,t15,t29,t56,t54,t55,t2,t11,t3,t33,t39,t10,t45,t14
 WHERE b45=a11
   AND b41=a39
   AND b7=a3
   AND b15=a56
   AND a49=b59
   AND a14=b44
   AND a34=b9
   AND b29=a54
   AND a61=b25
   AND b56=a40
   AND b47=a31
   AND b61=a2
   AND b54=a41
   AND b34=a10
   AND a4=b48
   AND a18=b11
   AND b4=a45
   AND b55=a57
   AND a25=b49
   AND a36=b40
   AND a2=1
   AND b18=a29
   AND a47=b33
   AND a44=b3
   AND a48=b30
   AND a33=b39
   AND a30=b57
   AND a59=b31
   AND b10=a55
   AND a15=b14
   AND b36=a9
----
31 values hashing to bb8ef9f1e0384c4bf767cee1b9ce27d5

query TTTTTTTTTTTTTTTTTTTTTTTTTTTTTTT valuesort join-31-1
SELECT x36,x4,x61,x55,x25,x33,x18,x57,x30,x2,x15,x41,x56,x14,x54,x48,x44,x7,x3,x49,x40,x39,x59,x45,x29,x34,x11,x10,x9,x47,x31
  FROM t29,t45,t30,t59,t11,t33,t4,t41,t7,t15,t48,t54,t10,t14,t31,t2,t34,t9,t3,t49,t55,t44,t56,t40,t47,t36,t18,t39,t25,t61,t57
 WHERE b56=a40
   AND b25=a61
   AND a48=b30
   AND a55=b10
   AND a59=b31
   AND b9=a34
   AND b49=a25
   AND b47=a31
   AND a57=b55
   AND b33=a47
   AND b14=a15
   AND a2=1
   AND a54=b29
   AND b7=a3
   AND b41=a39
   AND a30=b57
   AND a14=b44
   AND b18=a29
   AND a33=b39
   AND a44=b3
   AND b48=a4
   AND b11=a18
   AND a9=b36
   AND b61=a2
   AND b45=a11
   AND b34=a10
   AND a45=b4
   AND a56=b15
   AND b54=a41
   AND b59=a49
   AND a36=b40
----
31 values hashing to bb8ef9f1e0384c4bf767cee1b9ce27d5

query TTTTTTTTTTTTTTTTTTTTTTTTTTTTTTT valuesort join-31-1
SELECT x36,x4,x61,x55,x25,x33,x18,x57,x30,x2,x15,x41,x56,x14,x54,x48,x44,x7,x3,x49,x40,x39,x59,x45,x29,x34,x11,x10,x9,x47,x31
  FROM t2,t9,t3,t7,t54,t40,t30,t47,t41,t56,t14,t49,t59,t11,t36,t57,t18,t33,t4,t39,t45,t61,t31,t15,t44,t55,t34,t48,t25,t10,t29
 WHERE a56=b15
   AND a54=b29
   AND b41=a39
   AND a3=b7
   AND b44=a14
   AND b54=a41
   AND a57=b55
   AND a61=b25
   AND b36=a9
   AND a4=b48
   AND b10=a55
   AND a59=b31
   AND a10=b34
   AND a48=b30
   AND b56=a40
   AND a2=b61
   AND b33=a47
   AND b57=a30
   AND b49=a25
   AND a33=b39
   AND b47=a31
   AND b14=a15
   AND a2=1
   AND b9=a34
   AND a36=b40
   AND a45=b4
   AND b18=a29
   AND a44=b3
   AND b11=a18
   AND a49=b59
   AND a11=b45
----
31 values hashing to bb8ef9f1e0384c4bf767cee1b9ce27d5

query TTTTTTTTTTTTTTTTTTTTTTTTTTTTTTT valuesort join-31-2
SELECT x19,x54,x35,x22,x45,x33,x63,x23,x6,x18,x36,x20,x4,x25,x13,x57,x55,x43,x40,x1,x5,x3,x52,x59,x37,x27,x56,x16,x32,x50,x64
  FROM t19,t3,t54,t37,t27,t63,t5,t13,t56,t1,t40,t25,t52,t4,t16,t36,t45,t59,t33,t32,t50,t6,t64,t23,t43,t20,t35,t55,t22,t57,t18
 WHERE b36=a45
   AND a3=b5
   AND a36=b54
   AND a20=b32
   AND b33=a43
   AND a18=b4
   AND a5=b55
   AND a32=b45
   AND b19=a35
   AND b22=a59
   AND b13=a40
   AND a52=b56
   AND a54=b25
   AND a22=b6
   AND a27=1
   AND b50=a33
   AND b59=a27
   AND a4=b57
   AND a56=b63
   AND b18=a6
   AND b37=a25
   AND b35=a1
   AND a23=b52
   AND a57=b16
   AND b64=a37
   AND b1=a64
   AND b23=a13
   AND a63=b3
   AND b20=a16
   AND a55=b43
   AND b40=a19
----
31 values hashing to 1737f9a0525b22c901b22aa57e0955f7

query TTTTTTTTTTTTTTTTTTTTTTTTTTTTTTT valuesort join-31-2
SELECT x19,x54,x35,x22,x45,x33,x63,x23,x6,x18,x36,x20,x4,x25,x13,x57,x55,x43,x40,x1,x5,x3,x52,x59,x37,x27,x56,x16,x32,x50,x64
  FROM t55,t19,t25,t52,t35,t43,t22,t5,t59,t33,t4,t23,t63,t40,t13,t32,t50,t64,t6,t16,t3,t18,t1,t57,t56,t27,t54,t37,t45,t20,t36
 WHERE b3=a63
   AND a54=b25
   AND b55=a5
   AND a57=b16
   AND a36=b54
   AND b5=a3
   AND a59=b22
   AND b32=a20
   AND a43=b33
   AND b43=a55
   AND b1=a64
   AND b59=a27
   AND b36=a45
   AND a35=b19
   AND a37=b64
   AND a18=b4
   AND b50=a33
   AND a27=1
   AND b56=a52
   AND b45=a32
   AND a1=b35
   AND a16=b20
   AND a19=b40
   AND a40=b13
   AND b18=a6
   AND b63=a56
   AND a22=b6
   AND b23=a13
   AND b52=a23
   AND b37=a25
   AND a4=b57
----
31 values hashing to 1737f9a0525b22c901b22aa57e0955f7

query TTTTTTTTTTTTTTTTTTTTTTTTTTTTTTT valuesort join-31-2
SELECT x19,x54,x35,x22,x45,x33,x63,x23,x6,x18,x36,x20,x4,x25,x13,x57,x55,x43,x40,x1,x5,x3,x52,x59,x37,x27,x56,x16,x32,x50,x64
  FROM t25,t18,t52,t27,t23,t57,t3,t43,t64,t5,t16,t35,t19,t40,t36,t59,t55,t63,t37,t20,t22,t54,t4,t1,t6,t56,t50,t45,t13,t33,t32
 WHERE b1=a64
   AND b3=a63
   AND b59=a27
   AND b35=a1
   AND a23=b52
   AND a19=b40
   AND b43=a55
   AND b57=a4
   AND b25=a54
   AND b64=a37
   AND a6=b18
   AND b22=a59
   AND b37=a25
   AND b33=a43
   AND b32=a20
   AND b36=a45
   AND a27=1
   AND b23=a13
   AND b19=a35
   AND b16=a57
   AND a36=b54
   AND a18=b4
   AND b13=a40
   AND a56=b63
   AND b50=a33
   AND b20=a16
   AND a22=b6
   AND a5=b55
   AND b5=a3
   AND a52=b56
   AND b45=a32
----
31 values hashing to 1737f9a0525b22c901b22aa57e0955f7

query TTTTTTTTTTTTTTTTTTTTTTTTTTTTTTT valuesort join-31-3
SELECT x51,x53,x63,x25,x54,x60,x34,x36,x6,x56,x10,x22,x38,x50,x31,x20,x24,x37,x47,x62,x23,x19,x18,x39,x2,x35,x3,x57,x21,x41,x15
  FROM t53,t25,t54,t36,t22,t21,t60,t23,t51,t38,t47,t37,t18,t41,t19,t39,t15,t2,t34,t62,t6,t24,t3,t10,t57,t63,t56,t50,t35,t31,t20
 WHERE b15=a31
   AND b39=a56
   AND b37=a62
   AND a22=b51
   AND b54=a18
   AND a2=10
   AND b10=a36
   AND b19=a25
   AND a54=b24
   AND a51=b34
   AND a21=b41
   AND b63=a23
   AND b25=a50
   AND a6=b38
   AND a20=b53
   AND a60=b56
   AND a24=b50
   AND b31=a34
   AND a35=b36
   AND b21=a39
   AND a47=b23
   AND a37=b60
   AND a3=b6
   AND a53=b62
   AND a15=b35
   AND b20=a63
   AND b57=a38
   AND b18=a10
   AND a41=b22
   AND a2=b3
   AND a57=b47
----
31 values hashing to a040997108a3cb469081811d572c2339

query TTTTTTTTTTTTTTTTTTTTTTTTTTTTTTT valuesort join-31-3
SELECT x51,x53,x63,x25,x54,x60,x34,x36,x6,x56,x10,x22,x38,x50,x31,x20,x24,x37,x47,x62,x23,x19,x18,x39,x2,x35,x3,x57,x21,x41,x15
  FROM t47,t24,t50,t25,t41,t36,t18,t15,t31,t23,t22,t53,t62,t38,t21,t6,t39,t34,t10,t60,t19,t20,t54,t35,t3,t63,t2,t57,t37,t51,t56
 WHERE b35=a15
   AND a22=b51
   AND a2=b3
   AND a24=b50
   AND a57=b47
   AND b19=a25
   AND b24=a54
   AND a36=b10
   AND b54=a18
   AND b63=a23
   AND a6=b38
   AND a41=b22
   AND a60=b56
   AND b41=a21
   AND b34=a51
   AND a37=b60
   AND b25=a50
   AND a35=b36
   AND b53=a20
   AND a34=b31
   AND a2=10
   AND a38=b57
   AND a53=b62
   AND b15=a31
   AND b23=a47
   AND a10=b18
   AND b21=a39
   AND b20=a63
   AND a62=b37
   AND b39=a56
   AND b6=a3
----
31 values hashing to a040997108a3cb469081811d572c2339

query TTTTTTTTTTTTTTTTTTTTTTTTTTTTTTT valuesort join-31-3
SELECT x51,x53,x63,x25,x54,x60,x34,x36,x6,x56,x10,x22,x38,x50,x31,x20,x24,x37,x47,x62,x23,x19,x18,x39,x2,x35,x3,x57,x21,x41,x15
  FROM t3,t36,t15,t20,t25,t34,t38,t47,t60,t53,t23,t21,t57,t18,t31,t54,t41,t39,t2,t22,t50,t37,t24,t35,t56,t6,t10,t51,t62,t63,t19
 WHERE b63=a23
   AND b41=a21
   AND b24=a54
   AND b62=a53
   AND a36=b10
   AND a24=b50
   AND b54=a18
   AND a63=b20
   AND a37=b60
   AND b37=a62
   AND a3=b6
   AND a2=10
   AND b34=a51
   AND b19=a25
   AND b53=a20
   AND b51=a22
   AND a56=b39
   AND a60=b56
   AND a50=b25
   AND a38=b57
   AND a15=b35
   AND a2=b3
   AND a41=b22
   AND a57=b47
   AND b38=a6
   AND a35=b36
   AND a31=b15
   AND b23=a47
   AND a10=b18
   AND a34=b31
   AND a39=b21
----
31 values hashing to a040997108a3cb469081811d572c2339

query TTTTTTTTTTTTTTTTTTTTTTTTTTTTTTT valuesort join-31-4
SELECT x4,x11,x32,x62,x39,x63,x53,x19,x25,x31,x37,x7,x54,x61,x3,x16,x58,x52,x56,x35,x29,x28,x14,x24,x34,x55,x57,x10,x51,x27,x46
  FROM t56,t11,t57,t10,t62,t51,t16,t35,t3,t24,t4,t39,t31,t53,t37,t19,t27,t32,t7,t29,t55,t52,t54,t61,t58,t28,t14,t34,t25,t63,t46
 WHERE b28=a57
   AND a3=b55
   AND b35=a11
   AND a52=b24
   AND a63=b10
   AND b56=a55
   AND b7=a51
   AND a4=2
   AND a16=b34
   AND a32=b25
   AND a34=b37
   AND b19=a29
   AND a31=b58
   AND a27=b63
   AND b54=a7
   AND a39=b46
   AND b27=a35
   AND b61=a46
   AND b31=a25
   AND b11=a62
   AND a37=b39
   AND b16=a58
   AND b52=a4
   AND a28=b51
   AND b14=a10
   AND a24=b62
   AND a19=b57
   AND a61=b3
   AND a14=b53
   AND a53=b29
   AND b32=a54
----
31 values hashing to 85a1f39ab6129a31e8abd66d3c810771

query TTTTTTTTTTTTTTTTTTTTTTTTTTTTTTT valuesort join-31-4
SELECT x4,x11,x32,x62,x39,x63,x53,x19,x25,x31,x37,x7,x54,x61,x3,x16,x58,x52,x56,x35,x29,x28,x14,x24,x34,x55,x57,x10,x51,x27,x46
  FROM t51,t14,t58,t52,t35,t19,t25,t11,t54,t53,t4,t29,t34,t56,t31,t62,t46,t61,t57,t39,t24,t28,t55,t32,t3,t63,t16,t27,t10,t37,t7
 WHERE a52=b24
   AND a16=b34
   AND a11=b35
   AND b14=a10
   AND b19=a29
   AND b32=a54
   AND a39=b46
   AND a61=b3
   AND a4=2
   AND b62=a24
   AND b51=a28
   AND b11=a62
   AND a25=b31
   AND a14=b53
   AND b16=a58
   AND b27=a35
   AND a27=b63
   AND a51=b7
   AND b52=a4
   AND a37=b39
   AND a34=b37
   AND b57=a19
   AND a57=b28
   AND a46=b61
   AND b56=a55
   AND b58=a31
   AND a3=b55
   AND b54=a7
   AND a63=b10
   AND a32=b25
   AND b29=a53
----
31 values hashing to 85a1f39ab6129a31e8abd66d3c810771

query TTTTTTTTTTTTTTTTTTTTTTTTTTTTTTT valuesort join-31-4
SELECT x4,x11,x32,x62,x39,x63,x53,x19,x25,x31,x37,x7,x54,x61,x3,x16,x58,x52,x56,x35,x29,x28,x14,x24,x34,x55,x57,x10,x51,x27,x46
  FROM t46,t27,t16,t3,t58,t24,t57,t7,t11,t52,t39,t63,t4,t32,t14,t31,t35,t25,t10,t54,t29,t37,t28,t62,t56,t53,t61,t34,t51,t55,t19
 WHERE b58=a31
   AND b62=a24
   AND a27=b63
   AND b10=a63
   AND b29=a53
   AND a34=b37
   AND a32=b25
   AND a58=b16
   AND b31=a25
   AND b34=a16
   AND a39=b46
   AND b54=a7
   AND a46=b61
   AND a54=b32
   AND b35=a11
   AND a35=b27
   AND b14=a10
   AND a52=b24
   AND b57=a19
   AND b52=a4
   AND b19=a29
   AND b7=a51
   AND b51=a28
   AND a3=b55
   AND a4=2
   AND b39=a37
   AND b3=a61
   AND b28=a57
   AND b53=a14
   AND a62=b11
   AND b56=a55
----
31 values hashing to 85a1f39ab6129a31e8abd66d3c810771

query TTTTTTTTTTTTTTTTTTTTTTTTTTTTTTTT valuesort join-32-1
SELECT x20,x37,x55,x40,x31,x15,x28,x48,x64,x17,x1,x56,x4,x11,x5,x26,x52,x32,x35,x63,x60,x38,x36,x22,x24,x39,x13,x33,x61,x49,x58,x47
  FROM t20,t15,t52,t56,t4,t48,t60,t28,t35,t5,t11,t33,t1,t26,t64,t31,t24,t32,t39,t22,t13,t63,t55,t40,t36,t47,t58,t49,t38,t61,t37,t17
 WHERE b40=a5
   AND b39=a63
   AND a33=b60
   AND a1=b52
   AND b31=a64
   AND b64=a28
   AND b17=a24
   AND a60=b4
   AND b15=a35
   AND a26=b33
   AND b11=a40
   AND b48=a22
   AND b35=a47
   AND a4=b37
   AND a56=b5
   AND a15=b13
   AND b28=a48
   AND b55=a49
   AND b49=a11
   AND b63=a61
   AND a17=b20
   AND a32=b22
   AND a36=b24
   AND a52=b32
   AND b61=a37
   AND b38=a31
   AND b26=a55
   AND a47=1
   AND a13=b36
   AND b1=a39
   AND b56=a58
   AND b58=a20
----
32 values hashing to 33473732bf53d83bcc934ffd0d5924a5

query TTTTTTTTTTTTTTTTTTTTTTTTTTTTTTTT valuesort join-32-1
SELECT x20,x37,x55,x40,x31,x15,x28,x48,x64,x17,x1,x56,x4,x11,x5,x26,x52,x32,x35,x63,x60,x38,x36,x22,x24,x39,x13,x33,x61,x49,x58,x47
  FROM t39,t33,t28,t36,t13,t17,t26,t37,t24,t32,t15,t64,t35,t55,t1,t47,t48,t20,t38,t5,t4,t22,t61,t56,t63,t40,t49,t52,t11,t31,t58,t60
 WHERE a24=b17
   AND b37=a4
   AND a22=b48
   AND b38=a31
   AND b26=a55
   AND a47=1
   AND b56=a58
   AND a63=b39
   AND a1=b52
   AND b15=a35
   AND a28=b64
   AND b4=a60
   AND b20=a17
   AND b60=a33
   AND b5=a56
   AND b31=a64
   AND b13=a15
   AND b35=a47
   AND b33=a26
   AND a39=b1
   AND a37=b61
   AND a48=b28
   AND a32=b22
   AND b55=a49
   AND b36=a13
   AND b11=a40
   AND b24=a36
   AND b32=a52
   AND b40=a5
   AND b63=a61
   AND b58=a20
   AND a11=b49
----
32 values hashing to 33473732bf53d83bcc934ffd0d5924a5

query TTTTTTTTTTTTTTTTTTTTTTTTTTTTTTTT valuesort join-32-1
SELECT x20,x37,x55,x40,x31,x15,x28,x48,x64,x17,x1,x56,x4,x11,x5,x26,x52,x32,x35,x63,x60,x38,x36,x22,x24,x39,x13,x33,x61,x49,x58,x47
  FROM t49,t56,t39,t47,t61,t28,t58,t1,t60,t64,t31,t38,t52,t11,t63,t35,t36,t37,t4,t5,t55,t26,t32,t33,t22,t13,t17,t24,t48,t40,t20,t15
 WHERE a56=b5
   AND b61=a37
   AND a13=b36
   AND a60=b4
   AND a5=b40
   AND b58=a20
   AND a39=b1
   AND b64=a28
   AND a47=1
   AND b55=a49
   AND a36=b24
   AND b31=a64
   AND a32=b22
   AND b11=a40
   AND b39=a63
   AND a58=b56
   AND a31=b38
   AND b37=a4
   AND b15=a35
   AND a52=b32
   AND a24=b17
   AND b48=a22
   AND b35=a47
   AND a15=b13
   AND b60=a33
   AND a1=b52
   AND b28=a48
   AND a55=b26
   AND a61=b63
   AND a17=b20
   AND a11=b49
   AND a26=b33
----
32 values hashing to 33473732bf53d83bcc934ffd0d5924a5

query TTTTTTTTTTTTTTTTTTTTTTTTTTTTTTTT valuesort join-32-2
SELECT x48,x8,x32,x22,x20,x62,x12,x34,x27,x29,x51,x30,x11,x14,x31,x64,x41,x49,x9,x17,x40,x6,x28,x1,x52,x4,x15,x55,x33,x53,x3,x60
  FROM t9,t48,t32,t41,t34,t30,t12,t33,t29,t31,t8,t55,t51,t20,t22,t53,t17,t1,t40,t27,t6,t49,t15,t4,t3,t60,t64,t52,t62,t28,t14,t11
 WHERE a29=b1
   AND b8=a22
   AND a6=b62
   AND b53=a60
   AND b60=a64
   AND b41=a34
   AND a8=b11
   AND a48=b12
   AND b27=a51
   AND b29=a55
   AND b4=a52
   AND b34=a62
   AND b3=a32
   AND a4=b28
   AND a64=8
   AND b22=a20
   AND b32=a1
   AND a11=b17
   AND b40=a49
   AND b14=a9
   AND b33=a41
   AND a17=b9
   AND a14=b49
   AND a27=b55
   AND a53=b6
   AND b30=a40
   AND a12=b31
   AND a30=b48
   AND b20=a3
   AND a33=b51
   AND b15=a28
   AND a31=b52
----
32 values hashing to 1b238cb7d49c1ee8573217e4bb83ad6c

query TTTTTTTTTTTTTTTTTTTTTTTTTTTTTTTT valuesort join-32-2
SELECT x48,x8,x32,x22,x20,x62,x12,x34,x27,x29,x51,x30,x11,x14,x31,x64,x41,x49,x9,x17,x40,x6,x28,x1,x52,x4,x15,x55,x33,x53,x3,x60
  FROM t8,t3,t14,t52,t12,t62,t48,t60,t9,t29,t27,t28,t31,t30,t53,t33,t64,t34,t22,t6,t32,t17,t1,t55,t40,t4,t11,t51,t15,t20,t41,t49
 WHERE a14=b49
   AND b17=a11
   AND a51=b27
   AND a62=b34
   AND a34=b41
   AND a60=b53
   AND b52=a31
   AND b29=a55
   AND a1=b32
   AND b30=a40
   AND a27=b55
   AND a22=b8
   AND b31=a12
   AND b4=a52
   AND a3=b20
   AND b15=a28
   AND b6=a53
   AND a64=8
   AND a49=b40
   AND a48=b12
   AND a64=b60
   AND b3=a32
   AND a30=b48
   AND b9=a17
   AND b51=a33
   AND a8=b11
   AND b33=a41
   AND a20=b22
   AND b14=a9
   AND b62=a6
   AND b1=a29
   AND a4=b28
----
32 values hashing to 1b238cb7d49c1ee8573217e4bb83ad6c

query TTTTTTTTTTTTTTTTTTTTTTTTTTTTTTTT valuesort join-32-2
SELECT x48,x8,x32,x22,x20,x62,x12,x34,x27,x29,x51,x30,x11,x14,x31,x64,x41,x49,x9,x17,x40,x6,x28,x1,x52,x4,x15,x55,x33,x53,x3,x60
  FROM t1,t29,t12,t60,t11,t14,t53,t32,t31,t4,t52,t48,t33,t9,t8,t20,t34,t6,t49,t22,t17,t30,t40,t15,t55,t51,t62,t64,t41,t28,t3,t27
 WHERE a31=b52
   AND b48=a30
   AND b27=a51
   AND a48=b12
   AND a20=b22
   AND a22=b8
   AND a27=b55
   AND b9=a17
   AND b51=a33
   AND a32=b3
   AND a28=b15
   AND b17=a11
   AND b62=a6
   AND a60=b53
   AND a3=b20
   AND b6=a53
   AND a9=b14
   AND b40=a49
   AND a34=b41
   AND b11=a8
   AND b32=a1
   AND a55=b29
   AND a4=b28
   AND b1=a29
   AND b34=a62
   AND a64=8
   AND a52=b4
   AND a40=b30
   AND a41=b33
   AND a12=b31
   AND b49=a14
   AND a64=b60
----
32 values hashing to 1b238cb7d49c1ee8573217e4bb83ad6c

query TTTTTTTTTTTTTTTTTTTTTTTTTTTTTTTT valuesort join-32-3
SELECT x23,x57,x9,x18,x6,x42,x34,x21,x43,x27,x48,x38,x35,x4,x19,x30,x54,x64,x50,x17,x37,x10,x11,x29,x8,x22,x20,x32,x46,x12,x14,x61
  FROM t22,t18,t9,t14,t10,t19,t20,t27,t29,t54,t32,t37,t50,t42,t38,t12,t46,t30,t34,t8,t48,t43,t21,t35,t23,t11,t61,t6,t4,t57,t17,t64
 WHERE b57=a32
   AND a57=b11
   AND b50=a43
   AND a37=b18
   AND a17=b9
   AND a30=b42
   AND b38=a50
   AND b43=a29
   AND b54=a61
   AND b29=a54
   AND a38=b46
   AND a8=b19
   AND b12=a64
   AND a22=b6
   AND a34=b4
   AND a18=b8
   AND b21=a27
   AND b35=a48
   AND a35=b17
   AND a19=b20
   AND a6=b10
   AND a23=b22
   AND b48=a12
   AND b64=a21
   AND a9=b32
   AND b61=a20
   AND b14=a42
   AND b23=a4
   AND b27=a14
   AND b30=a46
   AND a10=b37
   AND a34=4
----
32 values hashing to bd85c89a42c5a2d4a770f93d560896a6

query TTTTTTTTTTTTTTTTTTTTTTTTTTTTTTTT valuesort join-32-3
SELECT x23,x57,x9,x18,x6,x42,x34,x21,x43,x27,x48,x38,x35,x4,x19,x30,x54,x64,x50,x17,x37,x10,x11,x29,x8,x22,x20,x32,x46,x12,x14,x61
  FROM t57,t21,t30,t18,t64,t11,t6,t9,t43,t48,t32,t61,t50,t27,t22,t10,t8,t37,t17,t54,t29,t34,t20,t12,t23,t4,t42,t19,t14,t38,t46,t35
 WHERE b19=a8
   AND b12=a64
   AND a34=b4
   AND a38=b46
   AND a46=b30
   AND a29=b43
   AND b38=a50
   AND b32=a9
   AND b21=a27
   AND b23=a4
   AND b10=a6
   AND b29=a54
   AND a21=b64
   AND b50=a43
   AND b20=a19
   AND b61=a20
   AND a61=b54
   AND a12=b48
   AND a34=4
   AND b35=a48
   AND a17=b9
   AND a32=b57
   AND a22=b6
   AND a30=b42
   AND a37=b18
   AND a18=b8
   AND a23=b22
   AND a42=b14
   AND b11=a57
   AND b27=a14
   AND b37=a10
   AND a35=b17
----
32 values hashing to bd85c89a42c5a2d4a770f93d560896a6

query TTTTTTTTTTTTTTTTTTTTTTTTTTTTTTTT valuesort join-32-3
SELECT x23,x57,x9,x18,x6,x42,x34,x21,x43,x27,x48,x38,x35,x4,x19,x30,x54,x64,x50,x17,x37,x10,x11,x29,x8,x22,x20,x32,x46,x12,x14,x61
  FROM t19,t12,t17,t64,t37,t57,t32,t35,t11,t43,t8,t6,t29,t30,t21,t27,t61,t42,t34,t20,t54,t14,t18,t9,t50,t10,t48,t38,t4,t46,t22,t23
 WHERE b43=a29
   AND a64=b12
   AND b9=a17
   AND a19=b20
   AND a22=b6
   AND a14=b27
   AND b42=a30
   AND a42=b14
   AND b21=a27
   AND a50=b38
   AND a46=b30
   AND a6=b10
   AND a10=b37
   AND a35=b17
   AND a34=4
   AND b57=a32
   AND a54=b29
   AND b23=a4
   AND b19=a8
   AND a38=b46
   AND b22=a23
   AND b48=a12
   AND b18=a37
   AND a9=b32
   AND b8=a18
   AND a34=b4
   AND a21=b64
   AND a48=b35
   AND b11=a57
   AND b50=a43
   AND a61=b54
   AND a20=b61
----
32 values hashing to bd85c89a42c5a2d4a770f93d560896a6

query TTTTTTTTTTTTTTTTTTTTTTTTTTTTTTTT valuesort join-32-4
SELECT x45,x32,x36,x31,x10,x1,x53,x11,x23,x22,x61,x51,x2,x47,x38,x58,x26,x43,x46,x33,x25,x50,x21,x9,x29,x19,x55,x49,x62,x3,x30,x4
  FROM t50,t10,t55,t32,t21,t33,t53,t36,t31,t11,t58,t19,t46,t4,t29,t26,t23,t1,t2,t45,t38,t9,t43,t30,t51,t3,t49,t25,t47,t22,t61,t62
 WHERE a33=b4
   AND b30=a36
   AND b23=a43
   AND a46=b61
   AND b43=a61
   AND a58=b3
   AND b29=a19
   AND a29=b49
   AND a2=b58
   AND b21=a10
   AND b47=a38
   AND b55=a22
   AND b1=a31
   AND a53=b50
   AND a45=b26
   AND b62=a51
   AND b33=a49
   AND b51=a3
   AND a32=b46
   AND b32=a26
   AND b10=a9
   AND b2=a11
   AND a25=b11
   AND a9=5
   AND a50=b25
   AND b36=a1
   AND a21=b53
   AND b45=a55
   AND a62=b38
   AND b19=a23
   AND b31=a4
   AND a47=b22
----
32 values hashing to 4577a2a42715cab7022e246b87f733fa

query TTTTTTTTTTTTTTTTTTTTTTTTTTTTTTTT valuesort join-32-4
SELECT x45,x32,x36,x31,x10,x1,x53,x11,x23,x22,x61,x51,x2,x47,x38,x58,x26,x43,x46,x33,x25,x50,x21,x9,x29,x19,x55,x49,x62,x3,x30,x4
  FROM t21,t3,t55,t1,t4,t11,t2,t23,t62,t45,t33,t43,t22,t53,t31,t61,t46,t26,t38,t50,t29,t58,t10,t9,t49,t25,t36,t32,t51,t30,t19,t47
 WHERE a46=b61
   AND a19=b29
   AND a49=b33
   AND b21=a10
   AND a43=b23
   AND a9=b10
   AND a47=b22
   AND b11=a25
   AND a2=b58
   AND a22=b55
   AND a26=b32
   AND b19=a23
   AND a45=b26
   AND a62=b38
   AND b31=a4
   AND a1=b36
   AND a9=5
   AND b43=a61
   AND b45=a55
   AND a21=b53
   AND a11=b2
   AND b46=a32
   AND a51=b62
   AND b49=a29
   AND a53=b50
   AND b30=a36
   AND a50=b25
   AND a58=b3
   AND b1=a31
   AND a33=b4
   AND a38=b47
   AND b51=a3
----
32 values hashing to 4577a2a42715cab7022e246b87f733fa

query TTTTTTTTTTTTTTTTTTTTTTTTTTTTTTTT valuesort join-32-4
SELECT x45,x32,x36,x31,x10,x1,x53,x11,x23,x22,x61,x51,x2,x47,x38,x58,x26,x43,x46,x33,x25,x50,x21,x9,x29,x19,x55,x49,x62,x3,x30,x4
  FROM t46,t33,t9,t61,t3,t1,t53,t36,t4,t19,t21,t2,t30,t49,t26,t23,t38,t45,t25,t22,t29,t62,t10,t31,t32,t50,t51,t58,t55,t43,t11,t47
 WHERE b51=a3
   AND a62=b38
   AND a9=5
   AND b49=a29
   AND b23=a43
   AND b29=a19
   AND a36=b30
   AND a58=b3
   AND b26=a45
   AND a50=b25
   AND a51=b62
   AND b36=a1
   AND a23=b19
   AND a26=b32
   AND b11=a25
   AND b46=a32
   AND b21=a10
   AND a49=b33
   AND b58=a2
   AND b45=a55
   AND a53=b50
   AND b53=a21
   AND b1=a31
   AND a47=b22
   AND a46=b61
   AND a9=b10
   AND b2=a11
   AND b43=a61
   AND b4=a33
   AND a4=b31
   AND b47=a38
   AND a22=b55
----
32 values hashing to 4577a2a42715cab7022e246b87f733fa

query TTTTTTTTTTTTTTTTTTTTTTTTTTTTTTTTT valuesort join-33-1
SELECT x23,x45,x28,x7,x56,x11,x13,x34,x1,x49,x40,x41,x24,x18,x39,x2,x60,x63,x52,x10,x27,x6,x5,x55,x25,x38,x62,x29,x16,x36,x50,x4,x35
  FROM t4,t36,t35,t34,t28,t2,t29,t41,t11,t50,t63,t62,t16,t45,t10,t56,t55,t27,t13,t40,t49,t60,t24,t7,t6,t38,t39,t5,t1,t23,t18,t52,t25
 WHERE b50=a39
   AND b38=a1
   AND a18=b27
   AND a34=b55
   AND b62=a36
   AND b6=a25
   AND a23=b56
   AND a60=b25
   AND a56=b39
   AND a2=b5
   AND a35=b63
   AND a7=b45
   AND a5=b35
   AND a45=b4
   AND a18=5
   AND b10=a6
   AND a13=b34
   AND a40=b28
   AND a24=b60
   AND b16=a50
   AND b52=a4
   AND a38=b13
   AND b49=a16
   AND a11=b7
   AND a10=b29
   AND a52=b36
   AND a55=b23
   AND a27=b41
   AND b1=a29
   AND b40=a41
   AND b24=a28
   AND a49=b11
   AND b2=a62
----
33 values hashing to 9a53acf3e89ff416cb333368c21fab4c

query TTTTTTTTTTTTTTTTTTTTTTTTTTTTTTTTT valuesort join-33-1
SELECT x23,x45,x28,x7,x56,x11,x13,x34,x1,x49,x40,x41,x24,x18,x39,x2,x60,x63,x52,x10,x27,x6,x5,x55,x25,x38,x62,x29,x16,x36,x50,x4,x35
  FROM t11,t25,t49,t56,t60,t35,t4,t41,t6,t38,t7,t63,t2,t40,t28,t27,t45,t39,t29,t34,t16,t36,t13,t10,t18,t23,t5,t62,t52,t55,t24,t1,t50
 WHERE a18=5
   AND b13=a38
   AND b36=a52
   AND b10=a6
   AND a35=b63
   AND b29=a10
   AND a11=b7
   AND b27=a18
   AND a24=b60
   AND b39=a56
   AND b5=a2
   AND a34=b55
   AND a39=b50
   AND a23=b56
   AND a5=b35
   AND b4=a45
   AND a25=b6
   AND b16=a50
   AND b40=a41
   AND a1=b38
   AND b1=a29
   AND b62=a36
   AND a16=b49
   AND a40=b28
   AND b52=a4
   AND a7=b45
   AND a62=b2
   AND b11=a49
   AND b41=a27
   AND a55=b23
   AND a13=b34
   AND a60=b25
   AND a28=b24
----
33 values hashing to 9a53acf3e89ff416cb333368c21fab4c

query TTTTTTTTTTTTTTTTTTTTTTTTTTTTTTTTT valuesort join-33-1
SELECT x23,x45,x28,x7,x56,x11,x13,x34,x1,x49,x40,x41,x24,x18,x39,x2,x60,x63,x52,x10,x27,x6,x5,x55,x25,x38,x62,x29,x16,x36,x50,x4,x35
  FROM t6,t29,t7,t25,t13,t11,t27,t4,t35,t34,t50,t36,t40,t45,t63,t28,t55,t2,t56,t10,t23,t18,t39,t16,t24,t41,t38,t49,t5,t60,t1,t62,t52
 WHERE b10=a6
   AND b24=a28
   AND a27=b41
   AND b50=a39
   AND b52=a4
   AND b55=a34
   AND b1=a29
   AND b6=a25
   AND a62=b2
   AND b16=a50
   AND a55=b23
   AND b40=a41
   AND b35=a5
   AND a16=b49
   AND b5=a2
   AND b11=a49
   AND a13=b34
   AND b45=a7
   AND b29=a10
   AND a1=b38
   AND a60=b25
   AND a11=b7
   AND a45=b4
   AND b63=a35
   AND a52=b36
   AND a18=5
   AND b62=a36
   AND b60=a24
   AND b56=a23
   AND a38=b13
   AND a40=b28
   AND a56=b39
   AND b27=a18
----
33 values hashing to 9a53acf3e89ff416cb333368c21fab4c

query TTTTTTTTTTTTTTTTTTTTTTTTTTTTTTTTT valuesort join-33-2
SELECT x30,x22,x3,x23,x47,x9,x16,x1,x34,x28,x8,x59,x12,x38,x54,x61,x20,x45,x4,x7,x41,x53,x46,x15,x64,x24,x17,x44,x21,x60,x35,x49,x19
  FROM t34,t28,t9,t22,t24,t12,t53,t61,t23,t54,t59,t15,t16,t7,t46,t21,t41,t30,t47,t60,t64,t4,t8,t3,t45,t1,t44,t20,t49,t38,t17,t19,t35
 WHERE a44=b49
   AND a38=b24
   AND a61=b20
   AND b1=a22
   AND b60=a47
   AND b41=a20
   AND b47=a15
   AND a53=b19
   AND a35=b15
   AND b17=a54
   AND b3=a23
   AND b12=a45
   AND b35=a7
   AND a12=b30
   AND a34=b38
   AND b23=a46
   AND b7=a41
   AND a16=b54
   AND b44=a9
   AND b59=a8
   AND a1=b9
   AND b16=a4
   AND b28=a19
   AND a61=10
   AND b8=a49
   AND a60=b4
   AND b21=a24
   AND a59=b46
   AND b22=a30
   AND b34=a3
   AND a17=b53
   AND a28=b64
   AND b45=a64
----
33 values hashing to 143fbba9c1d6bf648e91d78ea3c3c4f9

query TTTTTTTTTTTTTTTTTTTTTTTTTTTTTTTTT valuesort join-33-2
SELECT x30,x22,x3,x23,x47,x9,x16,x1,x34,x28,x8,x59,x12,x38,x54,x61,x20,x45,x4,x7,x41,x53,x46,x15,x64,x24,x17,x44,x21,x60,x35,x49,x19
  FROM t4,t60,t12,t54,t61,t22,t35,t47,t23,t7,t41,t8,t9,t3,t17,t20,t53,t24,t21,t46,t19,t30,t15,t16,t45,t64,t59,t44,t38,t34,t49,t28,t1
 WHERE a1=b9
   AND b22=a30
   AND a17=b53
   AND a61=10
   AND b34=a3
   AND b15=a35
   AND b28=a19
   AND b23=a46
   AND b8=a49
   AND a23=b3
   AND a12=b30
   AND a8=b59
   AND b49=a44
   AND a34=b38
   AND a53=b19
   AND a20=b41
   AND b47=a15
   AND a24=b21
   AND b17=a54
   AND a9=b44
   AND a4=b16
   AND b12=a45
   AND b7=a41
   AND b20=a61
   AND b54=a16
   AND b24=a38
   AND b46=a59
   AND a60=b4
   AND b64=a28
   AND b1=a22
   AND b60=a47
   AND a7=b35
   AND a64=b45
----
33 values hashing to 143fbba9c1d6bf648e91d78ea3c3c4f9

query TTTTTTTTTTTTTTTTTTTTTTTTTTTTTTTTT valuesort join-33-2
SELECT x30,x22,x3,x23,x47,x9,x16,x1,x34,x28,x8,x59,x12,x38,x54,x61,x20,x45,x4,x7,x41,x53,x46,x15,x64,x24,x17,x44,x21,x60,x35,x49,x19
  FROM t54,t49,t19,t45,t59,t23,t3,t41,t64,t21,t1,t12,t38,t7,t22,t24,t46,t35,t61,t17,t9,t60,t53,t16,t30,t15,t44,t8,t34,t4,t47,t28,t20
 WHERE a9=b44
   AND a4=b16
   AND a64=b45
   AND a44=b49
   AND b53=a17
   AND b35=a7
   AND b38=a34
   AND b12=a45
   AND a53=b19
   AND a54=b17
   AND b60=a47
   AND a23=b3
   AND a15=b47
   AND a61=10
   AND a60=b4
   AND b59=a8
   AND b34=a3
   AND b1=a22
   AND b8=a49
   AND a20=b41
   AND b28=a19
   AND b30=a12
   AND b22=a30
   AND a38=b24
   AND b46=a59
   AND a24=b21
   AND b15=a35
   AND a41=b7
   AND b20=a61
   AND b64=a28
   AND b9=a1
   AND b54=a16
   AND b23=a46
----
33 values hashing to 143fbba9c1d6bf648e91d78ea3c3c4f9

query TTTTTTTTTTTTTTTTTTTTTTTTTTTTTTTTT valuesort join-33-3
SELECT x52,x4,x34,x54,x12,x41,x43,x18,x50,x26,x55,x58,x20,x27,x16,x8,x22,x21,x64,x49,x25,x32,x57,x5,x62,x24,x11,x45,x60,x13,x23,x35,x7
  FROM t57,t26,t25,t23,t32,t41,t64,t24,t16,t55,t50,t52,t60,t22,t5,t13,t20,t7,t35,t58,t54,t11,t49,t27,t18,t43,t8,t21,t4,t34,t62,t12,t45
 WHERE a62=b21
   AND b54=a16
   AND a49=b64
   AND b25=a22
   AND b62=a5
   AND b5=a23
   AND b50=a26
   AND b52=a55
   AND b32=a34
   AND b24=a18
   AND b60=a13
   AND a16=9
   AND b35=a57
   AND a12=b23
   AND b13=a35
   AND a8=b34
   AND b57=a4
   AND b26=a24
   AND a58=b4
   AND b18=a54
   AND b11=a60
   AND b8=a11
   AND b41=a50
   AND a27=b20
   AND b27=a43
   AND a41=b22
   AND a25=b45
   AND b58=a21
   AND a20=b55
   AND b7=a32
   AND a52=b12
   AND a45=b49
   AND b43=a64
----
33 values hashing to 01f0204613f25997e97479c849e32840

query TTTTTTTTTTTTTTTTTTTTTTTTTTTTTTTTT valuesort join-33-3
SELECT x52,x4,x34,x54,x12,x41,x43,x18,x50,x26,x55,x58,x20,x27,x16,x8,x22,x21,x64,x49,x25,x32,x57,x5,x62,x24,x11,x45,x60,x13,x23,x35,x7
  FROM t52,t4,t50,t25,t57,t26,t32,t22,t18,t64,t34,t45,t20,t21,t7,t43,t41,t62,t58,t13,t60,t54,t5,t8,t12,t24,t49,t55,t35,t16,t27,t11,t23
 WHERE a62=b21
   AND b41=a50
   AND b45=a25
   AND a45=b49
   AND b22=a41
   AND a49=b64
   AND b60=a13
   AND b32=a34
   AND a5=b62
   AND b57=a4
   AND b43=a64
   AND b35=a57
   AND a18=b24
   AND b11=a60
   AND b25=a22
   AND a26=b50
   AND a52=b12
   AND a24=b26
   AND a8=b34
   AND b4=a58
   AND a16=9
   AND b8=a11
   AND b55=a20
   AND a27=b20
   AND a55=b52
   AND b5=a23
   AND b23=a12
   AND a35=b13
   AND b18=a54
   AND b58=a21
   AND a32=b7
   AND a43=b27
   AND b54=a16
----
33 values hashing to 01f0204613f25997e97479c849e32840

query TTTTTTTTTTTTTTTTTTTTTTTTTTTTTTTTT valuesort join-33-3
SELECT x52,x4,x34,x54,x12,x41,x43,x18,x50,x26,x55,x58,x20,x27,x16,x8,x22,x21,x64,x49,x25,x32,x57,x5,x62,x24,x11,x45,x60,x13,x23,x35,x7
  FROM t45,t22,t32,t5,t43,t24,t23,t11,t4,t7,t25,t18,t21,t58,t50,t16,t13,t41,t12,t60,t55,t52,t64,t27,t34,t49,t20,t35,t62,t54,t26,t8,t57
 WHERE a8=b34
   AND a16=9
   AND b60=a13
   AND b43=a64
   AND a54=b18
   AND b35=a57
   AND b23=a12
   AND a21=b58
   AND b4=a58
   AND b22=a41
   AND a20=b55
   AND a62=b21
   AND b26=a24
   AND b12=a52
   AND a43=b27
   AND a32=b7
   AND b50=a26
   AND a25=b45
   AND b52=a55
   AND b41=a50
   AND a27=b20
   AND b64=a49
   AND b54=a16
   AND a11=b8
   AND a23=b5
   AND b24=a18
   AND b57=a4
   AND a35=b13
   AND a34=b32
   AND b25=a22
   AND b11=a60
   AND a45=b49
   AND b62=a5
----
33 values hashing to 01f0204613f25997e97479c849e32840

query TTTTTTTTTTTTTTTTTTTTTTTTTTTTTTTTT valuesort join-33-4
SELECT x12,x25,x41,x17,x44,x56,x3,x18,x55,x50,x9,x36,x10,x62,x35,x8,x47,x42,x22,x16,x53,x63,x51,x64,x30,x4,x34,x59,x60,x19,x32,x28,x1
  FROM t55,t35,t9,t28,t47,t41,t12,t56,t50,t30,t4,t19,t1,t42,t17,t44,t34,t18,t53,t32,t10,t25,t3,t64,t36,t51,t22,t16,t62,t63,t59,t60,t8
 WHERE b9=a35
   AND a19=b59
   AND a25=6
   AND a47=b63
   AND b56=a4
   AND a63=b28
   AND a59=b1
   AND b34=a28
   AND a62=b55
   AND a64=b36
   AND b4=a41
   AND a32=b60
   AND b64=a9
   AND a16=b35
   AND b44=a60
   AND b19=a50
   AND a17=b47
   AND b62=a22
   AND b30=a3
   AND b18=a34
   AND b53=a42
   AND b10=a25
   AND b22=a8
   AND a18=b41
   AND b32=a53
   AND a10=b12
   AND a12=b8
   AND b50=a30
   AND b42=a56
   AND b16=a51
   AND a55=b51
   AND b17=a1
   AND a36=b3
----
33 values hashing to f263d94d1da1c2de5d7cb4d3fc397008

query TTTTTTTTTTTTTTTTTTTTTTTTTTTTTTTTT valuesort join-33-4
SELECT x12,x25,x41,x17,x44,x56,x3,x18,x55,x50,x9,x36,x10,x62,x35,x8,x47,x42,x22,x16,x53,x63,x51,x64,x30,x4,x34,x59,x60,x19,x32,x28,x1
  FROM t56,t22,t51,t9,t55,t16,t60,t28,t53,t34,t59,t44,t36,t17,t18,t30,t10,t64,t63,t4,t1,t25,t19,t62,t50,t41,t47,t3,t42,t35,t32,t12,t8
 WHERE b41=a18
   AND a9=b64
   AND b59=a19
   AND a55=b51
   AND a25=b10
   AND a36=b3
   AND a47=b63
   AND b4=a41
   AND a8=b22
   AND b8=a12
   AND b53=a42
   AND b60=a32
   AND a4=b56
   AND a25=6
   AND b18=a34
   AND a59=b1
   AND b44=a60
   AND a17=b47
   AND b36=a64
   AND b62=a22
   AND b30=a3
   AND b17=a1
   AND b12=a10
   AND a50=b19
   AND b55=a62
   AND b35=a16
   AND b34=a28
   AND b32=a53
   AND b9=a35
   AND b50=a30
   AND a63=b28
   AND a56=b42
   AND a51=b16
----
33 values hashing to f263d94d1da1c2de5d7cb4d3fc397008

query TTTTTTTTTTTTTTTTTTTTTTTTTTTTTTTTT valuesort join-33-4
SELECT x12,x25,x41,x17,x44,x56,x3,x18,x55,x50,x9,x36,x10,x62,x35,x8,x47,x42,x22,x16,x53,x63,x51,x64,x30,x4,x34,x59,x60,x19,x32,x28,x1
  FROM t32,t28,t18,t22,t47,t19,t42,t12,t17,t63,t25,t50,t4,t36,t56,t44,t53,t8,t60,t64,t41,t62,t10,t16,t1,t59,t3,t30,t55,t34,t9,t35,t51
 WHERE a1=b17
   AND b4=a41
   AND a16=b35
   AND b16=a51
   AND b41=a18
   AND a56=b42
   AND a55=b51
   AND a53=b32
   AND b3=a36
   AND a19=b59
   AND b22=a8
   AND a47=b63
   AND b28=a63
   AND a25=b10
   AND b55=a62
   AND a10=b12
   AND b1=a59
   AND b18=a34
   AND a9=b64
   AND b44=a60
   AND a28=b34
   AND b8=a12
   AND b30=a3
   AND b56=a4
   AND b62=a22
   AND a50=b19
   AND a42=b53
   AND a32=b60
   AND b36=a64
   AND b9=a35
   AND b50=a30
   AND a17=b47
   AND a25=6
----
33 values hashing to f263d94d1da1c2de5d7cb4d3fc397008

query TTTTTTTTTTTTTTTTTTTTTTTTTTTTTTTTTT valuesort join-34-1
SELECT x51,x5,x38,x22,x27,x39,x64,x9,x41,x49,x7,x50,x24,x60,x43,x48,x13,x45,x54,x37,x57,x26,x10,x34,x61,x2,x4,x25,x23,x59,x3,x18,x47,x62
  FROM t23,t45,t39,t38,t47,t25,t18,t3,t4,t48,t22,t24,t64,t43,t13,t37,t50,t41,t5,t60,t9,t49,t27,t54,t10,t57,t7,t26,t61,t34,t62,t51,t2,t59
 WHERE a38=b48
   AND b59=a49
   AND a57=b7
   AND a22=b54
   AND a61=4
   AND b38=a24
   AND b51=a45
   AND b27=a23
   AND b41=a26
   AND b3=a59
   AND a41=b2
   AND a5=b60
   AND a13=b10
   AND a34=b49
   AND b57=a43
   AND b22=a37
   AND b50=a48
   AND b23=a61
   AND b5=a54
   AND a7=b26
   AND a4=b13
   AND b18=a10
   AND b9=a2
   AND a51=b4
   AND a18=b62
   AND a9=b24
   AND b64=a47
   AND b45=a39
   AND a64=b25
   AND a3=b39
   AND a60=b47
   AND a50=b37
   AND b43=a62
   AND a27=b34
----
34 values hashing to 5d930f24adae19665be0957cc409ae70

query TTTTTTTTTTTTTTTTTTTTTTTTTTTTTTTTTT valuesort join-34-1
SELECT x51,x5,x38,x22,x27,x39,x64,x9,x41,x49,x7,x50,x24,x60,x43,x48,x13,x45,x54,x37,x57,x26,x10,x34,x61,x2,x4,x25,x23,x59,x3,x18,x47,x62
  FROM t37,t26,t27,t50,t41,t9,t3,t39,t49,t48,t24,t22,t45,t60,t23,t47,t34,t54,t43,t25,t51,t61,t62,t2,t4,t38,t18,t10,t7,t13,t5,t64,t59,t57
 WHERE a38=b48
   AND a51=b4
   AND b47=a60
   AND b51=a45
   AND a2=b9
   AND b45=a39
   AND b62=a18
   AND b34=a27
   AND b5=a54
   AND b49=a34
   AND b27=a23
   AND a48=b50
   AND b10=a13
   AND a62=b43
   AND a64=b25
   AND b7=a57
   AND a61=4
   AND b13=a4
   AND b18=a10
   AND b60=a5
   AND b54=a22
   AND a24=b38
   AND b3=a59
   AND b23=a61
   AND a50=b37
   AND a3=b39
   AND a26=b41
   AND a9=b24
   AND b59=a49
   AND b22=a37
   AND a7=b26
   AND a41=b2
   AND b64=a47
   AND b57=a43
----
34 values hashing to 5d930f24adae19665be0957cc409ae70

query TTTTTTTTTTTTTTTTTTTTTTTTTTTTTTTTTT valuesort join-34-1
SELECT x51,x5,x38,x22,x27,x39,x64,x9,x41,x49,x7,x50,x24,x60,x43,x48,x13,x45,x54,x37,x57,x26,x10,x34,x61,x2,x4,x25,x23,x59,x3,x18,x47,x62
  FROM t24,t51,t64,t18,t59,t2,t7,t62,t41,t9,t61,t54,t26,t3,t57,t48,t4,t5,t10,t27,t50,t37,t47,t38,t25,t60,t13,t45,t49,t43,t34,t23,t22,t39
 WHERE b49=a34
   AND a60=b47
   AND a23=b27
   AND a59=b3
   AND b37=a50
   AND a54=b5
   AND a38=b48
   AND a5=b60
   AND a39=b45
   AND a7=b26
   AND b39=a3
   AND a61=b23
   AND b57=a43
   AND a10=b18
   AND a41=b2
   AND a18=b62
   AND a37=b22
   AND b43=a62
   AND b7=a57
   AND a22=b54
   AND b59=a49
   AND a27=b34
   AND b38=a24
   AND a9=b24
   AND b10=a13
   AND a4=b13
   AND a26=b41
   AND b25=a64
   AND b9=a2
   AND a61=4
   AND a48=b50
   AND a51=b4
   AND b64=a47
   AND b51=a45
----
34 values hashing to 5d930f24adae19665be0957cc409ae70

query TTTTTTTTTTTTTTTTTTTTTTTTTTTTTTTTTT valuesort join-34-2
SELECT x26,x59,x27,x47,x55,x30,x25,x48,x60,x6,x49,x37,x50,x21,x41,x14,x28,x58,x20,x35,x40,x45,x15,x52,x54,x12,x5,x22,x33,x16,x29,x2,x1,x51
  FROM t16,t30,t58,t22,t26,t59,t45,t29,t47,t27,t21,t20,t49,t54,t15,t12,t37,t55,t40,t35,t25,t48,t6,t41,t33,t14,t51,t52,t28,t5,t1,t60,t50,t2
 WHERE a40=b37
   AND a2=b1
   AND a58=b59
   AND a28=b29
   AND b52=a12
   AND a55=b60
   AND b35=a49
   AND b54=a60
   AND a1=b5
   AND b51=a47
   AND b28=a5
   AND a48=b27
   AND a37=b47
   AND b30=a35
   AND b2=a20
   AND a21=b22
   AND a41=b15
   AND a30=b41
   AND a25=b49
   AND b58=a29
   AND a15=b21
   AND a50=1
   AND b6=a27
   AND b48=a33
   AND a52=b55
   AND b40=a26
   AND b20=a45
   AND b25=a14
   AND b33=a51
   AND b16=a54
   AND a22=b26
   AND b14=a50
   AND a16=b45
   AND a6=b12
----
34 values hashing to ad12a40649ecf5d4e37fea7e6c2d15a9

query TTTTTTTTTTTTTTTTTTTTTTTTTTTTTTTTTT valuesort join-34-2
SELECT x26,x59,x27,x47,x55,x30,x25,x48,x60,x6,x49,x37,x50,x21,x41,x14,x28,x58,x20,x35,x40,x45,x15,x52,x54,x12,x5,x22,x33,x16,x29,x2,x1,x51
  FROM t25,t47,t15,t59,t14,t41,t33,t58,t52,t54,t30,t51,t6,t21,t5,t1,t50,t29,t45,t55,t20,t26,t27,t28,t35,t16,t2,t22,t40,t37,t12,t60,t49,t48
 WHERE b15=a41
   AND b27=a48
   AND b29=a28
   AND b45=a16
   AND a52=b55
   AND a6=b12
   AND a47=b51
   AND b33=a51
   AND b2=a20
   AND b37=a40
   AND b21=a15
   AND b47=a37
   AND a27=b6
   AND b40=a26
   AND b28=a5
   AND b26=a22
   AND b22=a21
   AND b60=a55
   AND b20=a45
   AND b14=a50
   AND a50=1
   AND a49=b35
   AND b58=a29
   AND a12=b52
   AND a60=b54
   AND a58=b59
   AND a33=b48
   AND b1=a2
   AND a25=b49
   AND a54=b16
   AND a1=b5
   AND a35=b30
   AND a14=b25
   AND a30=b41
----
34 values hashing to ad12a40649ecf5d4e37fea7e6c2d15a9

query TTTTTTTTTTTTTTTTTTTTTTTTTTTTTTTTTT valuesort join-34-2
SELECT x26,x59,x27,x47,x55,x30,x25,x48,x60,x6,x49,x37,x50,x21,x41,x14,x28,x58,x20,x35,x40,x45,x15,x52,x54,x12,x5,x22,x33,x16,x29,x2,x1,x51
  FROM t40,t15,t33,t30,t25,t58,t49,t51,t27,t6,t20,t1,t47,t21,t22,t2,t12,t59,t60,t14,t52,t41,t5,t29,t48,t45,t55,t28,t35,t37,t54,t26,t16,t50
 WHERE a12=b52
   AND b6=a27
   AND a48=b27
   AND a50=1
   AND a25=b49
   AND b51=a47
   AND a51=b33
   AND a55=b60
   AND b55=a52
   AND b59=a58
   AND a40=b37
   AND b26=a22
   AND b29=a28
   AND b2=a20
   AND b1=a2
   AND a29=b58
   AND a45=b20
   AND a6=b12
   AND a1=b5
   AND a37=b47
   AND a15=b21
   AND b22=a21
   AND a41=b15
   AND a33=b48
   AND b30=a35
   AND b16=a54
   AND a60=b54
   AND b28=a5
   AND a16=b45
   AND b14=a50
   AND b35=a49
   AND b25=a14
   AND a30=b41
   AND b40=a26
----
34 values hashing to ad12a40649ecf5d4e37fea7e6c2d15a9

query TTTTTTTTTTTTTTTTTTTTTTTTTTTTTTTTTT valuesort join-34-3
SELECT x13,x23,x6,x39,x22,x40,x16,x2,x27,x25,x9,x8,x56,x60,x11,x48,x28,x42,x7,x19,x5,x55,x20,x44,x18,x51,x36,x34,x38,x52,x64,x14,x3,x37
  FROM t19,t44,t5,t20,t39,t51,t48,t25,t8,t22,t60,t37,t18,t38,t28,t7,t23,t11,t14,t36,t13,t40,t16,t2,t3,t34,t27,t64,t56,t42,t6,t52,t9,t55
 WHERE a37=b34
   AND b18=a19
   AND b56=a14
   AND b2=a11
   AND b16=a25
   AND a34=b28
   AND b36=a42
   AND a13=b48
   AND b5=a40
   AND a64=b13
   AND b44=a18
   AND b60=a20
   AND a56=b39
   AND b19=a51
   AND a9=b51
   AND a3=b22
   AND a8=b14
   AND a28=b20
   AND b52=a39
   AND b38=a60
   AND b42=a23
   AND a7=b6
   AND b37=a6
   AND a27=b55
   AND b23=a52
   AND b27=a16
   AND a11=4
   AND b8=a48
   AND a38=b25
   AND b9=a5
   AND b64=a22
   AND a55=b3
   AND a2=b40
   AND a44=b7
----
34 values hashing to c474f0de193de7c58566955405199fc4

query TTTTTTTTTTTTTTTTTTTTTTTTTTTTTTTTTT valuesort join-34-3
SELECT x13,x23,x6,x39,x22,x40,x16,x2,x27,x25,x9,x8,x56,x60,x11,x48,x28,x42,x7,x19,x5,x55,x20,x44,x18,x51,x36,x34,x38,x52,x64,x14,x3,x37
  FROM t22,t34,t39,t37,t44,t56,t48,t42,t16,t38,t55,t51,t14,t19,t40,t52,t7,t60,t3,t9,t27,t5,t6,t2,t18,t8,t64,t20,t36,t25,t23,t13,t11,t28
 WHERE a18=b44
   AND a11=b2
   AND a34=b28
   AND b40=a2
   AND b25=a38
   AND b5=a40
   AND a16=b27
   AND a7=b6
   AND b60=a20
   AND a13=b48
   AND a9=b51
   AND a55=b3
   AND a64=b13
   AND a8=b14
   AND a44=b7
   AND b39=a56
   AND a39=b52
   AND a60=b38
   AND a52=b23
   AND a48=b8
   AND a28=b20
   AND b37=a6
   AND a37=b34
   AND a51=b19
   AND a14=b56
   AND a5=b9
   AND b16=a25
   AND a42=b36
   AND b55=a27
   AND a11=4
   AND a3=b22
   AND b42=a23
   AND b18=a19
   AND b64=a22
----
34 values hashing to c474f0de193de7c58566955405199fc4

query TTTTTTTTTTTTTTTTTTTTTTTTTTTTTTTTTT valuesort join-34-3
SELECT x13,x23,x6,x39,x22,x40,x16,x2,x27,x25,x9,x8,x56,x60,x11,x48,x28,x42,x7,x19,x5,x55,x20,x44,x18,x51,x36,x34,x38,x52,x64,x14,x3,x37
  FROM t16,t19,t39,t9,t40,t3,t55,t36,t48,t18,t8,t25,t44,t2,t14,t56,t23,t42,t13,t11,t7,t22,t51,t60,t27,t37,t64,t52,t28,t38,t34,t5,t6,t20
 WHERE b39=a56
   AND b20=a28
   AND b28=a34
   AND a51=b19
   AND a42=b36
   AND a5=b9
   AND a38=b25
   AND a48=b8
   AND a19=b18
   AND a11=4
   AND a64=b13
   AND a14=b56
   AND b42=a23
   AND b5=a40
   AND a60=b38
   AND a13=b48
   AND b44=a18
   AND a39=b52
   AND b51=a9
   AND b3=a55
   AND a52=b23
   AND a2=b40
   AND a3=b22
   AND a6=b37
   AND b55=a27
   AND a37=b34
   AND b14=a8
   AND a20=b60
   AND b16=a25
   AND a16=b27
   AND a7=b6
   AND a11=b2
   AND a22=b64
   AND a44=b7
----
34 values hashing to c474f0de193de7c58566955405199fc4

query TTTTTTTTTTTTTTTTTTTTTTTTTTTTTTTTTT valuesort join-34-4
SELECT x26,x14,x15,x58,x18,x33,x57,x16,x39,x4,x6,x29,x40,x42,x56,x52,x7,x36,x13,x17,x54,x41,x51,x32,x43,x60,x61,x8,x20,x25,x27,x47,x38,x12
  FROM t32,t43,t52,t51,t7,t61,t25,t33,t13,t14,t20,t18,t38,t8,t47,t17,t56,t12,t57,t58,t36,t40,t29,t15,t60,t42,t26,t27,t41,t6,t54,t4,t39,t16
 WHERE b8=a52
   AND b38=a32
   AND b13=a15
   AND b41=a17
   AND a47=b51
   AND b16=a6
   AND b26=a25
   AND b42=a36
   AND b14=a29
   AND a18=b33
   AND b29=a39
   AND b27=a13
   AND b58=a8
   AND a61=b56
   AND b54=a4
   AND a58=b6
   AND a40=2
   AND a26=b43
   AND b4=a38
   AND b60=a54
   AND a40=b47
   AND b25=a20
   AND b52=a14
   AND a42=b18
   AND a57=b17
   AND b39=a51
   AND b61=a7
   AND b57=a56
   AND a33=b7
   AND a16=b32
   AND a60=b36
   AND a27=b20
   AND b15=a12
   AND a41=b12
----
34 values hashing to 347404f8e01bc0b9ddf62a7af03c3283

query TTTTTTTTTTTTTTTTTTTTTTTTTTTTTTTTTT valuesort join-34-4
SELECT x26,x14,x15,x58,x18,x33,x57,x16,x39,x4,x6,x29,x40,x42,x56,x52,x7,x36,x13,x17,x54,x41,x51,x32,x43,x60,x61,x8,x20,x25,x27,x47,x38,x12
  FROM t26,t15,t17,t20,t40,t42,t57,t47,t8,t7,t32,t4,t52,t13,t12,t27,t61,t43,t56,t33,t51,t14,t16,t41,t54,t60,t38,t36,t39,t58,t18,t25,t6,t29
 WHERE a40=2
   AND a42=b18
   AND b17=a57
   AND b54=a4
   AND a38=b4
   AND b32=a16
   AND b41=a17
   AND a54=b60
   AND a47=b51
   AND b61=a7
   AND b57=a56
   AND a29=b14
   AND b36=a60
   AND b20=a27
   AND b6=a58
   AND a13=b27
   AND a25=b26
   AND b52=a14
   AND b25=a20
   AND a15=b13
   AND b15=a12
   AND b12=a41
   AND b42=a36
   AND a32=b38
   AND a51=b39
   AND a33=b7
   AND b16=a6
   AND a52=b8
   AND a40=b47
   AND a39=b29
   AND b58=a8
   AND a61=b56
   AND a26=b43
   AND b33=a18
----
34 values hashing to 347404f8e01bc0b9ddf62a7af03c3283

query TTTTTTTTTTTTTTTTTTTTTTTTTTTTTTTTTT valuesort join-34-4
SELECT x26,x14,x15,x58,x18,x33,x57,x16,x39,x4,x6,x29,x40,x42,x56,x52,x7,x36,x13,x17,x54,x41,x51,x32,x43,x60,x61,x8,x20,x25,x27,x47,x38,x12
  FROM t36,t6,t61,t57,t16,t52,t38,t33,t15,t54,t47,t18,t56,t13,t58,t39,t7,t51,t60,t4,t25,t12,t14,t43,t27,t29,t8,t26,t40,t32,t17,t41,t42,t20
 WHERE b26=a25
   AND b12=a41
   AND a40=2
   AND a6=b16
   AND b13=a15
   AND a12=b15
   AND b52=a14
   AND b51=a47
   AND a26=b43
   AND b60=a54
   AND a27=b20
   AND b32=a16
   AND a38=b4
   AND a4=b54
   AND a8=b58
   AND b41=a17
   AND a33=b7
   AND a18=b33
   AND b38=a32
   AND a39=b29
   AND a40=b47
   AND b36=a60
   AND a20=b25
   AND a36=b42
   AND b8=a52
   AND a13=b27
   AND a29=b14
   AND a61=b56
   AND b39=a51
   AND b6=a58
   AND a7=b61
   AND b18=a42
   AND a57=b17
   AND a56=b57
----
34 values hashing to 347404f8e01bc0b9ddf62a7af03c3283

query TTTTTTTTTTTTTTTTTTTTTTTTTTTTTTTTTTT valuesort join-35-1
SELECT x15,x12,x54,x41,x4,x16,x60,x8,x22,x53,x51,x40,x1,x35,x38,x55,x11,x44,x6,x46,x58,x14,x42,x10,x47,x25,x31,x43,x9,x45,x52,x20,x27,x49,x26
  FROM t52,t6,t25,t41,t14,t22,t42,t47,t51,t9,t8,t15,t1,t4,t43,t38,t58,t40,t45,t49,t27,t44,t20,t54,t60,t35,t12,t53,t11,t31,t46,t10,t26,t55,t16
 WHERE a9=b40
   AND b47=a60
   AND a44=b55
   AND b43=a25
   AND b20=a15
   AND b38=a14
   AND b6=a12
   AND b15=a58
   AND b46=a22
   AND a43=b14
   AND b54=a27
   AND a31=b16
   AND a8=b42
   AND a11=b44
   AND a55=b9
   AND a35=b45
   AND b41=a52
   AND b52=a53
   AND b11=a41
   AND a4=b51
   AND a40=b22
   AND b60=a45
   AND a47=b58
   AND b35=a42
   AND b12=a10
   AND a26=b49
   AND a20=b4
   AND b31=a54
   AND b8=a6
   AND a51=b26
   AND b10=a46
   AND b25=a1
   AND a27=5
   AND a49=b1
   AND a16=b53
----
35 values hashing to 9e8751bc353af59101df9dafb549a36e

query TTTTTTTTTTTTTTTTTTTTTTTTTTTTTTTTTTT valuesort join-35-1
SELECT x15,x12,x54,x41,x4,x16,x60,x8,x22,x53,x51,x40,x1,x35,x38,x55,x11,x44,x6,x46,x58,x14,x42,x10,x47,x25,x31,x43,x9,x45,x52,x20,x27,x49,x26
  FROM t20,t11,t45,t16,t46,t14,t58,t43,t35,t49,t42,t22,t60,t12,t1,t40,t51,t9,t54,t25,t26,t47,t8,t27,t38,t55,t10,t53,t4,t52,t44,t41,t15,t31,t6
 WHERE b60=a45
   AND a49=b1
   AND b51=a4
   AND b9=a55
   AND b12=a10
   AND b10=a46
   AND a9=b40
   AND b20=a15
   AND a11=b44
   AND a22=b46
   AND b26=a51
   AND a6=b8
   AND a14=b38
   AND a27=5
   AND a16=b53
   AND a47=b58
   AND b11=a41
   AND b14=a43
   AND b16=a31
   AND b55=a44
   AND a52=b41
   AND b43=a25
   AND a8=b42
   AND a58=b15
   AND b49=a26
   AND a54=b31
   AND a1=b25
   AND b45=a35
   AND a60=b47
   AND b4=a20
   AND a53=b52
   AND b6=a12
   AND b54=a27
   AND b22=a40
   AND b35=a42
----
35 values hashing to 9e8751bc353af59101df9dafb549a36e

query TTTTTTTTTTTTTTTTTTTTTTTTTTTTTTTTTTT valuesort join-35-1
SELECT x15,x12,x54,x41,x4,x16,x60,x8,x22,x53,x51,x40,x1,x35,x38,x55,x11,x44,x6,x46,x58,x14,x42,x10,x47,x25,x31,x43,x9,x45,x52,x20,x27,x49,x26
  FROM t46,t27,t35,t16,t22,t20,t51,t31,t4,t41,t25,t60,t10,t52,t14,t45,t9,t53,t11,t43,t44,t8,t12,t47,t40,t42,t6,t26,t58,t15,t54,t49,t1,t38,t55
 WHERE a40=b22
   AND a44=b55
   AND a46=b10
   AND b8=a6
   AND b41=a52
   AND b9=a55
   AND a60=b47
   AND b12=a10
   AND b26=a51
   AND b1=a49
   AND a12=b6
   AND b16=a31
   AND b43=a25
   AND b40=a9
   AND a14=b38
   AND a16=b53
   AND b45=a35
   AND b25=a1
   AND b42=a8
   AND a43=b14
   AND a47=b58
   AND b15=a58
   AND a11=b44
   AND b51=a4
   AND b49=a26
   AND b11=a41
   AND b52=a53
   AND a42=b35
   AND a20=b4
   AND b46=a22
   AND b60=a45
   AND a27=5
   AND a27=b54
   AND a54=b31
   AND b20=a15
----
35 values hashing to 9e8751bc353af59101df9dafb549a36e

query TTTTTTTTTTTTTTTTTTTTTTTTTTTTTTTTTTT valuesort join-35-2
SELECT x5,x58,x23,x20,x3,x12,x48,x24,x47,x26,x37,x13,x14,x8,x43,x7,x63,x9,x39,x19,x50,x15,x2,x57,x4,x25,x16,x53,x34,x64,x35,x55,x60,x18,x46
  FROM t2,t64,t57,t37,t14,t58,t26,t12,t39,t46,t23,t19,t5,t15,t8,t24,t35,t9,t18,t4,t53,t63,t48,t13,t50,t43,t60,t25,t3,t34,t55,t16,t47,t20,t7
 WHERE b47=a25
   AND a16=b15
   AND b43=a58
   AND b2=a14
   AND a18=b46
   AND a3=b64
   AND a12=b39
   AND b53=a23
   AND a57=b14
   AND b58=a53
   AND a48=b57
   AND a46=b63
   AND b55=a37
   AND a7=b18
   AND a50=b24
   AND a7=8
   AND b23=a39
   AND a26=b25
   AND a47=b20
   AND b35=a8
   AND b60=a64
   AND a43=b50
   AND a35=b3
   AND b19=a15
   AND a19=b13
   AND b16=a20
   AND a34=b8
   AND a4=b34
   AND b37=a24
   AND a5=b48
   AND a63=b12
   AND a2=b26
   AND a13=b9
   AND b4=a9
   AND b5=a55
----
35 values hashing to 84eeb42d949360c91ea2baf67e4abe48

query TTTTTTTTTTTTTTTTTTTTTTTTTTTTTTTTTTT valuesort join-35-2
SELECT x5,x58,x23,x20,x3,x12,x48,x24,x47,x26,x37,x13,x14,x8,x43,x7,x63,x9,x39,x19,x50,x15,x2,x57,x4,x25,x16,x53,x34,x64,x35,x55,x60,x18,x46
  FROM t58,t24,t4,t39,t63,t34,t53,t9,t37,t57,t48,t5,t46,t2,t20,t55,t35,t13,t47,t19,t43,t15,t25,t8,t50,t7,t16,t64,t23,t18,t12,t26,t3,t60,t14
 WHERE a47=b20
   AND b16=a20
   AND a58=b43
   AND a7=8
   AND b58=a53
   AND a19=b13
   AND b47=a25
   AND a16=b15
   AND a2=b26
   AND b37=a24
   AND b5=a55
   AND b53=a23
   AND b34=a4
   AND b8=a34
   AND b9=a13
   AND a12=b39
   AND a50=b24
   AND b23=a39
   AND b2=a14
   AND a7=b18
   AND b57=a48
   AND a9=b4
   AND b12=a63
   AND a26=b25
   AND a57=b14
   AND a3=b64
   AND b50=a43
   AND a15=b19
   AND b55=a37
   AND a18=b46
   AND b48=a5
   AND a8=b35
   AND a35=b3
   AND b63=a46
   AND b60=a64
----
35 values hashing to 84eeb42d949360c91ea2baf67e4abe48

query TTTTTTTTTTTTTTTTTTTTTTTTTTTTTTTTTTT valuesort join-35-2
SELECT x5,x58,x23,x20,x3,x12,x48,x24,x47,x26,x37,x13,x14,x8,x43,x7,x63,x9,x39,x19,x50,x15,x2,x57,x4,x25,x16,x53,x34,x64,x35,x55,x60,x18,x46
  FROM t37,t46,t8,t4,t58,t19,t26,t34,t13,t18,t57,t43,t53,t35,t3,t23,t2,t48,t7,t16,t14,t24,t47,t12,t25,t20,t39,t9,t63,t60,t64,t55,t5,t15,t50
 WHERE a64=b60
   AND a57=b14
   AND a7=8
   AND a7=b18
   AND a47=b20
   AND b5=a55
   AND b19=a15
   AND a24=b37
   AND a18=b46
   AND a26=b25
   AND b58=a53
   AND a4=b34
   AND b63=a46
   AND b39=a12
   AND b15=a16
   AND a34=b8
   AND a50=b24
   AND a9=b4
   AND b9=a13
   AND a2=b26
   AND b53=a23
   AND a3=b64
   AND b3=a35
   AND b16=a20
   AND b43=a58
   AND a14=b2
   AND a8=b35
   AND b13=a19
   AND b47=a25
   AND b55=a37
   AND b48=a5
   AND a48=b57
   AND a63=b12
   AND a39=b23
   AND b50=a43
----
35 values hashing to 84eeb42d949360c91ea2baf67e4abe48

query TTTTTTTTTTTTTTTTTTTTTTTTTTTTTTTTTTT valuesort join-35-3
SELECT x64,x15,x49,x50,x13,x58,x18,x48,x19,x43,x37,x47,x57,x11,x26,x35,x31,x40,x3,x23,x8,x9,x12,x36,x1,x34,x41,x62,x2,x42,x27,x5,x53,x30,x56
  FROM t34,t64,t53,t9,t19,t58,t50,t43,t37,t2,t23,t62,t47,t27,t57,t5,t18,t3,t1,t11,t31,t35,t26,t49,t8,t15,t48,t12,t56,t30,t42,t36,t41,t40,t13
 WHERE a3=b12
   AND a13=b56
   AND b9=a18
   AND b49=a5
   AND a48=b23
   AND a34=b47
   AND b53=a23
   AND b58=a30
   AND b40=a31
   AND b30=a37
   AND a36=b27
   AND b50=a9
   AND b3=a8
   AND b31=a12
   AND b5=a53
   AND b13=a47
   AND b36=a15
   AND a49=b18
   AND b8=a42
   AND a40=b62
   AND a56=b57
   AND a34=5
   AND b41=a58
   AND b26=a64
   AND a27=b43
   AND a11=b15
   AND b11=a41
   AND a19=b64
   AND b1=a62
   AND b42=a50
   AND a57=b19
   AND b2=a43
   AND b37=a1
   AND b48=a35
   AND b35=a26
----
35 values hashing to 51c7495d45dc94dee05192edc50beb9e

query TTTTTTTTTTTTTTTTTTTTTTTTTTTTTTTTTTT valuesort join-35-3
SELECT x64,x15,x49,x50,x13,x58,x18,x48,x19,x43,x37,x47,x57,x11,x26,x35,x31,x40,x3,x23,x8,x9,x12,x36,x1,x34,x41,x62,x2,x42,x27,x5,x53,x30,x56
  FROM t2,t37,t36,t57,t53,t40,t1,t58,t56,t27,t18,t5,t26,t64,t48,t3,t50,t62,t47,t41,t43,t49,t8,t34,t9,t15,t12,t35,t42,t13,t19,t30,t23,t11,t31
 WHERE a9=b50
   AND b3=a8
   AND a13=b56
   AND b36=a15
   AND a37=b30
   AND b58=a30
   AND a23=b53
   AND a11=b15
   AND b5=a53
   AND b9=a18
   AND b37=a1
   AND b31=a12
   AND b49=a5
   AND a64=b26
   AND b35=a26
   AND a43=b2
   AND b11=a41
   AND b13=a47
   AND a27=b43
   AND b18=a49
   AND a42=b8
   AND b62=a40
   AND a48=b23
   AND b1=a62
   AND a36=b27
   AND a34=5
   AND a31=b40
   AND a57=b19
   AND b12=a3
   AND a56=b57
   AND b42=a50
   AND b64=a19
   AND b47=a34
   AND b48=a35
   AND b41=a58
----
35 values hashing to 51c7495d45dc94dee05192edc50beb9e

query TTTTTTTTTTTTTTTTTTTTTTTTTTTTTTTTTTT valuesort join-35-3
SELECT x64,x15,x49,x50,x13,x58,x18,x48,x19,x43,x37,x47,x57,x11,x26,x35,x31,x40,x3,x23,x8,x9,x12,x36,x1,x34,x41,x62,x2,x42,x27,x5,x53,x30,x56
  FROM t30,t1,t26,t50,t9,t18,t5,t57,t47,t48,t41,t35,t12,t23,t64,t36,t34,t56,t37,t58,t31,t27,t19,t40,t62,t15,t2,t53,t13,t11,t3,t8,t42,t49,t43
 WHERE b30=a37
   AND b19=a57
   AND a9=b50
   AND a56=b57
   AND a12=b31
   AND a62=b1
   AND a64=b26
   AND b36=a15
   AND a19=b64
   AND b62=a40
   AND a42=b8
   AND a34=5
   AND b23=a48
   AND b49=a5
   AND a58=b41
   AND a18=b9
   AND a30=b58
   AND a35=b48
   AND a11=b15
   AND b43=a27
   AND b27=a36
   AND b42=a50
   AND a23=b53
   AND b18=a49
   AND b40=a31
   AND b12=a3
   AND b56=a13
   AND a1=b37
   AND b13=a47
   AND a8=b3
   AND b5=a53
   AND b11=a41
   AND a34=b47
   AND b2=a43
   AND a26=b35
----
35 values hashing to 51c7495d45dc94dee05192edc50beb9e

query TTTTTTTTTTTTTTTTTTTTTTTTTTTTTTTTTTT valuesort join-35-4
SELECT x44,x36,x11,x23,x10,x14,x40,x25,x49,x19,x30,x6,x5,x29,x1,x63,x37,x55,x18,x32,x4,x31,x2,x3,x39,x59,x16,x47,x24,x17,x56,x61,x45,x51,x27
  FROM t55,t36,t10,t49,t30,t16,t11,t59,t27,t4,t32,t23,t29,t3,t61,t45,t47,t31,t51,t19,t56,t40,t14,t24,t1,t37,t25,t17,t39,t2,t6,t44,t5,t18,t63
 WHERE a45=b61
   AND a59=b32
   AND b51=a19
   AND b30=a55
   AND a27=b25
   AND b2=a1
   AND b40=a25
   AND b23=a14
   AND a31=b17
   AND b36=a44
   AND a11=b6
   AND b55=a24
   AND b56=a47
   AND b11=a5
   AND b27=a63
   AND b4=a30
   AND b14=a32
   AND b44=a10
   AND a59=1
   AND b19=a16
   AND a37=b10
   AND b37=a49
   AND a39=b24
   AND b45=a36
   AND b3=a2
   AND b31=a3
   AND b1=a18
   AND b63=a61
   AND a56=b18
   AND b39=a17
   AND a51=b5
   AND a40=b47
   AND b29=a6
   AND b16=a4
   AND a23=b49
----
35 values hashing to 3b43f63f2ef61e8c4ec8b0e26c43ca2d

query TTTTTTTTTTTTTTTTTTTTTTTTTTTTTTTTTTT valuesort join-35-4
SELECT x44,x36,x11,x23,x10,x14,x40,x25,x49,x19,x30,x6,x5,x29,x1,x63,x37,x55,x18,x32,x4,x31,x2,x3,x39,x59,x16,x47,x24,x17,x56,x61,x45,x51,x27
  FROM t31,t2,t19,t56,t27,t55,t14,t45,t1,t47,t6,t17,t39,t3,t23,t4,t30,t36,t40,t32,t11,t29,t37,t16,t24,t10,t44,t25,t59,t5,t61,t63,t49,t51,t18
 WHERE b29=a6
   AND a19=b51
   AND a23=b49
   AND a11=b6
   AND a51=b5
   AND b40=a25
   AND a32=b14
   AND a40=b47
   AND a55=b30
   AND a2=b3
   AND a31=b17
   AND b61=a45
   AND a16=b19
   AND b37=a49
   AND a18=b1
   AND a61=b63
   AND b56=a47
   AND b44=a10
   AND b16=a4
   AND a44=b36
   AND a27=b25
   AND a56=b18
   AND b4=a30
   AND a37=b10
   AND b23=a14
   AND a59=1
   AND b2=a1
   AND a59=b32
   AND a39=b24
   AND a63=b27
   AND a24=b55
   AND b45=a36
   AND a3=b31
   AND a17=b39
   AND a5=b11
----
35 values hashing to 3b43f63f2ef61e8c4ec8b0e26c43ca2d

query TTTTTTTTTTTTTTTTTTTTTTTTTTTTTTTTTTT valuesort join-35-4
SELECT x44,x36,x11,x23,x10,x14,x40,x25,x49,x19,x30,x6,x5,x29,x1,x63,x37,x55,x18,x32,x4,x31,x2,x3,x39,x59,x16,x47,x24,x17,x56,x61,x45,x51,x27
  FROM t37,t56,t59,t18,t4,t17,t14,t6,t29,t51,t47,t44,t45,t11,t36,t2,t25,t1,t5,t27,t40,t23,t31,t24,t32,t39,t55,t49,t63,t16,t30,t10,t3,t19,t61
 WHERE a63=b27
   AND a11=b6
   AND b18=a56
   AND b1=a18
   AND a45=b61
   AND a59=1
   AND b45=a36
   AND a14=b23
   AND b10=a37
   AND b40=a25
   AND a24=b55
   AND b37=a49
   AND a31=b17
   AND a1=b2
   AND b51=a19
   AND b39=a17
   AND b32=a59
   AND b29=a6
   AND b36=a44
   AND a55=b30
   AND a23=b49
   AND b63=a61
   AND a30=b4
   AND b5=a51
   AND a5=b11
   AND a47=b56
   AND a32=b14
   AND b31=a3
   AND b16=a4
   AND b47=a40
   AND b3=a2
   AND a10=b44
   AND b24=a39
   AND a16=b19
   AND a27=b25
----
35 values hashing to 3b43f63f2ef61e8c4ec8b0e26c43ca2d

query TTTTTTTTTTTTTTTTTTTTTTTTTTTTTTTTTTTT valuesort join-36-1
SELECT x27,x8,x58,x50,x30,x3,x38,x12,x26,x45,x44,x49,x1,x35,x4,x39,x6,x23,x47,x11,x25,x54,x52,x61,x53,x18,x60,x56,x7,x63,x31,x28,x42,x15,x22,x13
  FROM t30,t54,t38,t56,t58,t45,t49,t12,t25,t63,t18,t42,t35,t31,t26,t39,t13,t44,t23,t3,t50,t22,t52,t60,t27,t6,t8,t7,t15,t4,t1,t47,t28,t11,t61,t53
 WHERE a15=b11
   AND a39=1
   AND b63=a11
   AND a28=b1
   AND a7=b30
   AND b38=a3
   AND b26=a52
   AND a27=b44
   AND a26=b3
   AND a6=b8
   AND a60=b47
   AND b61=a42
   AND b35=a30
   AND b22=a47
   AND b58=a61
   AND a38=b56
   AND b52=a8
   AND b50=a12
   AND b27=a56
   AND a44=b12
   AND b60=a13
   AND b6=a49
   AND a39=b7
   AND a4=b25
   AND a58=b18
   AND b49=a63
   AND a22=b15
   AND a31=b53
   AND b54=a25
   AND b13=a53
   AND a1=b45
   AND a54=b31
   AND a35=b42
   AND a50=b28
   AND b4=a18
   AND b23=a45
----
36 values hashing to 67deac424df66580cca44715dd8ea94f

query TTTTTTTTTTTTTTTTTTTTTTTTTTTTTTTTTTTT valuesort join-36-1
SELECT x27,x8,x58,x50,x30,x3,x38,x12,x26,x45,x44,x49,x1,x35,x4,x39,x6,x23,x47,x11,x25,x54,x52,x61,x53,x18,x60,x56,x7,x63,x31,x28,x42,x15,x22,x13
  FROM t1,t52,t23,t47,t7,t35,t38,t27,t54,t6,t3,t53,t11,t13,t56,t60,t30,t15,t12,t39,t58,t45,t8,t25,t50,t42,t28,t61,t4,t26,t44,t18,t31,t22,t49,t63
 WHERE a54=b31
   AND a47=b22
   AND a4=b25
   AND a8=b52
   AND a26=b3
   AND b35=a30
   AND a6=b8
   AND a25=b54
   AND a42=b61
   AND a27=b44
   AND a39=1
   AND a50=b28
   AND b12=a44
   AND a12=b50
   AND b45=a1
   AND b4=a18
   AND b6=a49
   AND b26=a52
   AND b11=a15
   AND b47=a60
   AND b38=a3
   AND b27=a56
   AND a22=b15
   AND a31=b53
   AND a13=b60
   AND a7=b30
   AND b13=a53
   AND a38=b56
   AND a11=b63
   AND a45=b23
   AND a63=b49
   AND a28=b1
   AND a39=b7
   AND b58=a61
   AND b42=a35
   AND b18=a58
----
36 values hashing to 67deac424df66580cca44715dd8ea94f

query TTTTTTTTTTTTTTTTTTTTTTTTTTTTTTTTTTTT valuesort join-36-1
SELECT x27,x8,x58,x50,x30,x3,x38,x12,x26,x45,x44,x49,x1,x35,x4,x39,x6,x23,x47,x11,x25,x54,x52,x61,x53,x18,x60,x56,x7,x63,x31,x28,x42,x15,x22,x13
  FROM t27,t47,t6,t53,t35,t45,t18,t1,t22,t3,t26,t7,t12,t11,t49,t39,t25,t63,t52,t50,t61,t4,t8,t30,t44,t13,t31,t23,t42,t54,t56,t15,t58,t38,t28,t60
 WHERE b1=a28
   AND b30=a7
   AND a15=b11
   AND a11=b63
   AND a26=b3
   AND a31=b53
   AND a49=b6
   AND b15=a22
   AND b60=a13
   AND b49=a63
   AND a8=b52
   AND a39=b7
   AND b45=a1
   AND a30=b35
   AND b23=a45
   AND a54=b31
   AND a6=b8
   AND b13=a53
   AND b44=a27
   AND a38=b56
   AND b26=a52
   AND a39=1
   AND a4=b25
   AND b18=a58
   AND a50=b28
   AND a61=b58
   AND b61=a42
   AND b12=a44
   AND a35=b42
   AND a56=b27
   AND a12=b50
   AND b22=a47
   AND a25=b54
   AND b4=a18
   AND b47=a60
   AND a3=b38
----
36 values hashing to 67deac424df66580cca44715dd8ea94f

query TTTTTTTTTTTTTTTTTTTTTTTTTTTTTTTTTTTT valuesort join-36-2
SELECT x5,x55,x13,x27,x47,x59,x25,x22,x41,x1,x34,x3,x30,x62,x26,x44,x51,x58,x6,x37,x57,x28,x39,x33,x8,x40,x19,x32,x36,x16,x23,x15,x56,x49,x38,x2
  FROM t2,t22,t32,t30,t62,t6,t39,t49,t15,t38,t1,t28,t25,t13,t36,t8,t41,t57,t26,t19,t44,t51,t34,t37,t55,t27,t58,t56,t16,t3,t59,t40,t33,t47,t23,t5
 WHERE a3=b58
   AND a56=b3
   AND a39=b8
   AND a8=b23
   AND a25=b55
   AND b15=a32
   AND b22=a41
   AND b28=a23
   AND a2=b41
   AND a44=b5
   AND a33=b37
   AND b33=a57
   AND b49=a26
   AND b44=a62
   AND b51=a59
   AND a47=b6
   AND b38=a34
   AND b34=a22
   AND a19=b26
   AND b56=a28
   AND b16=a5
   AND b40=a38
   AND b13=a49
   AND a16=b30
   AND a39=1
   AND b47=a13
   AND a51=b1
   AND a37=b32
   AND a40=b36
   AND b59=a36
   AND b2=a15
   AND a27=b62
   AND b25=a1
   AND b57=a6
   AND a30=b19
   AND a58=b27
----
36 values hashing to 51fd75522eadb06320069ae7a954a009

query TTTTTTTTTTTTTTTTTTTTTTTTTTTTTTTTTTTT valuesort join-36-2
SELECT x5,x55,x13,x27,x47,x59,x25,x22,x41,x1,x34,x3,x30,x62,x26,x44,x51,x58,x6,x37,x57,x28,x39,x33,x8,x40,x19,x32,x36,x16,x23,x15,x56,x49,x38,x2
  FROM t27,t26,t3,t34,t58,t49,t41,t44,t2,t30,t15,t13,t57,t32,t40,t23,t33,t5,t56,t36,t55,t8,t59,t51,t28,t19,t25,t38,t22,t39,t1,t6,t62,t16,t47,t37
 WHERE a33=b37
   AND a26=b49
   AND b58=a3
   AND b3=a56
   AND a39=b8
   AND a41=b22
   AND a2=b41
   AND a39=1
   AND a23=b28
   AND a37=b32
   AND a19=b26
   AND a40=b36
   AND a28=b56
   AND b1=a51
   AND a38=b40
   AND b57=a6
   AND b34=a22
   AND a13=b47
   AND a30=b19
   AND a47=b6
   AND b2=a15
   AND a16=b30
   AND b51=a59
   AND b16=a5
   AND b23=a8
   AND b33=a57
   AND b15=a32
   AND b59=a36
   AND b27=a58
   AND a1=b25
   AND b62=a27
   AND b44=a62
   AND a25=b55
   AND b13=a49
   AND b5=a44
   AND b38=a34
----
36 values hashing to 51fd75522eadb06320069ae7a954a009

query TTTTTTTTTTTTTTTTTTTTTTTTTTTTTTTTTTTT valuesort join-36-2
SELECT x5,x55,x13,x27,x47,x59,x25,x22,x41,x1,x34,x3,x30,x62,x26,x44,x51,x58,x6,x37,x57,x28,x39,x33,x8,x40,x19,x32,x36,x16,x23,x15,x56,x49,x38,x2
  FROM t30,t26,t41,t8,t6,t16,t55,t28,t3,t23,t22,t57,t15,t19,t37,t62,t51,t58,t59,t5,t1,t2,t47,t13,t32,t25,t33,t40,t38,t36,t44,t39,t49,t56,t34,t27
 WHERE b58=a3
   AND b13=a49
   AND b62=a27
   AND a1=b25
   AND b49=a26
   AND b37=a33
   AND a19=b26
   AND a59=b51
   AND a51=b1
   AND b56=a28
   AND a32=b15
   AND b40=a38
   AND b22=a41
   AND b16=a5
   AND a8=b23
   AND a57=b33
   AND a25=b55
   AND a16=b30
   AND b3=a56
   AND b2=a15
   AND b38=a34
   AND a58=b27
   AND b19=a30
   AND b32=a37
   AND b47=a13
   AND b34=a22
   AND b41=a2
   AND b36=a40
   AND a39=b8
   AND b6=a47
   AND b44=a62
   AND a39=1
   AND a6=b57
   AND a23=b28
   AND a36=b59
   AND a44=b5
----
36 values hashing to 51fd75522eadb06320069ae7a954a009

query TTTTTTTTTTTTTTTTTTTTTTTTTTTTTTTTTTTT valuesort join-36-3
SELECT x43,x31,x10,x8,x24,x13,x17,x53,x38,x52,x25,x2,x16,x47,x33,x18,x45,x57,x9,x3,x49,x46,x15,x55,x44,x34,x35,x56,x7,x4,x20,x36,x27,x42,x14,x1
  FROM t15,t56,t18,t14,t43,t4,t1,t25,t31,t49,t27,t33,t52,t17,t20,t42,t55,t34,t8,t9,t7,t46,t53,t38,t3,t13,t45,t16,t24,t10,t47,t2,t35,t36,t57,t44
 WHERE b57=a9
   AND b53=a31
   AND b52=a1
   AND a47=b46
   AND b16=a52
   AND a7=b38
   AND b2=a56
   AND b17=a42
   AND b55=a33
   AND a57=b7
   AND b24=a4
   AND a17=b25
   AND a27=b49
   AND b35=a14
   AND a13=b34
   AND b31=a55
   AND a15=b47
   AND a46=b18
   AND b27=a2
   AND a36=b1
   AND b13=a43
   AND b42=a44
   AND b14=a25
   AND a49=b20
   AND a36=4
   AND b3=a34
   AND b9=a3
   AND a35=b8
   AND a45=b4
   AND b44=a10
   AND a24=b56
   AND a18=b10
   AND b15=a53
   AND b43=a16
   AND a8=b45
   AND b33=a38
----
36 values hashing to 94973ecab9dee93eaf3a30e38fc37bf5

query TTTTTTTTTTTTTTTTTTTTTTTTTTTTTTTTTTTT valuesort join-36-3
SELECT x43,x31,x10,x8,x24,x13,x17,x53,x38,x52,x25,x2,x16,x47,x33,x18,x45,x57,x9,x3,x49,x46,x15,x55,x44,x34,x35,x56,x7,x4,x20,x36,x27,x42,x14,x1
  FROM t44,t2,t7,t14,t55,t24,t42,t33,t16,t10,t15,t31,t36,t34,t45,t20,t17,t49,t9,t38,t56,t8,t47,t13,t35,t3,t27,t25,t4,t43,t18,t46,t52,t53,t1,t57
 WHERE a38=b33
   AND b17=a42
   AND b35=a14
   AND a7=b38
   AND a24=b56
   AND a36=4
   AND a27=b49
   AND b1=a36
   AND a52=b16
   AND a33=b55
   AND b14=a25
   AND a16=b43
   AND a10=b44
   AND b3=a34
   AND b9=a3
   AND a35=b8
   AND a2=b27
   AND a49=b20
   AND b57=a9
   AND a17=b25
   AND b13=a43
   AND b2=a56
   AND a18=b10
   AND b46=a47
   AND a44=b42
   AND a8=b45
   AND a46=b18
   AND b31=a55
   AND a31=b53
   AND b15=a53
   AND a15=b47
   AND b34=a13
   AND b24=a4
   AND a45=b4
   AND b52=a1
   AND a57=b7
----
36 values hashing to 94973ecab9dee93eaf3a30e38fc37bf5

query TTTTTTTTTTTTTTTTTTTTTTTTTTTTTTTTTTTT valuesort join-36-3
SELECT x43,x31,x10,x8,x24,x13,x17,x53,x38,x52,x25,x2,x16,x47,x33,x18,x45,x57,x9,x3,x49,x46,x15,x55,x44,x34,x35,x56,x7,x4,x20,x36,x27,x42,x14,x1
  FROM t36,t35,t46,t44,t4,t3,t33,t10,t15,t20,t34,t56,t13,t8,t1,t31,t57,t14,t16,t18,t24,t42,t52,t45,t2,t25,t43,t9,t27,t53,t47,t17,t55,t49,t38,t7
 WHERE a18=b10
   AND a13=b34
   AND b38=a7
   AND a10=b44
   AND a55=b31
   AND a14=b35
   AND b24=a4
   AND b55=a33
   AND a3=b9
   AND a24=b56
   AND a56=b2
   AND b53=a31
   AND a36=4
   AND b18=a46
   AND b16=a52
   AND b8=a35
   AND b45=a8
   AND a43=b13
   AND a2=b27
   AND a16=b43
   AND b15=a53
   AND b52=a1
   AND b14=a25
   AND b49=a27
   AND a44=b42
   AND b3=a34
   AND a17=b25
   AND b20=a49
   AND a38=b33
   AND b4=a45
   AND b47=a15
   AND b57=a9
   AND a42=b17
   AND b1=a36
   AND a47=b46
   AND a57=b7
----
36 values hashing to 94973ecab9dee93eaf3a30e38fc37bf5

query TTTTTTTTTTTTTTTTTTTTTTTTTTTTTTTTTTTT valuesort join-36-4
SELECT x19,x29,x45,x62,x17,x14,x1,x50,x33,x51,x57,x56,x52,x5,x11,x22,x48,x13,x36,x16,x3,x40,x23,x53,x43,x15,x4,x28,x49,x26,x47,x8,x12,x20,x31,x35
  FROM t22,t16,t14,t23,t4,t43,t50,t12,t35,t15,t36,t20,t31,t5,t26,t3,t33,t13,t48,t8,t51,t52,t40,t49,t62,t57,t1,t28,t17,t19,t53,t47,t11,t45,t29,t56
 WHERE a16=b49
   AND a35=b19
   AND a62=b26
   AND b1=a3
   AND b17=a51
   AND b8=a28
   AND a47=b5
   AND b31=a1
   AND a17=b13
   AND a29=b15
   AND a8=b29
   AND b47=a14
   AND b28=a26
   AND b3=a36
   AND b11=a4
   AND a45=b48
   AND a15=b43
   AND b53=a31
   AND b23=a43
   AND a52=b12
   AND b57=a33
   AND a50=b40
   AND b35=a40
   AND b20=a11
   AND b51=a22
   AND a13=b14
   AND a49=b45
   AND a53=b62
   AND a36=6
   AND a12=b22
   AND a23=b52
   AND b50=a56
   AND a48=b56
   AND a20=b16
   AND a57=b4
   AND b33=a5
----
36 values hashing to 744c7b966b5968507f14bfe4bc42f6c5

query TTTTTTTTTTTTTTTTTTTTTTTTTTTTTTTTTTTT valuesort join-36-4
SELECT x19,x29,x45,x62,x17,x14,x1,x50,x33,x51,x57,x56,x52,x5,x11,x22,x48,x13,x36,x16,x3,x40,x23,x53,x43,x15,x4,x28,x49,x26,x47,x8,x12,x20,x31,x35
  FROM t48,t13,t33,t56,t47,t26,t8,t5,t43,t1,t49,t3,t23,t57,t35,t36,t52,t29,t31,t62,t51,t19,t11,t28,t45,t4,t50,t40,t22,t14,t53,t16,t20,t17,t15,t12
 WHERE a11=b20
   AND b48=a45
   AND a52=b12
   AND b62=a53
   AND b4=a57
   AND b23=a43
   AND b52=a23
   AND b8=a28
   AND a48=b56
   AND a51=b17
   AND a29=b15
   AND a8=b29
   AND a62=b26
   AND b14=a13
   AND a5=b33
   AND b43=a15
   AND a47=b5
   AND b1=a3
   AND a31=b53
   AND b28=a26
   AND b45=a49
   AND a17=b13
   AND b40=a50
   AND a20=b16
   AND b49=a16
   AND a40=b35
   AND a35=b19
   AND b51=a22
   AND a14=b47
   AND b22=a12
   AND a56=b50
   AND a1=b31
   AND b3=a36
   AND b11=a4
   AND b57=a33
   AND a36=6
----
36 values hashing to 744c7b966b5968507f14bfe4bc42f6c5

query TTTTTTTTTTTTTTTTTTTTTTTTTTTTTTTTTTTT valuesort join-36-4
SELECT x19,x29,x45,x62,x17,x14,x1,x50,x33,x51,x57,x56,x52,x5,x11,x22,x48,x13,x36,x16,x3,x40,x23,x53,x43,x15,x4,x28,x49,x26,x47,x8,x12,x20,x31,x35
  FROM t47,t28,t43,t20,t31,t3,t48,t45,t14,t12,t1,t23,t4,t36,t26,t13,t51,t11,t5,t52,t62,t8,t33,t56,t16,t40,t49,t35,t50,t29,t22,t17,t15,t57,t19,t53
 WHERE a4=b11
   AND a12=b22
   AND a14=b47
   AND b52=a23
   AND a17=b13
   AND a26=b28
   AND a53=b62
   AND a57=b4
   AND b57=a33
   AND b14=a13
   AND b50=a56
   AND b1=a3
   AND b8=a28
   AND b40=a50
   AND a15=b43
   AND a43=b23
   AND a5=b33
   AND b56=a48
   AND a31=b53
   AND b31=a1
   AND b51=a22
   AND b16=a20
   AND b19=a35
   AND a36=6
   AND a11=b20
   AND b48=a45
   AND b49=a16
   AND b45=a49
   AND b35=a40
   AND a51=b17
   AND a36=b3
   AND a8=b29
   AND b12=a52
   AND a47=b5
   AND b26=a62
   AND b15=a29
----
36 values hashing to 744c7b966b5968507f14bfe4bc42f6c5

query TTTTTTTTTTTTTTTTTTTTTTTTTTTTTTTTTTTTT valuesort join-37-1
SELECT x29,x41,x22,x42,x32,x14,x25,x60,x3,x44,x18,x11,x4,x7,x2,x63,x6,x40,x61,x13,x48,x46,x33,x8,x30,x43,x15,x49,x21,x59,x35,x53,x20,x45,x9,x55,x62
  FROM t33,t40,t18,t46,t42,t44,t53,t49,t9,t35,t11,t61,t8,t21,t63,t41,t32,t20,t60,t6,t7,t48,t2,t15,t55,t22,t59,t4,t45,t29,t3,t62,t14,t13,t30,t25,t43
 WHERE b29=a14
   AND a41=b60
   AND b55=a62
   AND a2=4
   AND a8=b59
   AND a29=b22
   AND a46=b63
   AND b43=a32
   AND a43=b42
   AND b20=a9
   AND b13=a21
   AND b41=a61
   AND a44=b32
   AND a45=b30
   AND b6=a3
   AND a4=b25
   AND a33=b15
   AND b62=a53
   AND a40=b44
   AND a63=b40
   AND a25=b11
   AND a22=b45
   AND b48=a55
   AND a59=b4
   AND a30=b49
   AND a11=b14
   AND a18=b33
   AND b21=a2
   AND b53=a13
   AND a42=b3
   AND b46=a49
   AND b18=a6
   AND b35=a20
   AND a7=b9
   AND a60=b8
   AND a48=b7
   AND b61=a35
----
37 values hashing to eed1b6e1940db419d710ed09a95386ed

query TTTTTTTTTTTTTTTTTTTTTTTTTTTTTTTTTTTTT valuesort join-37-1
SELECT x29,x41,x22,x42,x32,x14,x25,x60,x3,x44,x18,x11,x4,x7,x2,x63,x6,x40,x61,x13,x48,x46,x33,x8,x30,x43,x15,x49,x21,x59,x35,x53,x20,x45,x9,x55,x62
  FROM t14,t21,t18,t22,t62,t49,t60,t35,t44,t15,t7,t6,t45,t43,t41,t2,t9,t63,t8,t32,t4,t25,t46,t42,t61,t11,t3,t20,t59,t13,t55,t33,t53,t29,t48,t40,t30
 WHERE a59=b4
   AND a63=b40
   AND a2=b21
   AND a62=b55
   AND a4=b25
   AND b22=a29
   AND a53=b62
   AND a49=b46
   AND a30=b49
   AND b3=a42
   AND a25=b11
   AND b6=a3
   AND b29=a14
   AND a35=b61
   AND b53=a13
   AND b42=a43
   AND a48=b7
   AND b18=a6
   AND a20=b35
   AND a2=4
   AND a7=b9
   AND a41=b60
   AND a18=b33
   AND b15=a33
   AND b32=a44
   AND a40=b44
   AND a46=b63
   AND b30=a45
   AND b8=a60
   AND a8=b59
   AND a61=b41
   AND a11=b14
   AND b45=a22
   AND b48=a55
   AND a21=b13
   AND a9=b20
   AND b43=a32
----
37 values hashing to eed1b6e1940db419d710ed09a95386ed

query TTTTTTTTTTTTTTTTTTTTTTTTTTTTTTTTTTTTT valuesort join-37-1
SELECT x29,x41,x22,x42,x32,x14,x25,x60,x3,x44,x18,x11,x4,x7,x2,x63,x6,x40,x61,x13,x48,x46,x33,x8,x30,x43,x15,x49,x21,x59,x35,x53,x20,x45,x9,x55,x62
  FROM t42,t15,t2,t45,t61,t48,t14,t46,t63,t30,t53,t32,t40,t49,t25,t29,t62,t3,t9,t55,t22,t8,t6,t18,t4,t11,t13,t43,t60,t35,t33,t41,t7,t44,t20,t21,t59
 WHERE b63=a46
   AND b60=a41
   AND b9=a7
   AND b41=a61
   AND b32=a44
   AND a32=b43
   AND b40=a63
   AND a14=b29
   AND b11=a25
   AND a9=b20
   AND a45=b30
   AND a33=b15
   AND b3=a42
   AND a18=b33
   AND a30=b49
   AND a21=b13
   AND a48=b7
   AND a2=4
   AND b61=a35
   AND a53=b62
   AND b22=a29
   AND a22=b45
   AND a62=b55
   AND b8=a60
   AND b35=a20
   AND b4=a59
   AND a55=b48
   AND b6=a3
   AND a40=b44
   AND a2=b21
   AND b25=a4
   AND a8=b59
   AND a6=b18
   AND a11=b14
   AND b46=a49
   AND b42=a43
   AND b53=a13
----
37 values hashing to eed1b6e1940db419d710ed09a95386ed

query TTTTTTTTTTTTTTTTTTTTTTTTTTTTTTTTTTTTT valuesort join-37-2
SELECT x27,x44,x20,x4,x21,x28,x32,x31,x12,x58,x22,x6,x35,x10,x53,x7,x5,x3,x29,x50,x11,x43,x45,x19,x13,x54,x57,x15,x1,x60,x9,x38,x63,x17,x2,x41,x30
  FROM t41,t27,t35,t9,t54,t58,t38,t57,t6,t3,t22,t29,t2,t21,t44,t10,t50,t4,t19,t28,t32,t15,t43,t11,t5,t53,t45,t7,t17,t30,t12,t13,t20,t1,t63,t60,t31
 WHERE b9=a10
   AND a35=b15
   AND a22=b27
   AND a2=b28
   AND a2=2
   AND b19=a45
   AND a53=b38
   AND b13=a21
   AND b29=a3
   AND b17=a41
   AND a19=b7
   AND a58=b6
   AND a15=b50
   AND a20=b10
   AND b21=a9
   AND b35=a54
   AND b5=a11
   AND b32=a6
   AND b45=a28
   AND b58=a63
   AND a12=b60
   AND a17=b1
   AND a5=b57
   AND b53=a60
   AND b11=a7
   AND a32=b12
   AND a1=b3
   AND b20=a38
   AND a50=b30
   AND a57=b4
   AND a4=b41
   AND a44=b31
   AND b44=a29
   AND a27=b43
   AND b22=a13
   AND b63=a30
   AND a31=b54
----
37 values hashing to c4254fd626a890132297039dac76f69a

query TTTTTTTTTTTTTTTTTTTTTTTTTTTTTTTTTTTTT valuesort join-37-2
SELECT x27,x44,x20,x4,x21,x28,x32,x31,x12,x58,x22,x6,x35,x10,x53,x7,x5,x3,x29,x50,x11,x43,x45,x19,x13,x54,x57,x15,x1,x60,x9,x38,x63,x17,x2,x41,x30
  FROM t38,t60,t57,t58,t53,t27,t2,t13,t19,t43,t22,t29,t5,t30,t50,t9,t3,t35,t31,t4,t11,t12,t54,t6,t21,t44,t17,t32,t28,t7,t15,t1,t20,t63,t45,t10,t41
 WHERE a21=b13
   AND b17=a41
   AND a19=b7
   AND b30=a50
   AND a17=b1
   AND b29=a3
   AND b45=a28
   AND b15=a35
   AND a5=b57
   AND a30=b63
   AND b5=a11
   AND a6=b32
   AND b3=a1
   AND b20=a38
   AND a13=b22
   AND b58=a63
   AND b19=a45
   AND a22=b27
   AND a12=b60
   AND a27=b43
   AND b12=a32
   AND a20=b10
   AND b31=a44
   AND a31=b54
   AND b21=a9
   AND a15=b50
   AND a60=b53
   AND b44=a29
   AND b28=a2
   AND b9=a10
   AND a2=2
   AND b41=a4
   AND b4=a57
   AND b6=a58
   AND a54=b35
   AND a53=b38
   AND b11=a7
----
37 values hashing to c4254fd626a890132297039dac76f69a

query TTTTTTTTTTTTTTTTTTTTTTTTTTTTTTTTTTTTT valuesort join-37-2
SELECT x27,x44,x20,x4,x21,x28,x32,x31,x12,x58,x22,x6,x35,x10,x53,x7,x5,x3,x29,x50,x11,x43,x45,x19,x13,x54,x57,x15,x1,x60,x9,x38,x63,x17,x2,x41,x30
  FROM t35,t41,t17,t21,t58,t11,t1,t10,t45,t12,t4,t27,t19,t43,t32,t60,t15,t57,t6,t38,t2,t13,t54,t20,t7,t29,t22,t50,t63,t5,t53,t44,t3,t28,t31,t30,t9
 WHERE a44=b31
   AND a53=b38
   AND a12=b60
   AND b17=a41
   AND a21=b13
   AND b44=a29
   AND b11=a7
   AND a60=b53
   AND b57=a5
   AND a54=b35
   AND b22=a13
   AND a2=2
   AND b20=a38
   AND a30=b63
   AND b29=a3
   AND a32=b12
   AND b54=a31
   AND b32=a6
   AND a57=b4
   AND b21=a9
   AND b3=a1
   AND b15=a35
   AND a17=b1
   AND b28=a2
   AND a4=b41
   AND b9=a10
   AND b19=a45
   AND b5=a11
   AND b45=a28
   AND b10=a20
   AND b27=a22
   AND a15=b50
   AND b43=a27
   AND b58=a63
   AND a19=b7
   AND b6=a58
   AND b30=a50
----
37 values hashing to c4254fd626a890132297039dac76f69a

query TTTTTTTTTTTTTTTTTTTTTTTTTTTTTTTTTTTTT valuesort join-37-3
SELECT x63,x13,x29,x24,x11,x1,x40,x20,x18,x22,x28,x6,x33,x61,x4,x23,x38,x42,x12,x5,x57,x17,x14,x59,x35,x54,x16,x7,x26,x49,x21,x31,x36,x60,x8,x53,x50
  FROM t28,t4,t38,t33,t53,t8,t36,t35,t22,t20,t11,t54,t42,t17,t16,t14,t24,t21,t1,t13,t23,t61,t18,t29,t5,t50,t7,t60,t63,t6,t31,t49,t57,t59,t40,t12,t26
 WHERE b12=a18
   AND b23=a1
   AND a33=b14
   AND b54=a61
   AND b35=a26
   AND b7=a60
   AND a29=b8
   AND a36=9
   AND b17=a53
   AND b18=a22
   AND b40=a16
   AND b42=a17
   AND a14=b63
   AND b29=a38
   AND b1=a21
   AND a36=b16
   AND a31=b28
   AND a57=b59
   AND b50=a59
   AND a23=b5
   AND a54=b38
   AND b21=a6
   AND b13=a24
   AND b24=a40
   AND a4=b26
   AND a42=b11
   AND a7=b61
   AND b33=a13
   AND b49=a5
   AND a8=b31
   AND a20=b53
   AND b20=a35
   AND a28=b57
   AND a50=b22
   AND b6=a12
   AND a11=b60
   AND b4=a63
----
37 values hashing to de88a57ee274fef01dbb12905764fb29

query TTTTTTTTTTTTTTTTTTTTTTTTTTTTTTTTTTTTT valuesort join-37-3
SELECT x63,x13,x29,x24,x11,x1,x40,x20,x18,x22,x28,x6,x33,x61,x4,x23,x38,x42,x12,x5,x57,x17,x14,x59,x35,x54,x16,x7,x26,x49,x21,x31,x36,x60,x8,x53,x50
  FROM t50,t53,t42,t8,t61,t16,t36,t21,t11,t23,t28,t40,t29,t22,t33,t35,t13,t7,t24,t49,t18,t6,t20,t59,t38,t12,t63,t31,t54,t57,t4,t60,t17,t1,t14,t26,t5
 WHERE b21=a6
   AND a24=b13
   AND a13=b33
   AND a54=b38
   AND b40=a16
   AND b28=a31
   AND b18=a22
   AND a36=b16
   AND b14=a33
   AND a14=b63
   AND a4=b26
   AND b12=a18
   AND b4=a63
   AND a36=9
   AND a42=b11
   AND b22=a50
   AND b42=a17
   AND b7=a60
   AND b31=a8
   AND a7=b61
   AND a23=b5
   AND b50=a59
   AND b29=a38
   AND a5=b49
   AND a12=b6
   AND a11=b60
   AND a21=b1
   AND b24=a40
   AND b20=a35
   AND b59=a57
   AND b35=a26
   AND a1=b23
   AND b54=a61
   AND b53=a20
   AND a53=b17
   AND b57=a28
   AND a29=b8
----
37 values hashing to de88a57ee274fef01dbb12905764fb29

query TTTTTTTTTTTTTTTTTTTTTTTTTTTTTTTTTTTTT valuesort join-37-3
SELECT x63,x13,x29,x24,x11,x1,x40,x20,x18,x22,x28,x6,x33,x61,x4,x23,x38,x42,x12,x5,x57,x17,x14,x59,x35,x54,x16,x7,x26,x49,x21,x31,x36,x60,x8,x53,x50
  FROM t17,t40,t38,t35,t6,t50,t63,t26,t18,t28,t20,t16,t57,t7,t49,t1,t13,t54,t23,t33,t12,t21,t29,t5,t24,t11,t31,t53,t8,t4,t36,t42,t60,t59,t14,t22,t61
 WHERE a6=b21
   AND b33=a13
   AND b1=a21
   AND a28=b57
   AND a42=b11
   AND a36=9
   AND a33=b14
   AND a14=b63
   AND a29=b8
   AND a12=b6
   AND a57=b59
   AND a23=b5
   AND b38=a54
   AND a26=b35
   AND b13=a24
   AND b29=a38
   AND b4=a63
   AND b12=a18
   AND b31=a8
   AND a22=b18
   AND b24=a40
   AND b28=a31
   AND b16=a36
   AND a5=b49
   AND b7=a60
   AND b53=a20
   AND a1=b23
   AND a59=b50
   AND b40=a16
   AND a50=b22
   AND a61=b54
   AND a11=b60
   AND b26=a4
   AND b42=a17
   AND a53=b17
   AND a35=b20
   AND a7=b61
----
37 values hashing to de88a57ee274fef01dbb12905764fb29

query TTTTTTTTTTTTTTTTTTTTTTTTTTTTTTTTTTTTT valuesort join-37-4
SELECT x53,x60,x49,x33,x55,x5,x9,x58,x2,x23,x20,x45,x24,x15,x59,x34,x52,x1,x6,x40,x21,x8,x54,x30,x39,x16,x62,x26,x32,x61,x51,x12,x11,x27,x25,x38,x35
  FROM t49,t53,t62,t55,t8,t25,t5,t30,t35,t32,t52,t21,t24,t61,t11,t59,t58,t39,t51,t45,t40,t54,t6,t38,t26,t16,t12,t15,t34,t23,t1,t60,t20,t33,t9,t27,t2
 WHERE b9=a24
   AND a21=2
   AND b40=a32
   AND a20=b26
   AND b11=a54
   AND b8=a49
   AND b27=a52
   AND a11=b34
   AND b12=a38
   AND b54=a30
   AND a8=b39
   AND b60=a34
   AND a9=b16
   AND b20=a58
   AND a40=b23
   AND a15=b30
   AND a23=b5
   AND b62=a39
   AND a5=b55
   AND a60=b58
   AND a27=b35
   AND b25=a45
   AND b6=a59
   AND b2=a6
   AND a53=b51
   AND b49=a26
   AND b33=a1
   AND b15=a55
   AND b52=a33
   AND b45=a51
   AND b1=a25
   AND b59=a16
   AND a61=b24
   AND b32=a35
   AND b38=a2
   AND a21=b53
   AND b61=a62
----
37 values hashing to 2e3bd04f3e26afd13d78d35f06e2db85

query TTTTTTTTTTTTTTTTTTTTTTTTTTTTTTTTTTTTT valuesort join-37-4
SELECT x53,x60,x49,x33,x55,x5,x9,x58,x2,x23,x20,x45,x24,x15,x59,x34,x52,x1,x6,x40,x21,x8,x54,x30,x39,x16,x62,x26,x32,x61,x51,x12,x11,x27,x25,x38,x35
  FROM t40,t51,t52,t55,t54,t8,t33,t23,t2,t30,t53,t9,t20,t12,t5,t34,t62,t59,t49,t27,t26,t32,t6,t60,t39,t25,t11,t61,t16,t24,t38,t58,t15,t21,t1,t35,t45
 WHERE a26=b49
   AND b53=a21
   AND b2=a6
   AND b25=a45
   AND a21=2
   AND b1=a25
   AND b58=a60
   AND b40=a32
   AND b33=a1
   AND a11=b34
   AND b38=a2
   AND a33=b52
   AND a35=b32
   AND a27=b35
   AND b26=a20
   AND b11=a54
   AND a51=b45
   AND a49=b8
   AND b51=a53
   AND a38=b12
   AND b9=a24
   AND a61=b24
   AND a9=b16
   AND a5=b55
   AND b60=a34
   AND b54=a30
   AND b27=a52
   AND a58=b20
   AND a15=b30
   AND a39=b62
   AND b59=a16
   AND b61=a62
   AND a40=b23
   AND a23=b5
   AND b6=a59
   AND b15=a55
   AND b39=a8
----
37 values hashing to 2e3bd04f3e26afd13d78d35f06e2db85

query TTTTTTTTTTTTTTTTTTTTTTTTTTTTTTTTTTTTT valuesort join-37-4
SELECT x53,x60,x49,x33,x55,x5,x9,x58,x2,x23,x20,x45,x24,x15,x59,x34,x52,x1,x6,x40,x21,x8,x54,x30,x39,x16,x62,x26,x32,x61,x51,x12,x11,x27,x25,x38,x35
  FROM t51,t26,t35,t6,t61,t9,t40,t11,t59,t1,t52,t32,t34,t60,t38,t58,t55,t20,t62,t21,t49,t30,t23,t27,t54,t15,t45,t53,t2,t8,t12,t24,t39,t33,t25,t5,t16
 WHERE b20=a58
   AND b5=a23
   AND a8=b39
   AND b53=a21
   AND a60=b58
   AND b27=a52
   AND a45=b25
   AND a16=b59
   AND a38=b12
   AND b54=a30
   AND a9=b16
   AND b40=a32
   AND b34=a11
   AND b33=a1
   AND a21=2
   AND a53=b51
   AND b35=a27
   AND b60=a34
   AND a40=b23
   AND a35=b32
   AND b49=a26
   AND b9=a24
   AND a20=b26
   AND b8=a49
   AND a55=b15
   AND a2=b38
   AND b6=a59
   AND a5=b55
   AND b1=a25
   AND b30=a15
   AND b52=a33
   AND b2=a6
   AND a61=b24
   AND b45=a51
   AND a39=b62
   AND a54=b11
   AND b61=a62
----
37 values hashing to 2e3bd04f3e26afd13d78d35f06e2db85

query TTTTTTTTTTTTTTTTTTTTTTTTTTTTTTTTTTTTTT valuesort join-38-1
SELECT x23,x35,x6,x1,x13,x28,x52,x54,x15,x29,x36,x41,x43,x46,x10,x37,x57,x42,x49,x12,x26,x9,x48,x18,x64,x38,x14,x27,x50,x45,x47,x2,x20,x7,x60,x40,x32,x31
  FROM t32,t2,t29,t15,t7,t9,t35,t43,t48,t27,t13,t49,t23,t54,t31,t52,t64,t18,t38,t40,t37,t26,t20,t28,t46,t1,t50,t60,t45,t12,t47,t10,t6,t14,t36,t57,t42,t41
 WHERE a20=b42
   AND b50=a60
   AND b31=a46
   AND a9=b57
   AND b6=a18
   AND a32=b45
   AND a2=b27
   AND a14=b40
   AND b46=a15
   AND b10=a49
   AND b7=a23
   AND b12=a29
   AND b18=a1
   AND b64=a50
   AND a38=b48
   AND b9=a48
   AND a26=b29
   AND a37=b20
   AND b35=a64
   AND b2=a35
   AND a47=b23
   AND a40=b43
   AND a27=b38
   AND b54=a13
   AND b60=a10
   AND b1=a54
   AND a12=b14
   AND b37=a52
   AND a42=b47
   AND b28=a36
   AND a6=b41
   AND b13=a7
   AND b32=a28
   AND a41=b49
   AND a26=7
   AND a43=b36
   AND b15=a57
   AND b52=a45
----
38 values hashing to f3d758811513b9899defd48843b04495

query TTTTTTTTTTTTTTTTTTTTTTTTTTTTTTTTTTTTTT valuesort join-38-1
SELECT x23,x35,x6,x1,x13,x28,x52,x54,x15,x29,x36,x41,x43,x46,x10,x37,x57,x42,x49,x12,x26,x9,x48,x18,x64,x38,x14,x27,x50,x45,x47,x2,x20,x7,x60,x40,x32,x31
  FROM t20,t23,t50,t47,t64,t13,t9,t36,t18,t14,t10,t40,t60,t2,t42,t41,t37,t7,t31,t27,t6,t26,t1,t43,t29,t28,t12,t48,t54,t49,t57,t32,t38,t35,t45,t46,t52,t15
 WHERE b54=a13
   AND a26=b29
   AND b64=a50
   AND b12=a29
   AND a49=b10
   AND a45=b52
   AND b6=a18
   AND b18=a1
   AND b1=a54
   AND b43=a40
   AND b20=a37
   AND a41=b49
   AND b27=a2
   AND a14=b40
   AND b50=a60
   AND a43=b36
   AND b9=a48
   AND a47=b23
   AND a20=b42
   AND a7=b13
   AND b57=a9
   AND a12=b14
   AND a52=b37
   AND a28=b32
   AND b31=a46
   AND b47=a42
   AND b28=a36
   AND a57=b15
   AND b38=a27
   AND a35=b2
   AND a64=b35
   AND a26=7
   AND b45=a32
   AND a23=b7
   AND a6=b41
   AND b60=a10
   AND a15=b46
   AND b48=a38
----
38 values hashing to f3d758811513b9899defd48843b04495

query TTTTTTTTTTTTTTTTTTTTTTTTTTTTTTTTTTTTTT valuesort join-38-1
SELECT x23,x35,x6,x1,x13,x28,x52,x54,x15,x29,x36,x41,x43,x46,x10,x37,x57,x42,x49,x12,x26,x9,x48,x18,x64,x38,x14,x27,x50,x45,x47,x2,x20,x7,x60,x40,x32,x31
  FROM t54,t23,t6,t12,t18,t48,t9,t49,t43,t36,t42,t10,t26,t41,t52,t60,t1,t31,t13,t2,t20,t7,t40,t47,t28,t46,t15,t38,t27,t14,t35,t32,t45,t64,t29,t37,t57,t50
 WHERE a46=b31
   AND b47=a42
   AND a36=b28
   AND a15=b46
   AND a7=b13
   AND a50=b64
   AND a26=7
   AND b23=a47
   AND b54=a13
   AND a20=b42
   AND b7=a23
   AND b2=a35
   AND a12=b14
   AND a18=b6
   AND b38=a27
   AND b41=a6
   AND a37=b20
   AND b32=a28
   AND b57=a9
   AND b18=a1
   AND b12=a29
   AND b60=a10
   AND a52=b37
   AND a57=b15
   AND a38=b48
   AND b40=a14
   AND a60=b50
   AND b9=a48
   AND a2=b27
   AND b45=a32
   AND b1=a54
   AND a26=b29
   AND a41=b49
   AND b36=a43
   AND b35=a64
   AND b52=a45
   AND b43=a40
   AND a49=b10
----
38 values hashing to f3d758811513b9899defd48843b04495

query TTTTTTTTTTTTTTTTTTTTTTTTTTTTTTTTTTTTTT valuesort join-38-2
SELECT x1,x26,x3,x38,x50,x59,x44,x8,x52,x63,x35,x20,x49,x42,x2,x22,x29,x5,x11,x19,x27,x43,x4,x40,x9,x34,x18,x39,x56,x13,x54,x51,x23,x41,x28,x57,x48,x46
  FROM t39,t2,t34,t63,t38,t23,t5,t43,t8,t51,t1,t19,t54,t11,t59,t4,t48,t44,t50,t56,t18,t28,t26,t41,t3,t35,t9,t46,t27,t29,t57,t40,t13,t22,t52,t49,t20,t42
 WHERE a22=b5
   AND b8=a54
   AND b41=a23
   AND a4=b1
   AND b46=a1
   AND b40=a9
   AND a35=b57
   AND a28=b52
   AND b23=a63
   AND b49=a41
   AND b50=a34
   AND b51=a56
   AND b20=a59
   AND a26=b59
   AND a43=b3
   AND b42=a19
   AND b19=a52
   AND b9=a8
   AND a13=b56
   AND b13=a38
   AND b2=a27
   AND b26=a44
   AND a18=b4
   AND a11=b18
   AND b39=a50
   AND a57=b22
   AND a42=b34
   AND a20=b63
   AND b27=a46
   AND b28=a5
   AND b54=a3
   AND b38=a2
   AND a29=b11
   AND a43=4
   AND b29=a49
   AND a40=b48
   AND a48=b35
   AND a39=b44
----
38 values hashing to 53e9a055e4778c09cc56a7366580c6e4

query TTTTTTTTTTTTTTTTTTTTTTTTTTTTTTTTTTTTTT valuesort join-38-2
SELECT x1,x26,x3,x38,x50,x59,x44,x8,x52,x63,x35,x20,x49,x42,x2,x22,x29,x5,x11,x19,x27,x43,x4,x40,x9,x34,x18,x39,x56,x13,x54,x51,x23,x41,x28,x57,x48,x46
  FROM t1,t3,t57,t51,t20,t48,t29,t49,t63,t19,t2,t35,t52,t27,t28,t18,t4,t44,t8,t42,t26,t41,t46,t23,t22,t34,t43,t39,t50,t5,t13,t54,t9,t38,t40,t56,t59,t11
 WHERE b9=a8
   AND a42=b34
   AND b44=a39
   AND b22=a57
   AND a19=b42
   AND a2=b38
   AND a44=b26
   AND b23=a63
   AND a13=b56
   AND b51=a56
   AND a28=b52
   AND a40=b48
   AND a11=b18
   AND b29=a49
   AND a29=b11
   AND a41=b49
   AND b59=a26
   AND a52=b19
   AND a9=b40
   AND a50=b39
   AND b1=a4
   AND b8=a54
   AND b63=a20
   AND a43=4
   AND b4=a18
   AND a38=b13
   AND a3=b54
   AND a48=b35
   AND b2=a27
   AND a22=b5
   AND a34=b50
   AND a23=b41
   AND a5=b28
   AND b20=a59
   AND a35=b57
   AND b27=a46
   AND b46=a1
   AND a43=b3
----
38 values hashing to 53e9a055e4778c09cc56a7366580c6e4

query TTTTTTTTTTTTTTTTTTTTTTTTTTTTTTTTTTTTTT valuesort join-38-2
SELECT x1,x26,x3,x38,x50,x59,x44,x8,x52,x63,x35,x20,x49,x42,x2,x22,x29,x5,x11,x19,x27,x43,x4,x40,x9,x34,x18,x39,x56,x13,x54,x51,x23,x41,x28,x57,x48,x46
  FROM t23,t59,t49,t38,t52,t34,t43,t9,t13,t5,t28,t39,t63,t20,t57,t3,t44,t29,t22,t41,t18,t4,t51,t48,t54,t1,t40,t2,t46,t27,t11,t56,t19,t26,t50,t42,t35,t8
 WHERE a29=b11
   AND b13=a38
   AND b38=a2
   AND b27=a46
   AND a28=b52
   AND a42=b34
   AND a27=b2
   AND a1=b46
   AND a56=b51
   AND a49=b29
   AND b26=a44
   AND b63=a20
   AND b28=a5
   AND a43=b3
   AND a57=b22
   AND a19=b42
   AND b44=a39
   AND b9=a8
   AND b48=a40
   AND a11=b18
   AND a9=b40
   AND a52=b19
   AND b54=a3
   AND a63=b23
   AND a43=4
   AND a50=b39
   AND b56=a13
   AND a35=b57
   AND a26=b59
   AND b35=a48
   AND a54=b8
   AND b4=a18
   AND a59=b20
   AND a23=b41
   AND a22=b5
   AND a4=b1
   AND a34=b50
   AND a41=b49
----
38 values hashing to 53e9a055e4778c09cc56a7366580c6e4

query TTTTTTTTTTTTTTTTTTTTTTTTTTTTTTTTTTTTTT valuesort join-38-3
SELECT x58,x59,x15,x63,x7,x11,x22,x56,x47,x34,x51,x53,x9,x24,x10,x55,x6,x19,x44,x48,x17,x42,x38,x13,x45,x39,x26,x4,x2,x1,x60,x46,x41,x43,x18,x27,x35,x54
  FROM t47,t38,t45,t42,t58,t54,t2,t24,t63,t9,t53,t7,t13,t26,t27,t48,t44,t41,t18,t19,t10,t11,t51,t15,t22,t6,t55,t59,t4,t1,t34,t39,t60,t46,t17,t35,t56,t43
 WHERE a22=2
   AND b6=a42
   AND a17=b35
   AND a27=b63
   AND a9=b47
   AND b24=a59
   AND a55=b45
   AND b53=a35
   AND a41=b26
   AND b15=a24
   AND b56=a43
   AND a1=b42
   AND a19=b60
   AND b39=a51
   AND a56=b13
   AND a58=b2
   AND b55=a7
   AND b10=a47
   AND a45=b58
   AND b4=a11
   AND b38=a18
   AND a10=b51
   AND b34=a53
   AND b41=a34
   AND a2=b54
   AND b11=a44
   AND b43=a48
   AND b44=a39
   AND b48=a22
   AND b7=a38
   AND a54=b9
   AND a13=b59
   AND a46=b1
   AND a15=b19
   AND b17=a6
   AND b46=a63
   AND b27=a4
   AND a60=b18
----
38 values hashing to 8f89e4cb13f1d96dee989b3ddde47395

query TTTTTTTTTTTTTTTTTTTTTTTTTTTTTTTTTTTTTT valuesort join-38-3
SELECT x58,x59,x15,x63,x7,x11,x22,x56,x47,x34,x51,x53,x9,x24,x10,x55,x6,x19,x44,x48,x17,x42,x38,x13,x45,x39,x26,x4,x2,x1,x60,x46,x41,x43,x18,x27,x35,x54
  FROM t56,t38,t17,t27,t58,t34,t7,t41,t59,t10,t47,t42,t1,t6,t18,t9,t13,t45,t2,t39,t60,t35,t53,t19,t55,t46,t15,t63,t24,t26,t22,t54,t44,t4,t43,t11,t51,t48
 WHERE a22=b48
   AND b56=a43
   AND b60=a19
   AND a45=b58
   AND b46=a63
   AND a42=b6
   AND b26=a41
   AND a24=b15
   AND a10=b51
   AND a38=b7
   AND a51=b39
   AND a17=b35
   AND b47=a9
   AND b42=a1
   AND a53=b34
   AND a13=b59
   AND a59=b24
   AND b1=a46
   AND a4=b27
   AND a11=b4
   AND b10=a47
   AND a44=b11
   AND a2=b54
   AND b41=a34
   AND a39=b44
   AND a27=b63
   AND b18=a60
   AND a15=b19
   AND a7=b55
   AND a54=b9
   AND b38=a18
   AND b2=a58
   AND a56=b13
   AND b53=a35
   AND a6=b17
   AND b45=a55
   AND a48=b43
   AND a22=2
----
38 values hashing to 8f89e4cb13f1d96dee989b3ddde47395

query TTTTTTTTTTTTTTTTTTTTTTTTTTTTTTTTTTTTTT valuesort join-38-3
SELECT x58,x59,x15,x63,x7,x11,x22,x56,x47,x34,x51,x53,x9,x24,x10,x55,x6,x19,x44,x48,x17,x42,x38,x13,x45,x39,x26,x4,x2,x1,x60,x46,x41,x43,x18,x27,x35,x54
  FROM t38,t45,t44,t60,t4,t10,t55,t42,t26,t56,t41,t6,t46,t58,t35,t7,t39,t22,t2,t13,t9,t17,t59,t27,t48,t47,t63,t11,t51,t15,t53,t19,t24,t18,t34,t43,t54,t1
 WHERE a42=b6
   AND a41=b26
   AND a10=b51
   AND b44=a39
   AND b48=a22
   AND a54=b9
   AND a56=b13
   AND a15=b19
   AND a34=b41
   AND a47=b10
   AND b55=a7
   AND b38=a18
   AND b60=a19
   AND a24=b15
   AND b45=a55
   AND a53=b34
   AND a38=b7
   AND a17=b35
   AND a46=b1
   AND b54=a2
   AND b17=a6
   AND b24=a59
   AND a27=b63
   AND a1=b42
   AND a48=b43
   AND a63=b46
   AND a60=b18
   AND a51=b39
   AND b47=a9
   AND b27=a4
   AND b4=a11
   AND a58=b2
   AND a43=b56
   AND a44=b11
   AND b59=a13
   AND a22=2
   AND b53=a35
   AND a45=b58
----
38 values hashing to 8f89e4cb13f1d96dee989b3ddde47395

query TTTTTTTTTTTTTTTTTTTTTTTTTTTTTTTTTTTTTT valuesort join-38-4
SELECT x31,x39,x41,x6,x1,x36,x24,x42,x57,x43,x3,x52,x9,x34,x21,x37,x47,x56,x63,x26,x13,x54,x53,x29,x44,x8,x46,x7,x2,x38,x12,x16,x5,x18,x35,x14,x61,x27
  FROM t8,t47,t27,t35,t52,t13,t39,t29,t9,t5,t53,t21,t12,t26,t37,t7,t36,t41,t38,t43,t56,t54,t61,t3,t44,t46,t14,t1,t6,t24,t34,t16,t2,t63,t57,t18,t31,t42
 WHERE a13=b47
   AND b24=a12
   AND b27=a3
   AND b38=a24
   AND a31=b37
   AND b39=a2
   AND b13=a38
   AND a53=b43
   AND a21=b9
   AND a41=7
   AND b3=a57
   AND a7=b35
   AND a18=b52
   AND a29=b31
   AND a54=b42
   AND b36=a5
   AND b21=a43
   AND b29=a27
   AND b8=a16
   AND b26=a56
   AND b34=a37
   AND b54=a47
   AND b6=a52
   AND b14=a34
   AND a41=b16
   AND a42=b57
   AND b61=a9
   AND b56=a46
   AND b18=a14
   AND b1=a44
   AND a35=b46
   AND b5=a61
   AND b7=a1
   AND b44=a8
   AND a6=b63
   AND b12=a39
   AND a26=b2
   AND a63=b53
----
38 values hashing to fa6c2d49b531b14e843921828eca7b11

query TTTTTTTTTTTTTTTTTTTTTTTTTTTTTTTTTTTTTT valuesort join-38-4
SELECT x31,x39,x41,x6,x1,x36,x24,x42,x57,x43,x3,x52,x9,x34,x21,x37,x47,x56,x63,x26,x13,x54,x53,x29,x44,x8,x46,x7,x2,x38,x12,x16,x5,x18,x35,x14,x61,x27
  FROM t57,t5,t12,t63,t34,t37,t9,t3,t8,t61,t14,t36,t56,t2,t24,t29,t7,t35,t47,t43,t26,t31,t41,t39,t54,t21,t52,t46,t1,t53,t27,t42,t13,t16,t18,t6,t38,t44
 WHERE a53=b43
   AND b14=a34
   AND b29=a27
   AND a18=b52
   AND b42=a54
   AND b39=a2
   AND a31=b37
   AND b18=a14
   AND a29=b31
   AND b61=a9
   AND b24=a12
   AND b21=a43
   AND a7=b35
   AND a63=b53
   AND a5=b36
   AND a38=b13
   AND a47=b54
   AND b26=a56
   AND a21=b9
   AND b1=a44
   AND b56=a46
   AND a41=7
   AND b3=a57
   AND b12=a39
   AND a41=b16
   AND a3=b27
   AND b57=a42
   AND b46=a35
   AND a13=b47
   AND b8=a16
   AND b34=a37
   AND a61=b5
   AND b63=a6
   AND b44=a8
   AND b7=a1
   AND b2=a26
   AND b6=a52
   AND b38=a24
----
38 values hashing to fa6c2d49b531b14e843921828eca7b11

query TTTTTTTTTTTTTTTTTTTTTTTTTTTTTTTTTTTTTT valuesort join-38-4
SELECT x31,x39,x41,x6,x1,x36,x24,x42,x57,x43,x3,x52,x9,x34,x21,x37,x47,x56,x63,x26,x13,x54,x53,x29,x44,x8,x46,x7,x2,x38,x12,x16,x5,x18,x35,x14,x61,x27
  FROM t7,t47,t44,t43,t61,t31,t52,t38,t21,t54,t42,t1,t5,t35,t3,t53,t8,t14,t26,t34,t57,t9,t12,t39,t29,t13,t24,t36,t16,t63,t46,t2,t6,t56,t27,t37,t41,t18
 WHERE a37=b34
   AND a41=7
   AND a18=b52
   AND b2=a26
   AND a39=b12
   AND b42=a54
   AND b24=a12
   AND a16=b8
   AND a31=b37
   AND b31=a29
   AND b9=a21
   AND a41=b16
   AND a27=b29
   AND a1=b7
   AND b3=a57
   AND a7=b35
   AND a6=b63
   AND b39=a2
   AND b18=a14
   AND a5=b36
   AND b61=a9
   AND b53=a63
   AND a46=b56
   AND a42=b57
   AND a13=b47
   AND a8=b44
   AND b5=a61
   AND a52=b6
   AND a3=b27
   AND b1=a44
   AND b26=a56
   AND a34=b14
   AND a53=b43
   AND b13=a38
   AND b46=a35
   AND b21=a43
   AND a24=b38
   AND a47=b54
----
38 values hashing to fa6c2d49b531b14e843921828eca7b11

query TTTTTTTTTTTTTTTTTTTTTTTTTTTTTTTTTTTTTTT valuesort join-39-1
SELECT x6,x2,x24,x16,x61,x8,x29,x32,x13,x40,x50,x31,x12,x45,x64,x54,x38,x36,x26,x1,x25,x33,x51,x37,x3,x62,x9,x57,x18,x4,x47,x20,x21,x23,x53,x56,x10,x14,x60
  FROM t50,t21,t31,t29,t4,t56,t62,t3,t53,t20,t61,t24,t60,t10,t51,t47,t64,t36,t26,t33,t6,t37,t57,t45,t14,t25,t40,t18,t54,t12,t8,t9,t16,t2,t23,t32,t13,t38,t1
 WHERE a10=b31
   AND a3=b56
   AND b23=a60
   AND b60=a18
   AND a31=b45
   AND b20=a50
   AND b12=a2
   AND b1=a26
   AND b29=a32
   AND a20=b10
   AND b6=a24
   AND a13=b62
   AND a64=b50
   AND b14=a45
   AND b64=a62
   AND a33=b38
   AND b36=a21
   AND a9=b57
   AND a57=b53
   AND b37=a36
   AND b16=a53
   AND b47=a38
   AND b51=a12
   AND a16=b24
   AND b18=a14
   AND a8=3
   AND b2=a1
   AND a29=b33
   AND a25=b61
   AND a4=b3
   AND b40=a56
   AND a40=b25
   AND a37=b32
   AND b21=a61
   AND b54=a8
   AND a6=b26
   AND b9=a47
   AND a23=b4
   AND a54=b13
----
39 values hashing to 597ed512481f333875de6cdc8a82284f

query TTTTTTTTTTTTTTTTTTTTTTTTTTTTTTTTTTTTTTT valuesort join-39-1
SELECT x6,x2,x24,x16,x61,x8,x29,x32,x13,x40,x50,x31,x12,x45,x64,x54,x38,x36,x26,x1,x25,x33,x51,x37,x3,x62,x9,x57,x18,x4,x47,x20,x21,x23,x53,x56,x10,x14,x60
  FROM t50,t31,t25,t32,t9,t29,t14,t23,t16,t1,t6,t21,t24,t45,t56,t13,t18,t36,t54,t53,t37,t64,t8,t4,t60,t61,t12,t2,t40,t38,t57,t20,t47,t3,t33,t51,t26,t62,t10
 WHERE a32=b29
   AND b4=a23
   AND a62=b64
   AND b9=a47
   AND a3=b56
   AND a16=b24
   AND a6=b26
   AND b38=a33
   AND a25=b61
   AND a53=b16
   AND a4=b3
   AND a8=3
   AND b32=a37
   AND b1=a26
   AND a21=b36
   AND a57=b53
   AND a29=b33
   AND a18=b60
   AND b62=a13
   AND b45=a31
   AND b57=a9
   AND a8=b54
   AND a56=b40
   AND b20=a50
   AND b10=a20
   AND a24=b6
   AND a45=b14
   AND a60=b23
   AND a38=b47
   AND a2=b12
   AND a12=b51
   AND a1=b2
   AND a61=b21
   AND b50=a64
   AND a10=b31
   AND a36=b37
   AND b18=a14
   AND b13=a54
   AND b25=a40
----
39 values hashing to 597ed512481f333875de6cdc8a82284f

query TTTTTTTTTTTTTTTTTTTTTTTTTTTTTTTTTTTTTTT valuesort join-39-1
SELECT x6,x2,x24,x16,x61,x8,x29,x32,x13,x40,x50,x31,x12,x45,x64,x54,x38,x36,x26,x1,x25,x33,x51,x37,x3,x62,x9,x57,x18,x4,x47,x20,x21,x23,x53,x56,x10,x14,x60
  FROM t24,t53,t18,t23,t4,t56,t10,t12,t9,t31,t38,t1,t54,t33,t20,t57,t60,t8,t64,t2,t32,t50,t62,t25,t29,t61,t37,t45,t14,t3,t21,t47,t36,t13,t40,t26,t16,t51,t6
 WHERE b1=a26
   AND a21=b36
   AND b62=a13
   AND b53=a57
   AND a18=b60
   AND a36=b37
   AND b57=a9
   AND b21=a61
   AND b2=a1
   AND b33=a29
   AND b13=a54
   AND b56=a3
   AND b24=a16
   AND a20=b10
   AND b38=a33
   AND b3=a4
   AND b29=a32
   AND a37=b32
   AND a47=b9
   AND a56=b40
   AND b50=a64
   AND a8=b54
   AND a60=b23
   AND b25=a40
   AND b64=a62
   AND b26=a6
   AND b51=a12
   AND b4=a23
   AND b20=a50
   AND b12=a2
   AND a45=b14
   AND b47=a38
   AND b45=a31
   AND b6=a24
   AND a8=3
   AND a14=b18
   AND b31=a10
   AND a25=b61
   AND b16=a53
----
39 values hashing to 597ed512481f333875de6cdc8a82284f

query TTTTTTTTTTTTTTTTTTTTTTTTTTTTTTTTTTTTTTT valuesort join-39-2
SELECT x10,x34,x13,x12,x6,x54,x17,x60,x55,x62,x38,x8,x28,x56,x63,x22,x33,x15,x35,x27,x20,x4,x18,x47,x45,x19,x52,x5,x30,x7,x26,x49,x36,x46,x25,x24,x37,x57,x59
  FROM t6,t45,t24,t19,t10,t28,t20,t52,t55,t47,t49,t62,t22,t5,t18,t30,t25,t33,t60,t17,t54,t59,t56,t36,t63,t4,t27,t15,t38,t12,t34,t46,t13,t37,t26,t35,t7,t8,t57
 WHERE b27=a20
   AND b35=a63
   AND a6=b13
   AND b12=a7
   AND b59=a25
   AND a24=b45
   AND b55=a59
   AND b60=a4
   AND a26=b5
   AND b57=a35
   AND a5=b62
   AND b22=a28
   AND a33=b7
   AND a15=b54
   AND a19=b36
   AND b18=a47
   AND a13=b37
   AND a18=b38
   AND a17=b4
   AND a10=b47
   AND b33=a37
   AND a8=b28
   AND a27=b30
   AND a25=6
   AND a45=b17
   AND a56=b8
   AND b6=a52
   AND b52=a36
   AND a34=b15
   AND a55=b10
   AND b20=a62
   AND b26=a54
   AND a30=b46
   AND b56=a46
   AND b49=a60
   AND a38=b24
   AND b63=a12
   AND b19=a22
   AND a49=b34
----
39 values hashing to 15e1e6b4bcef5479bb67a4fd06c3bd80

query TTTTTTTTTTTTTTTTTTTTTTTTTTTTTTTTTTTTTTT valuesort join-39-2
SELECT x10,x34,x13,x12,x6,x54,x17,x60,x55,x62,x38,x8,x28,x56,x63,x22,x33,x15,x35,x27,x20,x4,x18,x47,x45,x19,x52,x5,x30,x7,x26,x49,x36,x46,x25,x24,x37,x57,x59
  FROM t22,t28,t54,t62,t4,t36,t12,t17,t45,t46,t6,t15,t18,t56,t52,t7,t38,t27,t55,t33,t30,t19,t26,t20,t8,t59,t49,t47,t34,t60,t13,t25,t35,t10,t63,t5,t37,t57,t24
 WHERE b34=a49
   AND a38=b24
   AND b57=a35
   AND b38=a18
   AND b54=a15
   AND a54=b26
   AND a37=b33
   AND b36=a19
   AND b8=a56
   AND a25=b59
   AND b28=a8
   AND b30=a27
   AND b27=a20
   AND b55=a59
   AND a6=b13
   AND b18=a47
   AND b46=a30
   AND a62=b20
   AND b17=a45
   AND a25=6
   AND b56=a46
   AND a36=b52
   AND b63=a12
   AND a24=b45
   AND b7=a33
   AND a5=b62
   AND b47=a10
   AND a26=b5
   AND a17=b4
   AND b22=a28
   AND b19=a22
   AND a60=b49
   AND a7=b12
   AND b10=a55
   AND b60=a4
   AND a52=b6
   AND b35=a63
   AND b15=a34
   AND b37=a13
----
39 values hashing to 15e1e6b4bcef5479bb67a4fd06c3bd80

query TTTTTTTTTTTTTTTTTTTTTTTTTTTTTTTTTTTTTTT valuesort join-39-2
SELECT x10,x34,x13,x12,x6,x54,x17,x60,x55,x62,x38,x8,x28,x56,x63,x22,x33,x15,x35,x27,x20,x4,x18,x47,x45,x19,x52,x5,x30,x7,x26,x49,x36,x46,x25,x24,x37,x57,x59
  FROM t12,t19,t55,t46,t20,t36,t6,t28,t18,t52,t37,t10,t34,t35,t26,t63,t33,t27,t45,t47,t30,t22,t56,t17,t49,t5,t4,t13,t38,t7,t25,t60,t62,t54,t8,t59,t15,t24,t57
 WHERE a59=b55
   AND a34=b15
   AND b57=a35
   AND a25=6
   AND a17=b4
   AND b26=a54
   AND b35=a63
   AND a24=b45
   AND a27=b30
   AND b13=a6
   AND b8=a56
   AND b27=a20
   AND a12=b63
   AND b54=a15
   AND a13=b37
   AND b28=a8
   AND a33=b7
   AND a52=b6
   AND a49=b34
   AND b18=a47
   AND a62=b20
   AND b24=a38
   AND a60=b49
   AND a19=b36
   AND a37=b33
   AND a28=b22
   AND a55=b10
   AND a30=b46
   AND a36=b52
   AND a46=b56
   AND a18=b38
   AND b59=a25
   AND b12=a7
   AND b62=a5
   AND a10=b47
   AND a4=b60
   AND a22=b19
   AND a26=b5
   AND b17=a45
----
39 values hashing to 15e1e6b4bcef5479bb67a4fd06c3bd80

query TTTTTTTTTTTTTTTTTTTTTTTTTTTTTTTTTTTTTTT valuesort join-39-3
SELECT x53,x10,x8,x29,x30,x44,x57,x24,x49,x39,x36,x18,x45,x56,x58,x46,x33,x6,x20,x59,x19,x38,x61,x9,x17,x12,x42,x64,x7,x3,x60,x37,x32,x25,x15,x26,x40,x2,x47
  FROM t10,t32,t30,t61,t59,t33,t40,t36,t6,t15,t47,t9,t8,t12,t46,t25,t58,t19,t42,t7,t45,t39,t57,t49,t64,t20,t56,t60,t24,t38,t17,t18,t26,t29,t37,t53,t44,t3,t2
 WHERE a57=b58
   AND a49=b24
   AND b19=a39
   AND b18=a8
   AND b60=a20
   AND a46=b61
   AND a59=b25
   AND a58=b12
   AND b59=a53
   AND b37=a33
   AND a3=b17
   AND b36=a64
   AND a45=b32
   AND a38=b9
   AND a60=b49
   AND a47=b15
   AND a44=5
   AND b10=a6
   AND a61=b8
   AND b2=a56
   AND a9=b53
   AND a42=b26
   AND a37=b29
   AND a12=b42
   AND a10=b3
   AND a15=b45
   AND a36=b39
   AND a18=b40
   AND b6=a7
   AND a30=b47
   AND a26=b33
   AND b64=a17
   AND b57=a32
   AND b38=a29
   AND b46=a19
   AND b7=a44
   AND b30=a2
   AND b20=a40
   AND b56=a24
----
39 values hashing to e3a5f6d29903605c105a6968b7fc635e

query TTTTTTTTTTTTTTTTTTTTTTTTTTTTTTTTTTTTTTT valuesort join-39-3
SELECT x53,x10,x8,x29,x30,x44,x57,x24,x49,x39,x36,x18,x45,x56,x58,x46,x33,x6,x20,x59,x19,x38,x61,x9,x17,x12,x42,x64,x7,x3,x60,x37,x32,x25,x15,x26,x40,x2,x47
  FROM t45,t47,t37,t15,t26,t18,t60,t46,t2,t3,t25,t9,t7,t20,t36,t38,t58,t56,t64,t59,t24,t53,t44,t42,t32,t40,t61,t29,t30,t57,t33,t10,t17,t19,t39,t49,t6,t12,t8
 WHERE a57=b58
   AND b46=a19
   AND a15=b45
   AND b7=a44
   AND a33=b37
   AND b59=a53
   AND b49=a60
   AND b53=a9
   AND b10=a6
   AND b25=a59
   AND b38=a29
   AND a40=b20
   AND b24=a49
   AND a20=b60
   AND a38=b9
   AND a47=b15
   AND b2=a56
   AND b33=a26
   AND a3=b17
   AND b26=a42
   AND b6=a7
   AND b42=a12
   AND b57=a32
   AND b12=a58
   AND a17=b64
   AND a64=b36
   AND a10=b3
   AND b30=a2
   AND a36=b39
   AND b32=a45
   AND a44=5
   AND b61=a46
   AND b18=a8
   AND b40=a18
   AND a39=b19
   AND a24=b56
   AND a61=b8
   AND b47=a30
   AND a37=b29
----
39 values hashing to e3a5f6d29903605c105a6968b7fc635e

query TTTTTTTTTTTTTTTTTTTTTTTTTTTTTTTTTTTTTTT valuesort join-39-3
SELECT x53,x10,x8,x29,x30,x44,x57,x24,x49,x39,x36,x18,x45,x56,x58,x46,x33,x6,x20,x59,x19,x38,x61,x9,x17,x12,x42,x64,x7,x3,x60,x37,x32,x25,x15,x26,x40,x2,x47
  FROM t18,t7,t57,t56,t53,t29,t30,t46,t59,t47,t8,t6,t12,t20,t38,t10,t36,t9,t42,t45,t49,t37,t25,t58,t32,t26,t39,t60,t40,t61,t2,t17,t15,t64,t24,t3,t33,t19,t44
 WHERE b20=a40
   AND b42=a12
   AND b45=a15
   AND a39=b19
   AND b2=a56
   AND b53=a9
   AND b39=a36
   AND b17=a3
   AND a49=b24
   AND b46=a19
   AND a47=b15
   AND b10=a6
   AND b47=a30
   AND a64=b36
   AND a58=b12
   AND a29=b38
   AND a24=b56
   AND b30=a2
   AND a45=b32
   AND b9=a38
   AND b40=a18
   AND a61=b8
   AND b37=a33
   AND b6=a7
   AND b59=a53
   AND a44=b7
   AND a8=b18
   AND a44=5
   AND a10=b3
   AND a17=b64
   AND b49=a60
   AND a59=b25
   AND a37=b29
   AND b58=a57
   AND a42=b26
   AND a32=b57
   AND a20=b60
   AND a46=b61
   AND a26=b33
----
39 values hashing to e3a5f6d29903605c105a6968b7fc635e

query TTTTTTTTTTTTTTTTTTTTTTTTTTTTTTTTTTTTTTT valuesort join-39-4
SELECT x20,x53,x33,x61,x11,x14,x18,x42,x26,x44,x58,x51,x27,x7,x39,x13,x45,x64,x9,x52,x55,x3,x25,x4,x6,x16,x30,x35,x43,x5,x41,x24,x29,x47,x46,x60,x1,x48,x54
  FROM t24,t41,t1,t64,t4,t53,t9,t45,t16,t48,t54,t6,t51,t5,t3,t14,t18,t30,t25,t58,t60,t26,t13,t20,t35,t61,t33,t29,t43,t47,t11,t42,t39,t52,t44,t7,t55,t46,t27
 WHERE a43=b54
   AND b39=a11
   AND b45=a58
   AND a39=b14
   AND a20=4
   AND a35=b43
   AND a7=b53
   AND b1=a20
   AND a61=b55
   AND b44=a52
   AND a44=b7
   AND b9=a13
   AND b16=a46
   AND a25=b60
   AND b29=a64
   AND a29=b41
   AND a48=b61
   AND b4=a3
   AND a24=b5
   AND a9=b18
   AND b27=a54
   AND b48=a1
   AND a60=b26
   AND a47=b42
   AND a6=b33
   AND a27=b6
   AND b47=a53
   AND b13=a42
   AND b25=a33
   AND b24=a26
   AND a5=b52
   AND b46=a14
   AND b58=a51
   AND b64=a16
   AND a4=b30
   AND a18=b11
   AND a55=b51
   AND b3=a41
   AND a45=b35
----
39 values hashing to 8746ce1b90c6b4b537279e7c0d08b53f

query TTTTTTTTTTTTTTTTTTTTTTTTTTTTTTTTTTTTTTT valuesort join-39-4
SELECT x20,x53,x33,x61,x11,x14,x18,x42,x26,x44,x58,x51,x27,x7,x39,x13,x45,x64,x9,x52,x55,x3,x25,x4,x6,x16,x30,x35,x43,x5,x41,x24,x29,x47,x46,x60,x1,x48,x54
  FROM t26,t35,t27,t48,t14,t7,t18,t64,t60,t25,t54,t42,t44,t13,t39,t46,t4,t53,t43,t41,t9,t30,t58,t61,t51,t16,t33,t24,t1,t55,t11,t20,t6,t52,t47,t3,t45,t29,t5
 WHERE b13=a42
   AND a7=b53
   AND b45=a58
   AND b4=a3
   AND a55=b51
   AND b30=a4
   AND b33=a6
   AND a33=b25
   AND b7=a44
   AND a52=b44
   AND b39=a11
   AND a41=b3
   AND a48=b61
   AND a18=b11
   AND a47=b42
   AND b43=a35
   AND a25=b60
   AND a61=b55
   AND b64=a16
   AND a13=b9
   AND a64=b29
   AND a20=b1
   AND b58=a51
   AND a14=b46
   AND a20=4
   AND a1=b48
   AND b41=a29
   AND a24=b5
   AND b18=a9
   AND a26=b24
   AND a27=b6
   AND a39=b14
   AND b26=a60
   AND b16=a46
   AND a53=b47
   AND b52=a5
   AND b27=a54
   AND a45=b35
   AND a43=b54
----
39 values hashing to 8746ce1b90c6b4b537279e7c0d08b53f

query TTTTTTTTTTTTTTTTTTTTTTTTTTTTTTTTTTTTTTT valuesort join-39-4
SELECT x20,x53,x33,x61,x11,x14,x18,x42,x26,x44,x58,x51,x27,x7,x39,x13,x45,x64,x9,x52,x55,x3,x25,x4,x6,x16,x30,x35,x43,x5,x41,x24,x29,x47,x46,x60,x1,x48,x54
  FROM t11,t16,t13,t35,t1,t6,t48,t14,t5,t44,t46,t30,t29,t55,t9,t45,t26,t41,t58,t64,t52,t47,t4,t43,t61,t27,t39,t24,t25,t7,t51,t3,t60,t33,t20,t18,t54,t42,t53
 WHERE a5=b52
   AND b6=a27
   AND a48=b61
   AND b1=a20
   AND a58=b45
   AND b39=a11
   AND a42=b13
   AND b5=a24
   AND a45=b35
   AND b44=a52
   AND b25=a33
   AND b9=a13
   AND a55=b51
   AND b55=a61
   AND b54=a43
   AND a18=b11
   AND a9=b18
   AND b29=a64
   AND b46=a14
   AND b64=a16
   AND a51=b58
   AND a1=b48
   AND a60=b26
   AND b3=a41
   AND a53=b47
   AND a4=b30
   AND a6=b33
   AND a20=4
   AND a29=b41
   AND b60=a25
   AND b42=a47
   AND b53=a7
   AND a46=b16
   AND a3=b4
   AND a26=b24
   AND b7=a44
   AND b14=a39
   AND a54=b27
   AND a35=b43
----
39 values hashing to 8746ce1b90c6b4b537279e7c0d08b53f

query TTTTTTTTTTTTTTTTTTTTTTTTTTTTTTTTTTTTTTTT valuesort join-40-1
SELECT x9,x4,x58,x19,x28,x13,x53,x40,x49,x59,x10,x22,x16,x55,x54,x23,x64,x45,x31,x24,x27,x32,x38,x42,x36,x48,x6,x61,x17,x50,x20,x37,x57,x47,x56,x60,x34,x11,x7,x26
  FROM t27,t6,t28,t32,t26,t17,t16,t40,t4,t38,t54,t53,t24,t58,t20,t55,t64,t57,t11,t59,t50,t22,t19,t36,t47,t31,t7,t45,t60,t42,t13,t9,t48,t10,t37,t34,t49,t23,t61,t56
 WHERE a37=b19
   AND b17=a38
   AND a27=b45
   AND a47=b56
   AND b27=a23
   AND b61=a42
   AND a40=b38
   AND b28=a26
   AND a60=b34
   AND a17=b20
   AND a24=b23
   AND a34=b54
   AND b13=a49
   AND a64=b50
   AND b26=a7
   AND a56=b59
   AND b53=a54
   AND b7=a19
   AND b22=a45
   AND a10=b42
   AND a28=b16
   AND b24=a9
   AND b11=a48
   AND a36=b4
   AND b6=a13
   AND b10=a57
   AND a20=b57
   AND a58=1
   AND b60=a50
   AND b31=a32
   AND a11=b37
   AND b49=a59
   AND a4=b64
   AND a31=b48
   AND b55=a58
   AND b9=a53
   AND b36=a16
   AND a55=b47
   AND a61=b32
   AND a6=b40
----
40 values hashing to 07ac4fbc3e3a3b099651bc849f7994dc

query TTTTTTTTTTTTTTTTTTTTTTTTTTTTTTTTTTTTTTTT valuesort join-40-1
SELECT x9,x4,x58,x19,x28,x13,x53,x40,x49,x59,x10,x22,x16,x55,x54,x23,x64,x45,x31,x24,x27,x32,x38,x42,x36,x48,x6,x61,x17,x50,x20,x37,x57,x47,x56,x60,x34,x11,x7,x26
  FROM t56,t11,t10,t4,t45,t27,t57,t55,t20,t26,t47,t17,t42,t34,t28,t19,t58,t32,t54,t59,t48,t13,t22,t36,t24,t37,t40,t16,t50,t64,t9,t49,t7,t23,t38,t61,t53,t6,t60,t31
 WHERE a54=b53
   AND a17=b20
   AND b19=a37
   AND a9=b24
   AND a40=b38
   AND a10=b42
   AND b37=a11
   AND b11=a48
   AND a61=b32
   AND b54=a34
   AND a24=b23
   AND a38=b17
   AND a57=b10
   AND b57=a20
   AND a4=b64
   AND b61=a42
   AND b45=a27
   AND b9=a53
   AND b47=a55
   AND a45=b22
   AND b36=a16
   AND a58=1
   AND b56=a47
   AND b49=a59
   AND a60=b34
   AND b60=a50
   AND a7=b26
   AND a36=b4
   AND a31=b48
   AND b59=a56
   AND b16=a28
   AND a6=b40
   AND a49=b13
   AND b7=a19
   AND a58=b55
   AND b28=a26
   AND a64=b50
   AND a13=b6
   AND b27=a23
   AND b31=a32
----
40 values hashing to 07ac4fbc3e3a3b099651bc849f7994dc

query TTTTTTTTTTTTTTTTTTTTTTTTTTTTTTTTTTTTTTTT valuesort join-40-1
SELECT x9,x4,x58,x19,x28,x13,x53,x40,x49,x59,x10,x22,x16,x55,x54,x23,x64,x45,x31,x24,x27,x32,x38,x42,x36,x48,x6,x61,x17,x50,x20,x37,x57,x47,x56,x60,x34,x11,x7,x26
  FROM t56,t4,t57,t31,t16,t24,t7,t26,t27,t60,t38,t36,t61,t28,t20,t64,t6,t9,t23,t37,t13,t17,t55,t45,t54,t34,t58,t59,t47,t22,t50,t19,t32,t11,t42,t40,t49,t48,t10,t53
 WHERE b54=a34
   AND a61=b32
   AND a28=b16
   AND a58=1
   AND b31=a32
   AND a16=b36
   AND b22=a45
   AND a9=b24
   AND a54=b53
   AND a60=b34
   AND a20=b57
   AND b28=a26
   AND a56=b59
   AND a40=b38
   AND a53=b9
   AND b64=a4
   AND b17=a38
   AND a24=b23
   AND b48=a31
   AND a10=b42
   AND b11=a48
   AND b10=a57
   AND a6=b40
   AND a64=b50
   AND b60=a50
   AND a47=b56
   AND b61=a42
   AND b45=a27
   AND a13=b6
   AND a59=b49
   AND b37=a11
   AND a23=b27
   AND b55=a58
   AND a49=b13
   AND b19=a37
   AND a17=b20
   AND b26=a7
   AND a36=b4
   AND a55=b47
   AND a19=b7
----
40 values hashing to 07ac4fbc3e3a3b099651bc849f7994dc

query TTTTTTTTTTTTTTTTTTTTTTTTTTTTTTTTTTTTTTTT valuesort join-40-2
SELECT x7,x12,x42,x26,x4,x19,x57,x32,x36,x48,x39,x34,x44,x17,x3,x49,x8,x46,x2,x31,x9,x56,x6,x29,x40,x51,x37,x55,x22,x16,x58,x27,x45,x18,x5,x53,x15,x47,x10,x30
  FROM t17,t40,t3,t45,t48,t2,t36,t53,t18,t4,t16,t37,t26,t19,t8,t39,t12,t9,t56,t51,t42,t58,t29,t10,t57,t32,t5,t31,t46,t7,t47,t22,t27,t44,t34,t6,t30,t55,t49,t15
 WHERE a44=b15
   AND a27=b53
   AND a16=b8
   AND b46=a2
   AND a39=b7
   AND a22=b4
   AND a46=b34
   AND b57=a53
   AND a34=b47
   AND a19=b55
   AND b18=a49
   AND b48=a12
   AND a40=b3
   AND a30=b12
   AND b39=a32
   AND b51=a4
   AND b36=a9
   AND b49=a57
   AND a55=b56
   AND a31=b22
   AND b44=a29
   AND a5=b42
   AND a15=b9
   AND b2=a36
   AND b40=a37
   AND b16=a48
   AND b30=a47
   AND a18=b19
   AND a17=b37
   AND a10=b5
   AND b27=a58
   AND b6=a56
   AND b10=a7
   AND a31=9
   AND b26=a51
   AND a26=b45
   AND a3=b29
   AND a8=b58
   AND a42=b17
   AND b32=a45
----
40 values hashing to d1f7bbc356901f194d09dfaceb107bd7

query TTTTTTTTTTTTTTTTTTTTTTTTTTTTTTTTTTTTTTTT valuesort join-40-2
SELECT x7,x12,x42,x26,x4,x19,x57,x32,x36,x48,x39,x34,x44,x17,x3,x49,x8,x46,x2,x31,x9,x56,x6,x29,x40,x51,x37,x55,x22,x16,x58,x27,x45,x18,x5,x53,x15,x47,x10,x30
  FROM t16,t44,t6,t49,t32,t51,t27,t29,t19,t58,t45,t12,t36,t10,t47,t8,t34,t7,t39,t37,t40,t4,t9,t31,t46,t2,t3,t26,t56,t53,t17,t42,t22,t55,t48,t57,t30,t15,t18,t5
 WHERE b45=a26
   AND a55=b56
   AND b8=a16
   AND b10=a7
   AND b34=a46
   AND b19=a18
   AND b26=a51
   AND b7=a39
   AND a12=b48
   AND b46=a2
   AND b5=a10
   AND b16=a48
   AND b12=a30
   AND a34=b47
   AND b22=a31
   AND a27=b53
   AND b44=a29
   AND a40=b3
   AND a47=b30
   AND a58=b27
   AND a8=b58
   AND a42=b17
   AND a32=b39
   AND b4=a22
   AND a37=b40
   AND b2=a36
   AND b55=a19
   AND b36=a9
   AND a17=b37
   AND b49=a57
   AND b42=a5
   AND a53=b57
   AND a56=b6
   AND a31=9
   AND a4=b51
   AND b29=a3
   AND b15=a44
   AND b32=a45
   AND b9=a15
   AND a49=b18
----
40 values hashing to d1f7bbc356901f194d09dfaceb107bd7

query TTTTTTTTTTTTTTTTTTTTTTTTTTTTTTTTTTTTTTTT valuesort join-40-2
SELECT x7,x12,x42,x26,x4,x19,x57,x32,x36,x48,x39,x34,x44,x17,x3,x49,x8,x46,x2,x31,x9,x56,x6,x29,x40,x51,x37,x55,x22,x16,x58,x27,x45,x18,x5,x53,x15,x47,x10,x30
  FROM t58,t45,t44,t34,t49,t36,t53,t17,t9,t46,t5,t4,t18,t47,t55,t10,t40,t16,t2,t32,t19,t51,t6,t27,t15,t26,t37,t8,t31,t30,t42,t29,t57,t22,t3,t12,t48,t39,t7,t56
 WHERE a30=b12
   AND b58=a8
   AND b5=a10
   AND a36=b2
   AND a19=b55
   AND a16=b8
   AND b42=a5
   AND b26=a51
   AND b17=a42
   AND b53=a27
   AND b18=a49
   AND b39=a32
   AND b19=a18
   AND a53=b57
   AND b27=a58
   AND a15=b9
   AND b15=a44
   AND b51=a4
   AND a37=b40
   AND a31=9
   AND a3=b29
   AND a57=b49
   AND b6=a56
   AND b47=a34
   AND b22=a31
   AND a26=b45
   AND b56=a55
   AND b44=a29
   AND a48=b16
   AND a22=b4
   AND a40=b3
   AND a47=b30
   AND a39=b7
   AND b32=a45
   AND b46=a2
   AND a7=b10
   AND b34=a46
   AND b48=a12
   AND b37=a17
   AND a9=b36
----
40 values hashing to d1f7bbc356901f194d09dfaceb107bd7

query TTTTTTTTTTTTTTTTTTTTTTTTTTTTTTTTTTTTTTTT valuesort join-40-3
SELECT x47,x55,x8,x5,x6,x58,x12,x43,x64,x60,x30,x32,x4,x18,x15,x11,x61,x35,x45,x63,x19,x52,x62,x10,x16,x44,x24,x7,x40,x22,x59,x13,x17,x36,x50,x41,x26,x27,x37,x48
  FROM t43,t61,t41,t59,t62,t40,t52,t8,t17,t30,t60,t5,t19,t36,t10,t7,t24,t26,t13,t16,t22,t18,t58,t45,t15,t63,t32,t64,t47,t4,t35,t6,t37,t27,t11,t50,t44,t12,t48,t55
 WHERE b44=a16
   AND b64=a62
   AND b5=a6
   AND b30=a59
   AND b26=a30
   AND b15=a37
   AND a10=b17
   AND a32=b36
   AND a7=b47
   AND a58=b62
   AND b12=a22
   AND b13=a19
   AND a43=b58
   AND b59=a55
   AND a45=b4
   AND b52=a4
   AND a61=b19
   AND a8=b10
   AND b16=a40
   AND b55=a64
   AND a47=b45
   AND a18=10
   AND a11=b61
   AND b8=a41
   AND b24=a15
   AND a52=b43
   AND b7=a36
   AND a44=b48
   AND a5=b22
   AND a48=b6
   AND a35=b32
   AND b60=a27
   AND b37=a63
   AND b50=a13
   AND b27=a26
   AND b41=a18
   AND a17=b35
   AND a60=b63
   AND a12=b11
   AND a24=b40
----
40 values hashing to 3be7577b4bbd9274bfa811ebfe54e217

query TTTTTTTTTTTTTTTTTTTTTTTTTTTTTTTTTTTTTTTT valuesort join-40-3
SELECT x47,x55,x8,x5,x6,x58,x12,x43,x64,x60,x30,x32,x4,x18,x15,x11,x61,x35,x45,x63,x19,x52,x62,x10,x16,x44,x24,x7,x40,x22,x59,x13,x17,x36,x50,x41,x26,x27,x37,x48
  FROM t62,t7,t32,t37,t15,t5,t63,t30,t44,t12,t58,t35,t4,t36,t41,t55,t47,t50,t40,t11,t52,t22,t16,t13,t61,t26,t60,t59,t8,t43,t6,t45,t27,t19,t17,t48,t64,t10,t24,t18
 WHERE a36=b7
   AND a44=b48
   AND b12=a22
   AND b17=a10
   AND b43=a52
   AND a37=b15
   AND a55=b59
   AND b8=a41
   AND a27=b60
   AND b26=a30
   AND b4=a45
   AND b5=a6
   AND b13=a19
   AND a43=b58
   AND b44=a16
   AND b16=a40
   AND a18=b41
   AND b62=a58
   AND a12=b11
   AND b50=a13
   AND b10=a8
   AND a15=b24
   AND b27=a26
   AND a24=b40
   AND a59=b30
   AND a18=10
   AND b55=a64
   AND b47=a7
   AND a5=b22
   AND a47=b45
   AND b61=a11
   AND b35=a17
   AND a61=b19
   AND a63=b37
   AND a60=b63
   AND b64=a62
   AND b52=a4
   AND a48=b6
   AND a32=b36
   AND a35=b32
----
40 values hashing to 3be7577b4bbd9274bfa811ebfe54e217

query TTTTTTTTTTTTTTTTTTTTTTTTTTTTTTTTTTTTTTTT valuesort join-40-3
SELECT x47,x55,x8,x5,x6,x58,x12,x43,x64,x60,x30,x32,x4,x18,x15,x11,x61,x35,x45,x63,x19,x52,x62,x10,x16,x44,x24,x7,x40,x22,x59,x13,x17,x36,x50,x41,x26,x27,x37,x48
  FROM t26,t59,t15,t32,t17,t52,t43,t19,t37,t47,t7,t63,t64,t18,t55,t40,t44,t5,t45,t22,t61,t58,t27,t30,t50,t4,t48,t12,t13,t8,t6,t11,t62,t36,t35,t41,t60,t10,t24,t16
 WHERE a52=b43
   AND b47=a7
   AND a5=b22
   AND b24=a15
   AND b27=a26
   AND a8=b10
   AND b32=a35
   AND a59=b30
   AND a4=b52
   AND b17=a10
   AND a11=b61
   AND a18=b41
   AND b50=a13
   AND a40=b16
   AND a30=b26
   AND b58=a43
   AND b40=a24
   AND a60=b63
   AND b4=a45
   AND a17=b35
   AND a58=b62
   AND b55=a64
   AND b48=a44
   AND a19=b13
   AND a27=b60
   AND a22=b12
   AND b44=a16
   AND a12=b11
   AND a48=b6
   AND b37=a63
   AND a62=b64
   AND a18=10
   AND a47=b45
   AND a36=b7
   AND a37=b15
   AND b19=a61
   AND b8=a41
   AND a55=b59
   AND b5=a6
   AND a32=b36
----
40 values hashing to 3be7577b4bbd9274bfa811ebfe54e217

query TTTTTTTTTTTTTTTTTTTTTTTTTTTTTTTTTTTTTTTT valuesort join-40-4
SELECT x8,x62,x35,x25,x45,x28,x50,x34,x33,x49,x29,x16,x31,x18,x9,x23,x22,x26,x27,x10,x48,x3,x51,x1,x21,x13,x30,x53,x59,x55,x5,x6,x58,x40,x38,x17,x7,x2,x52,x24
  FROM t1,t34,t28,t48,t24,t30,t8,t59,t25,t17,t29,t7,t52,t62,t58,t5,t23,t21,t38,t33,t27,t10,t31,t18,t13,t16,t55,t3,t50,t49,t2,t40,t22,t9,t51,t6,t35,t53,t26,t45
 WHERE b50=a1
   AND b2=a29
   AND b27=a6
   AND a7=b26
   AND b16=a40
   AND b55=a59
   AND b53=a2
   AND a38=b35
   AND a45=b51
   AND a22=b28
   AND a58=b7
   AND a28=b6
   AND b13=a23
   AND a55=b24
   AND b31=a10
   AND b33=a5
   AND b18=a52
   AND a30=b22
   AND b3=a50
   AND b59=a21
   AND b8=a49
   AND b30=a26
   AND b29=a35
   AND a3=b17
   AND b40=a62
   AND a33=b48
   AND a17=b23
   AND b25=a34
   AND a53=b10
   AND a25=b52
   AND b21=a9
   AND b58=a51
   AND a38=8
   AND b62=a24
   AND a18=b9
   AND b1=a31
   AND a48=b49
   AND a13=b5
   AND b34=a8
   AND a16=b45
----
40 values hashing to 78c6cff6d103a8d22d579ae25c47b4a9

query TTTTTTTTTTTTTTTTTTTTTTTTTTTTTTTTTTTTTTTT valuesort join-40-4
SELECT x8,x62,x35,x25,x45,x28,x50,x34,x33,x49,x29,x16,x31,x18,x9,x23,x22,x26,x27,x10,x48,x3,x51,x1,x21,x13,x30,x53,x59,x55,x5,x6,x58,x40,x38,x17,x7,x2,x52,x24
  FROM t53,t5,t1,t16,t38,t7,t55,t29,t21,t45,t34,t25,t59,t17,t51,t24,t52,t58,t50,t2,t40,t49,t30,t28,t27,t23,t6,t3,t35,t26,t9,t33,t62,t48,t13,t10,t31,t22,t18,t8
 WHERE b8=a49
   AND a50=b3
   AND a38=8
   AND b58=a51
   AND a33=b48
   AND a21=b59
   AND b52=a25
   AND a29=b2
   AND b21=a9
   AND b9=a18
   AND a13=b5
   AND b16=a40
   AND a24=b62
   AND a5=b33
   AND b25=a34
   AND b50=a1
   AND a31=b1
   AND b28=a22
   AND b13=a23
   AND b22=a30
   AND a38=b35
   AND b17=a3
   AND b30=a26
   AND a62=b40
   AND a55=b24
   AND b34=a8
   AND b6=a28
   AND a10=b31
   AND a48=b49
   AND a16=b45
   AND b23=a17
   AND b29=a35
   AND b27=a6
   AND b10=a53
   AND b55=a59
   AND a52=b18
   AND b26=a7
   AND a45=b51
   AND b53=a2
   AND b7=a58
----
40 values hashing to 78c6cff6d103a8d22d579ae25c47b4a9

query TTTTTTTTTTTTTTTTTTTTTTTTTTTTTTTTTTTTTTTT valuesort join-40-4
SELECT x8,x62,x35,x25,x45,x28,x50,x34,x33,x49,x29,x16,x31,x18,x9,x23,x22,x26,x27,x10,x48,x3,x51,x1,x21,x13,x30,x53,x59,x55,x5,x6,x58,x40,x38,x17,x7,x2,x52,x24
  FROM t3,t17,t49,t24,t1,t58,t35,t27,t2,t5,t33,t62,t55,t26,t48,t21,t29,t10,t9,t40,t59,t18,t28,t6,t38,t22,t25,t51,t50,t52,t30,t8,t7,t23,t45,t31,t16,t53,t34,t13
 WHERE a22=b28
   AND a5=b33
   AND b52=a25
   AND a8=b34
   AND b1=a31
   AND b62=a24
   AND a6=b27
   AND a28=b6
   AND b30=a26
   AND b16=a40
   AND a3=b17
   AND a62=b40
   AND a34=b25
   AND a45=b51
   AND b45=a16
   AND b9=a18
   AND a30=b22
   AND a13=b5
   AND b18=a52
   AND b49=a48
   AND b7=a58
   AND b3=a50
   AND a33=b48
   AND a2=b53
   AND b29=a35
   AND b50=a1
   AND a49=b8
   AND b35=a38
   AND a53=b10
   AND b23=a17
   AND b21=a9
   AND b13=a23
   AND b24=a55
   AND b2=a29
   AND a38=8
   AND a7=b26
   AND b31=a10
   AND a59=b55
   AND b58=a51
   AND a21=b59
----
40 values hashing to 78c6cff6d103a8d22d579ae25c47b4a9

query TTTTTTTTTTTTTTTTTTTTTTTTTTTTTTTTTTTTTTTTT valuesort join-41-1
SELECT x31,x21,x64,x10,x33,x40,x13,x34,x35,x49,x2,x62,x59,x23,x47,x44,x30,x6,x27,x20,x36,x12,x39,x18,x61,x52,x55,x15,x46,x29,x41,x38,x56,x16,x58,x22,x54,x3,x24,x57,x17
  FROM t24,t17,t10,t22,t62,t46,t30,t6,t13,t34,t31,t23,t40,t49,t38,t58,t57,t35,t33,t61,t39,t36,t55,t56,t15,t21,t64,t41,t27,t16,t3,t20,t47,t52,t44,t29,t18,t2,t54,t12,t59
 WHERE b22=a10
   AND b16=a38
   AND a13=b10
   AND a13=10
   AND b55=a18
   AND b24=a44
   AND a35=b39
   AND a40=b3
   AND a24=b61
   AND a33=b2
   AND a41=b35
   AND a15=b36
   AND a22=b41
   AND b56=a21
   AND b38=a47
   AND b30=a57
   AND a2=b31
   AND a6=b44
   AND b21=a52
   AND a20=b49
   AND a30=b58
   AND b52=a46
   AND a64=b6
   AND b47=a39
   AND a54=b40
   AND b33=a12
   AND b46=a3
   AND a16=b54
   AND a23=b17
   AND b34=a56
   AND b62=a49
   AND a31=b15
   AND b18=a58
   AND a27=b12
   AND b20=a34
   AND b57=a17
   AND b29=a59
   AND a61=b59
   AND a29=b23
   AND a62=b27
   AND b64=a36
----
41 values hashing to 03f24c81054ef0eda0e71d7d09b76beb

query TTTTTTTTTTTTTTTTTTTTTTTTTTTTTTTTTTTTTTTTT valuesort join-41-1
SELECT x31,x21,x64,x10,x33,x40,x13,x34,x35,x49,x2,x62,x59,x23,x47,x44,x30,x6,x27,x20,x36,x12,x39,x18,x61,x52,x55,x15,x46,x29,x41,x38,x56,x16,x58,x22,x54,x3,x24,x57,x17
  FROM t18,t40,t56,t10,t13,t23,t61,t58,t29,t33,t20,t6,t59,t15,t62,t30,t31,t2,t46,t54,t44,t35,t57,t27,t47,t21,t16,t17,t39,t41,t24,t52,t64,t34,t22,t36,t3,t55,t12,t49,t38
 WHERE a22=b41
   AND b33=a12
   AND a17=b57
   AND a2=b31
   AND a13=10
   AND a41=b35
   AND b58=a30
   AND a59=b29
   AND b49=a20
   AND a16=b54
   AND a13=b10
   AND a10=b22
   AND a40=b3
   AND b56=a21
   AND a15=b36
   AND b20=a34
   AND a52=b21
   AND b34=a56
   AND a27=b12
   AND a18=b55
   AND a57=b30
   AND b39=a35
   AND b40=a54
   AND a58=b18
   AND b6=a64
   AND a36=b64
   AND a49=b62
   AND a38=b16
   AND b23=a29
   AND b47=a39
   AND a3=b46
   AND a23=b17
   AND a62=b27
   AND b38=a47
   AND a24=b61
   AND a31=b15
   AND a44=b24
   AND a33=b2
   AND b59=a61
   AND b44=a6
   AND a46=b52
----
41 values hashing to 03f24c81054ef0eda0e71d7d09b76beb

query TTTTTTTTTTTTTTTTTTTTTTTTTTTTTTTTTTTTTTTTT valuesort join-41-1
SELECT x31,x21,x64,x10,x33,x40,x13,x34,x35,x49,x2,x62,x59,x23,x47,x44,x30,x6,x27,x20,x36,x12,x39,x18,x61,x52,x55,x15,x46,x29,x41,x38,x56,x16,x58,x22,x54,x3,x24,x57,x17
  FROM t12,t17,t64,t21,t36,t46,t59,t15,t54,t40,t62,t61,t39,t35,t6,t18,t55,t31,t44,t34,t33,t56,t38,t22,t52,t29,t49,t27,t10,t57,t24,t30,t41,t13,t16,t3,t20,t47,t2,t23,t58
 WHERE a57=b30
   AND b21=a52
   AND a46=b52
   AND a27=b12
   AND b29=a59
   AND a61=b59
   AND a64=b6
   AND a33=b2
   AND a62=b27
   AND b57=a17
   AND b39=a35
   AND a22=b41
   AND a34=b20
   AND b22=a10
   AND b55=a18
   AND a6=b44
   AND a58=b18
   AND a38=b16
   AND b54=a16
   AND a54=b40
   AND b56=a21
   AND b33=a12
   AND a29=b23
   AND a20=b49
   AND a13=10
   AND a40=b3
   AND b58=a30
   AND a2=b31
   AND a56=b34
   AND a47=b38
   AND a23=b17
   AND a39=b47
   AND b36=a15
   AND a44=b24
   AND a49=b62
   AND b35=a41
   AND b61=a24
   AND b64=a36
   AND a31=b15
   AND a13=b10
   AND b46=a3
----
41 values hashing to 03f24c81054ef0eda0e71d7d09b76beb

query TTTTTTTTTTTTTTTTTTTTTTTTTTTTTTTTTTTTTTTTT valuesort join-41-2
SELECT x28,x20,x13,x60,x37,x11,x27,x53,x61,x36,x6,x2,x31,x45,x43,x52,x38,x22,x41,x16,x30,x35,x19,x5,x29,x51,x14,x25,x21,x8,x49,x15,x54,x34,x47,x44,x42,x56,x57,x24,x12
  FROM t30,t41,t54,t52,t34,t13,t29,t5,t45,t11,t43,t56,t6,t57,t36,t16,t61,t44,t21,t31,t2,t38,t60,t19,t27,t12,t25,t15,t51,t42,t20,t47,t53,t8,t24,t49,t35,t28,t37,t14,t22
 WHERE a12=b49
   AND b31=a45
   AND a22=b36
   AND a49=b60
   AND b47=a5
   AND a43=b54
   AND a21=b52
   AND b11=a51
   AND a57=b27
   AND a2=b8
   AND a53=b6
   AND a34=b16
   AND b34=a36
   AND b13=a25
   AND a16=b51
   AND b2=a44
   AND a30=b56
   AND a8=b20
   AND a27=b21
   AND a35=b38
   AND b35=a29
   AND b57=a15
   AND a20=b22
   AND b30=a54
   AND a28=b43
   AND a14=b42
   AND a13=b41
   AND a61=b12
   AND a42=b5
   AND b61=a47
   AND a60=b44
   AND b19=a52
   AND b29=a31
   AND b15=a24
   AND a19=b45
   AND a28=7
   AND b25=a37
   AND b37=a56
   AND b24=a6
   AND a41=b53
   AND b14=a38
----
41 values hashing to 72c3d283d4c20702486f1205f0c1a0fa

query TTTTTTTTTTTTTTTTTTTTTTTTTTTTTTTTTTTTTTTTT valuesort join-41-2
SELECT x28,x20,x13,x60,x37,x11,x27,x53,x61,x36,x6,x2,x31,x45,x43,x52,x38,x22,x41,x16,x30,x35,x19,x5,x29,x51,x14,x25,x21,x8,x49,x15,x54,x34,x47,x44,x42,x56,x57,x24,x12
  FROM t25,t28,t20,t29,t13,t53,t31,t12,t41,t54,t45,t15,t30,t56,t52,t38,t22,t47,t36,t6,t43,t61,t14,t16,t49,t57,t34,t51,t11,t21,t19,t24,t37,t44,t5,t8,t35,t42,t27,t60,t2
 WHERE a15=b57
   AND a53=b6
   AND b60=a49
   AND b15=a24
   AND a22=b36
   AND a19=b45
   AND a8=b20
   AND a12=b49
   AND b14=a38
   AND b5=a42
   AND a54=b30
   AND a13=b41
   AND a27=b21
   AND b43=a28
   AND a29=b35
   AND b44=a60
   AND a52=b19
   AND b38=a35
   AND b27=a57
   AND b24=a6
   AND a20=b22
   AND a16=b51
   AND b42=a14
   AND b54=a43
   AND b16=a34
   AND a44=b2
   AND a45=b31
   AND a31=b29
   AND a28=7
   AND b25=a37
   AND b12=a61
   AND b47=a5
   AND b13=a25
   AND a2=b8
   AND b34=a36
   AND a21=b52
   AND b56=a30
   AND a51=b11
   AND a41=b53
   AND a47=b61
   AND a56=b37
----
41 values hashing to 72c3d283d4c20702486f1205f0c1a0fa

query TTTTTTTTTTTTTTTTTTTTTTTTTTTTTTTTTTTTTTTTT valuesort join-41-2
SELECT x28,x20,x13,x60,x37,x11,x27,x53,x61,x36,x6,x2,x31,x45,x43,x52,x38,x22,x41,x16,x30,x35,x19,x5,x29,x51,x14,x25,x21,x8,x49,x15,x54,x34,x47,x44,x42,x56,x57,x24,x12
  FROM t42,t22,t6,t27,t47,t44,t15,t21,t30,t36,t16,t35,t8,t60,t13,t31,t2,t56,t49,t19,t61,t41,t53,t20,t34,t11,t12,t45,t24,t43,t14,t52,t28,t51,t54,t37,t5,t38,t57,t29,t25
 WHERE b15=a24
   AND a15=b57
   AND b60=a49
   AND a54=b30
   AND b6=a53
   AND a31=b29
   AND a27=b21
   AND a25=b13
   AND a61=b12
   AND a47=b61
   AND b53=a41
   AND b35=a29
   AND a44=b2
   AND b37=a56
   AND b22=a20
   AND a2=b8
   AND b44=a60
   AND a12=b49
   AND a8=b20
   AND a28=b43
   AND a16=b51
   AND b24=a6
   AND a22=b36
   AND b52=a21
   AND a35=b38
   AND a28=7
   AND a43=b54
   AND a19=b45
   AND b42=a14
   AND a37=b25
   AND a36=b34
   AND b14=a38
   AND b16=a34
   AND a57=b27
   AND b5=a42
   AND b31=a45
   AND a51=b11
   AND a13=b41
   AND b47=a5
   AND a52=b19
   AND a30=b56
----
41 values hashing to 72c3d283d4c20702486f1205f0c1a0fa

query TTTTTTTTTTTTTTTTTTTTTTTTTTTTTTTTTTTTTTTTT valuesort join-41-3
SELECT x18,x8,x39,x36,x62,x47,x23,x50,x48,x24,x54,x52,x42,x27,x4,x44,x5,x16,x15,x45,x1,x58,x9,x12,x41,x3,x57,x46,x17,x22,x2,x63,x64,x61,x32,x40,x34,x37,x38,x53,x6
  FROM t62,t12,t54,t64,t6,t50,t18,t24,t36,t22,t2,t9,t45,t8,t47,t16,t23,t41,t5,t46,t52,t48,t58,t53,t15,t17,t4,t63,t38,t42,t1,t39,t34,t37,t40,t61,t32,t27,t57,t44,t3
 WHERE b45=a47
   AND a8=b42
   AND b32=a37
   AND b38=a42
   AND a5=b18
   AND a54=b16
   AND b63=a64
   AND b40=a41
   AND b48=a57
   AND b15=a63
   AND a50=b47
   AND a1=b37
   AND b9=a53
   AND a32=b3
   AND b61=a12
   AND b6=a62
   AND b2=a6
   AND b17=a9
   AND b4=a22
   AND b64=a40
   AND b24=a61
   AND a15=b34
   AND a44=b39
   AND a23=b53
   AND a52=b36
   AND a24=b22
   AND a46=b1
   AND a58=b44
   AND a16=b46
   AND a57=7
   AND a39=b23
   AND b12=a36
   AND b41=a45
   AND b62=a18
   AND b54=a48
   AND b50=a2
   AND b5=a4
   AND b8=a27
   AND b58=a38
   AND a17=b52
   AND a3=b27
----
41 values hashing to ef2470c9cb6e54ee83b18a609cb8f6e1

query TTTTTTTTTTTTTTTTTTTTTTTTTTTTTTTTTTTTTTTTT valuesort join-41-3
SELECT x18,x8,x39,x36,x62,x47,x23,x50,x48,x24,x54,x52,x42,x27,x4,x44,x5,x16,x15,x45,x1,x58,x9,x12,x41,x3,x57,x46,x17,x22,x2,x63,x64,x61,x32,x40,x34,x37,x38,x53,x6
  FROM t4,t22,t16,t24,t40,t46,t53,t44,t2,t27,t54,t58,t6,t52,t32,t5,t15,t64,t39,t8,t41,t37,t47,t3,t61,t34,t36,t48,t57,t38,t12,t18,t62,t9,t42,t50,t23,t63,t17,t45,t1
 WHERE b41=a45
   AND b54=a48
   AND b63=a64
   AND a4=b5
   AND a9=b17
   AND b24=a61
   AND a27=b8
   AND b50=a2
   AND a62=b6
   AND a54=b16
   AND b18=a5
   AND a39=b23
   AND a46=b1
   AND a12=b61
   AND a22=b4
   AND b48=a57
   AND b12=a36
   AND a32=b3
   AND a37=b32
   AND b27=a3
   AND a23=b53
   AND b58=a38
   AND a44=b39
   AND b15=a63
   AND a42=b38
   AND a52=b36
   AND b64=a40
   AND b22=a24
   AND a18=b62
   AND a8=b42
   AND b40=a41
   AND b9=a53
   AND a50=b47
   AND b44=a58
   AND b52=a17
   AND b45=a47
   AND a16=b46
   AND a6=b2
   AND a1=b37
   AND a57=7
   AND b34=a15
----
41 values hashing to ef2470c9cb6e54ee83b18a609cb8f6e1

query TTTTTTTTTTTTTTTTTTTTTTTTTTTTTTTTTTTTTTTTT valuesort join-41-3
SELECT x18,x8,x39,x36,x62,x47,x23,x50,x48,x24,x54,x52,x42,x27,x4,x44,x5,x16,x15,x45,x1,x58,x9,x12,x41,x3,x57,x46,x17,x22,x2,x63,x64,x61,x32,x40,x34,x37,x38,x53,x6
  FROM t48,t39,t41,t50,t38,t9,t57,t17,t22,t40,t27,t36,t61,t62,t47,t52,t16,t4,t3,t24,t23,t1,t8,t37,t44,t53,t42,t45,t46,t12,t2,t5,t64,t58,t18,t54,t63,t15,t34,t32,t6
 WHERE b44=a58
   AND a57=7
   AND b8=a27
   AND a38=b58
   AND a62=b6
   AND b16=a54
   AND a41=b40
   AND a48=b54
   AND a36=b12
   AND b32=a37
   AND b38=a42
   AND a23=b53
   AND b36=a52
   AND a16=b46
   AND b47=a50
   AND b17=a9
   AND b9=a53
   AND a3=b27
   AND b62=a18
   AND a8=b42
   AND a47=b45
   AND b52=a17
   AND b63=a64
   AND b22=a24
   AND b34=a15
   AND a40=b64
   AND b50=a2
   AND a32=b3
   AND a61=b24
   AND b23=a39
   AND b2=a6
   AND b48=a57
   AND b41=a45
   AND a22=b4
   AND b5=a4
   AND b18=a5
   AND a1=b37
   AND a44=b39
   AND a63=b15
   AND a12=b61
   AND a46=b1
----
41 values hashing to ef2470c9cb6e54ee83b18a609cb8f6e1

query TTTTTTTTTTTTTTTTTTTTTTTTTTTTTTTTTTTTTTTTT valuesort join-41-4
SELECT x64,x44,x40,x30,x29,x15,x9,x50,x62,x4,x59,x25,x35,x51,x38,x6,x41,x11,x2,x48,x1,x53,x46,x17,x58,x57,x63,x16,x36,x24,x60,x39,x61,x8,x5,x27,x10,x32,x23,x3,x18
  FROM t53,t16,t36,t48,t50,t29,t40,t38,t39,t6,t35,t4,t30,t17,t5,t51,t18,t23,t9,t11,t1,t57,t44,t60,t25,t46,t2,t64,t8,t15,t10,t24,t32,t58,t61,t59,t63,t3,t41,t62,t27
 WHERE a57=b10
   AND a8=b60
   AND b63=a24
   AND a32=b23
   AND a10=b44
   AND b35=a2
   AND b64=a16
   AND b2=a9
   AND a5=b8
   AND a41=b3
   AND a4=b11
   AND a48=b27
   AND a38=b58
   AND a62=b59
   AND a63=b30
   AND b53=a6
   AND b17=a36
   AND a61=b32
   AND b62=a15
   AND b16=a17
   AND b51=a30
   AND b36=a29
   AND a3=b40
   AND b29=a39
   AND a5=2
   AND a53=b9
   AND a60=b48
   AND a64=b18
   AND a58=b50
   AND a40=b39
   AND a46=b6
   AND b61=a1
   AND a23=b46
   AND a18=b1
   AND a44=b24
   AND b41=a59
   AND b57=a27
   AND a35=b4
   AND a25=b38
   AND a11=b25
   AND b15=a51
----
41 values hashing to 74f8a6664788014ba009c533b2e4c5b6

query TTTTTTTTTTTTTTTTTTTTTTTTTTTTTTTTTTTTTTTTT valuesort join-41-4
SELECT x64,x44,x40,x30,x29,x15,x9,x50,x62,x4,x59,x25,x35,x51,x38,x6,x41,x11,x2,x48,x1,x53,x46,x17,x58,x57,x63,x16,x36,x24,x60,x39,x61,x8,x5,x27,x10,x32,x23,x3,x18
  FROM t16,t30,t25,t11,t38,t46,t2,t9,t58,t4,t40,t59,t6,t23,t63,t61,t48,t51,t15,t10,t17,t53,t32,t57,t44,t50,t18,t35,t39,t27,t41,t1,t36,t5,t24,t29,t62,t8,t64,t60,t3
 WHERE a32=b23
   AND a41=b3
   AND b44=a10
   AND b24=a44
   AND a29=b36
   AND b25=a11
   AND a35=b4
   AND a5=2
   AND b59=a62
   AND b9=a53
   AND a63=b30
   AND a39=b29
   AND b58=a38
   AND b27=a48
   AND b35=a2
   AND a5=b8
   AND b50=a58
   AND b41=a59
   AND a36=b17
   AND a8=b60
   AND b63=a24
   AND a57=b10
   AND a30=b51
   AND b40=a3
   AND b15=a51
   AND b2=a9
   AND a23=b46
   AND a46=b6
   AND a40=b39
   AND a4=b11
   AND a16=b64
   AND a15=b62
   AND a60=b48
   AND b32=a61
   AND a18=b1
   AND a1=b61
   AND b18=a64
   AND b38=a25
   AND a27=b57
   AND a17=b16
   AND b53=a6
----
41 values hashing to 74f8a6664788014ba009c533b2e4c5b6

query TTTTTTTTTTTTTTTTTTTTTTTTTTTTTTTTTTTTTTTTT valuesort join-41-4
SELECT x64,x44,x40,x30,x29,x15,x9,x50,x62,x4,x59,x25,x35,x51,x38,x6,x41,x11,x2,x48,x1,x53,x46,x17,x58,x57,x63,x16,x36,x24,x60,x39,x61,x8,x5,x27,x10,x32,x23,x3,x18
  FROM t35,t9,t2,t48,t62,t10,t4,t1,t15,t46,t50,t32,t8,t11,t24,t5,t29,t51,t40,t58,t60,t39,t27,t59,t17,t44,t38,t16,t57,t30,t3,t25,t18,t41,t61,t23,t64,t36,t63,t53,t6
 WHERE b35=a2
   AND b53=a6
   AND a15=b62
   AND b18=a64
   AND a58=b50
   AND b64=a16
   AND a11=b25
   AND b32=a61
   AND a41=b3
   AND b60=a8
   AND a9=b2
   AND a57=b10
   AND a29=b36
   AND a40=b39
   AND b44=a10
   AND a46=b6
   AND b1=a18
   AND a36=b17
   AND b59=a62
   AND b41=a59
   AND b8=a5
   AND b27=a48
   AND a60=b48
   AND b46=a23
   AND b40=a3
   AND b63=a24
   AND b9=a53
   AND a17=b16
   AND b15=a51
   AND b51=a30
   AND a4=b11
   AND b61=a1
   AND a38=b58
   AND a27=b57
   AND a39=b29
   AND a5=2
   AND b24=a44
   AND a32=b23
   AND a35=b4
   AND b30=a63
   AND a25=b38
----
41 values hashing to 74f8a6664788014ba009c533b2e4c5b6
