statement ok
CREATE TABLE t1(
  a1 INTEGER PRIMARY KEY,
  b1 INTEGER,
  x1 VARCHAR(40)
)

statement ok
INSERT INTO t1 VALUES(1,1,'table t1 row 1')

statement ok
INSERT INTO t1 VALUES(2,9,'table t1 row 2')

statement ok
INSERT INTO t1 VALUES(3,8,'table t1 row 3')

statement ok
INSERT INTO t1 VALUES(4,4,'table t1 row 4')

statement ok
INSERT INTO t1 VALUES(5,2,'table t1 row 5')

statement ok
INSERT INTO t1 VALUES(6,3,'table t1 row 6')

statement ok
INSERT INTO t1 VALUES(7,6,'table t1 row 7')

statement ok
INSERT INTO t1 VALUES(8,7,'table t1 row 8')

statement ok
INSERT INTO t1 VALUES(9,10,'table t1 row 9')

statement ok
INSERT INTO t1 VALUES(10,5,'table t1 row 10')

statement ok
CREATE TABLE t2(
  a2 INTEGER PRIMARY KEY,
  b2 INTEGER,
  x2 VARCHAR(40)
)

statement ok
INSERT INTO t2 VALUES(1,7,'table t2 row 1')

statement ok
INSERT INTO t2 VALUES(2,5,'table t2 row 2')

statement ok
INSERT INTO t2 VALUES(3,9,'table t2 row 3')

statement ok
INSERT INTO t2 VALUES(4,3,'table t2 row 4')

statement ok
INSERT INTO t2 VALUES(5,2,'table t2 row 5')

statement ok
INSERT INTO t2 VALUES(6,10,'table t2 row 6')

statement ok
INSERT INTO t2 VALUES(7,8,'table t2 row 7')

statement ok
INSERT INTO t2 VALUES(8,6,'table t2 row 8')

statement ok
INSERT INTO t2 VALUES(9,4,'table t2 row 9')

statement ok
INSERT INTO t2 VALUES(10,1,'table t2 row 10')

statement ok
CREATE TABLE t3(
  a3 INTEGER PRIMARY KEY,
  b3 INTEGER,
  x3 VARCHAR(40)
)

statement ok
INSERT INTO t3 VALUES(1,6,'table t3 row 1')

statement ok
INSERT INTO t3 VALUES(2,8,'table t3 row 2')

statement ok
INSERT INTO t3 VALUES(3,3,'table t3 row 3')

statement ok
INSERT INTO t3 VALUES(4,2,'table t3 row 4')

statement ok
INSERT INTO t3 VALUES(5,4,'table t3 row 5')

statement ok
INSERT INTO t3 VALUES(6,5,'table t3 row 6')

statement ok
INSERT INTO t3 VALUES(7,9,'table t3 row 7')

statement ok
INSERT INTO t3 VALUES(8,10,'table t3 row 8')

statement ok
INSERT INTO t3 VALUES(9,1,'table t3 row 9')

statement ok
INSERT INTO t3 VALUES(10,7,'table t3 row 10')

statement ok
CREATE TABLE t4(
  a4 INTEGER PRIMARY KEY,
  b4 INTEGER,
  x4 VARCHAR(40)
)

statement ok
INSERT INTO t4 VALUES(1,2,'table t4 row 1')

statement ok
INSERT INTO t4 VALUES(2,6,'table t4 row 2')

statement ok
INSERT INTO t4 VALUES(3,10,'table t4 row 3')

statement ok
INSERT INTO t4 VALUES(4,4,'table t4 row 4')

statement ok
INSERT INTO t4 VALUES(5,1,'table t4 row 5')

statement ok
INSERT INTO t4 VALUES(6,8,'table t4 row 6')

statement ok
INSERT INTO t4 VALUES(7,7,'table t4 row 7')

statement ok
INSERT INTO t4 VALUES(8,5,'table t4 row 8')

statement ok
INSERT INTO t4 VALUES(9,3,'table t4 row 9')

statement ok
INSERT INTO t4 VALUES(10,9,'table t4 row 10')

statement ok
CREATE TABLE t5(
  a5 INTEGER PRIMARY KEY,
  b5 INTEGER,
  x5 VARCHAR(40)
)

statement ok
INSERT INTO t5 VALUES(1,9,'table t5 row 1')

statement ok
INSERT INTO t5 VALUES(2,5,'table t5 row 2')

statement ok
INSERT INTO t5 VALUES(3,10,'table t5 row 3')

statement ok
INSERT INTO t5 VALUES(4,7,'table t5 row 4')

statement ok
INSERT INTO t5 VALUES(5,4,'table t5 row 5')

statement ok
INSERT INTO t5 VALUES(6,2,'table t5 row 6')

statement ok
INSERT INTO t5 VALUES(7,1,'table t5 row 7')

statement ok
INSERT INTO t5 VALUES(8,8,'table t5 row 8')

statement ok
INSERT INTO t5 VALUES(9,3,'table t5 row 9')

statement ok
INSERT INTO t5 VALUES(10,6,'table t5 row 10')

statement ok
CREATE TABLE t6(
  a6 INTEGER PRIMARY KEY,
  b6 INTEGER,
  x6 VARCHAR(40)
)

statement ok
INSERT INTO t6 VALUES(1,2,'table t6 row 1')

statement ok
INSERT INTO t6 VALUES(2,5,'table t6 row 2')

statement ok
INSERT INTO t6 VALUES(3,9,'table t6 row 3')

statement ok
INSERT INTO t6 VALUES(4,3,'table t6 row 4')

statement ok
INSERT INTO t6 VALUES(5,1,'table t6 row 5')

statement ok
INSERT INTO t6 VALUES(6,8,'table t6 row 6')

statement ok
INSERT INTO t6 VALUES(7,10,'table t6 row 7')

statement ok
INSERT INTO t6 VALUES(8,6,'table t6 row 8')

statement ok
INSERT INTO t6 VALUES(9,4,'table t6 row 9')

statement ok
INSERT INTO t6 VALUES(10,7,'table t6 row 10')

statement ok
CREATE TABLE t7(
  a7 INTEGER PRIMARY KEY,
  b7 INTEGER,
  x7 VARCHAR(40)
)

statement ok
INSERT INTO t7 VALUES(1,1,'table t7 row 1')

statement ok
INSERT INTO t7 VALUES(2,5,'table t7 row 2')

statement ok
INSERT INTO t7 VALUES(3,3,'table t7 row 3')

statement ok
INSERT INTO t7 VALUES(4,9,'table t7 row 4')

statement ok
INSERT INTO t7 VALUES(5,8,'table t7 row 5')

statement ok
INSERT INTO t7 VALUES(6,4,'table t7 row 6')

statement ok
INSERT INTO t7 VALUES(7,2,'table t7 row 7')

statement ok
INSERT INTO t7 VALUES(8,10,'table t7 row 8')

statement ok
INSERT INTO t7 VALUES(9,6,'table t7 row 9')

statement ok
INSERT INTO t7 VALUES(10,7,'table t7 row 10')

statement ok
CREATE TABLE t8(
  a8 INTEGER PRIMARY KEY,
  b8 INTEGER,
  x8 VARCHAR(40)
)

statement ok
INSERT INTO t8 VALUES(1,3,'table t8 row 1')

statement ok
INSERT INTO t8 VALUES(2,10,'table t8 row 2')

statement ok
INSERT INTO t8 VALUES(3,8,'table t8 row 3')

statement ok
INSERT INTO t8 VALUES(4,6,'table t8 row 4')

statement ok
INSERT INTO t8 VALUES(5,7,'table t8 row 5')

statement ok
INSERT INTO t8 VALUES(6,4,'table t8 row 6')

statement ok
INSERT INTO t8 VALUES(7,2,'table t8 row 7')

statement ok
INSERT INTO t8 VALUES(8,9,'table t8 row 8')

statement ok
INSERT INTO t8 VALUES(9,5,'table t8 row 9')

statement ok
INSERT INTO t8 VALUES(10,1,'table t8 row 10')

statement ok
CREATE TABLE t9(
  a9 INTEGER PRIMARY KEY,
  b9 INTEGER,
  x9 VARCHAR(40)
)

statement ok
INSERT INTO t9 VALUES(1,3,'table t9 row 1')

statement ok
INSERT INTO t9 VALUES(2,4,'table t9 row 2')

statement ok
INSERT INTO t9 VALUES(3,6,'table t9 row 3')

statement ok
INSERT INTO t9 VALUES(4,5,'table t9 row 4')

statement ok
INSERT INTO t9 VALUES(5,9,'table t9 row 5')

statement ok
INSERT INTO t9 VALUES(6,7,'table t9 row 6')

statement ok
INSERT INTO t9 VALUES(7,2,'table t9 row 7')

statement ok
INSERT INTO t9 VALUES(8,1,'table t9 row 8')

statement ok
INSERT INTO t9 VALUES(9,10,'table t9 row 9')

statement ok
INSERT INTO t9 VALUES(10,8,'table t9 row 10')

statement ok
CREATE TABLE t10(
  a10 INTEGER PRIMARY KEY,
  b10 INTEGER,
  x10 VARCHAR(40)
)

statement ok
INSERT INTO t10 VALUES(1,8,'table t10 row 1')

statement ok
INSERT INTO t10 VALUES(2,10,'table t10 row 2')

statement ok
INSERT INTO t10 VALUES(3,7,'table t10 row 3')

statement ok
INSERT INTO t10 VALUES(4,1,'table t10 row 4')

statement ok
INSERT INTO t10 VALUES(5,5,'table t10 row 5')

statement ok
INSERT INTO t10 VALUES(6,4,'table t10 row 6')

statement ok
INSERT INTO t10 VALUES(7,3,'table t10 row 7')

statement ok
INSERT INTO t10 VALUES(8,9,'table t10 row 8')

statement ok
INSERT INTO t10 VALUES(9,6,'table t10 row 9')

statement ok
INSERT INTO t10 VALUES(10,2,'table t10 row 10')

statement ok
CREATE TABLE t11(
  a11 INTEGER PRIMARY KEY,
  b11 INTEGER,
  x11 VARCHAR(40)
)

statement ok
INSERT INTO t11 VALUES(1,5,'table t11 row 1')

statement ok
INSERT INTO t11 VALUES(2,8,'table t11 row 2')

statement ok
INSERT INTO t11 VALUES(3,3,'table t11 row 3')

statement ok
INSERT INTO t11 VALUES(4,1,'table t11 row 4')

statement ok
INSERT INTO t11 VALUES(5,4,'table t11 row 5')

statement ok
INSERT INTO t11 VALUES(6,7,'table t11 row 6')

statement ok
INSERT INTO t11 VALUES(7,6,'table t11 row 7')

statement ok
INSERT INTO t11 VALUES(8,9,'table t11 row 8')

statement ok
INSERT INTO t11 VALUES(9,2,'table t11 row 9')

statement ok
INSERT INTO t11 VALUES(10,10,'table t11 row 10')

statement ok
CREATE TABLE t12(
  a12 INTEGER PRIMARY KEY,
  b12 INTEGER,
  x12 VARCHAR(40)
)

statement ok
INSERT INTO t12 VALUES(1,4,'table t12 row 1')

statement ok
INSERT INTO t12 VALUES(2,2,'table t12 row 2')

statement ok
INSERT INTO t12 VALUES(3,5,'table t12 row 3')

statement ok
INSERT INTO t12 VALUES(4,6,'table t12 row 4')

statement ok
INSERT INTO t12 VALUES(5,9,'table t12 row 5')

statement ok
INSERT INTO t12 VALUES(6,7,'table t12 row 6')

statement ok
INSERT INTO t12 VALUES(7,10,'table t12 row 7')

statement ok
INSERT INTO t12 VALUES(8,1,'table t12 row 8')

statement ok
INSERT INTO t12 VALUES(9,8,'table t12 row 9')

statement ok
INSERT INTO t12 VALUES(10,3,'table t12 row 10')

statement ok
CREATE TABLE t13(
  a13 INTEGER PRIMARY KEY,
  b13 INTEGER,
  x13 VARCHAR(40)
)

statement ok
INSERT INTO t13 VALUES(1,10,'table t13 row 1')

statement ok
INSERT INTO t13 VALUES(2,7,'table t13 row 2')

statement ok
INSERT INTO t13 VALUES(3,6,'table t13 row 3')

statement ok
INSERT INTO t13 VALUES(4,2,'table t13 row 4')

statement ok
INSERT INTO t13 VALUES(5,8,'table t13 row 5')

statement ok
INSERT INTO t13 VALUES(6,4,'table t13 row 6')

statement ok
INSERT INTO t13 VALUES(7,1,'table t13 row 7')

statement ok
INSERT INTO t13 VALUES(8,9,'table t13 row 8')

statement ok
INSERT INTO t13 VALUES(9,3,'table t13 row 9')

statement ok
INSERT INTO t13 VALUES(10,5,'table t13 row 10')

statement ok
CREATE TABLE t14(
  a14 INTEGER PRIMARY KEY,
  b14 INTEGER,
  x14 VARCHAR(40)
)

statement ok
INSERT INTO t14 VALUES(1,5,'table t14 row 1')

statement ok
INSERT INTO t14 VALUES(2,3,'table t14 row 2')

statement ok
INSERT INTO t14 VALUES(3,9,'table t14 row 3')

statement ok
INSERT INTO t14 VALUES(4,7,'table t14 row 4')

statement ok
INSERT INTO t14 VALUES(5,4,'table t14 row 5')

statement ok
INSERT INTO t14 VALUES(6,1,'table t14 row 6')

statement ok
INSERT INTO t14 VALUES(7,8,'table t14 row 7')

statement ok
INSERT INTO t14 VALUES(8,2,'table t14 row 8')

statement ok
INSERT INTO t14 VALUES(9,10,'table t14 row 9')

statement ok
INSERT INTO t14 VALUES(10,6,'table t14 row 10')

statement ok
CREATE TABLE t15(
  a15 INTEGER PRIMARY KEY,
  b15 INTEGER,
  x15 VARCHAR(40)
)

statement ok
INSERT INTO t15 VALUES(1,7,'table t15 row 1')

statement ok
INSERT INTO t15 VALUES(2,1,'table t15 row 2')

statement ok
INSERT INTO t15 VALUES(3,5,'table t15 row 3')

statement ok
INSERT INTO t15 VALUES(4,2,'table t15 row 4')

statement ok
INSERT INTO t15 VALUES(5,4,'table t15 row 5')

statement ok
INSERT INTO t15 VALUES(6,6,'table t15 row 6')

statement ok
INSERT INTO t15 VALUES(7,3,'table t15 row 7')

statement ok
INSERT INTO t15 VALUES(8,10,'table t15 row 8')

statement ok
INSERT INTO t15 VALUES(9,9,'table t15 row 9')

statement ok
INSERT INTO t15 VALUES(10,8,'table t15 row 10')

statement ok
CREATE TABLE t16(
  a16 INTEGER PRIMARY KEY,
  b16 INTEGER,
  x16 VARCHAR(40)
)

statement ok
INSERT INTO t16 VALUES(1,5,'table t16 row 1')

statement ok
INSERT INTO t16 VALUES(2,3,'table t16 row 2')

statement ok
INSERT INTO t16 VALUES(3,4,'table t16 row 3')

statement ok
INSERT INTO t16 VALUES(4,7,'table t16 row 4')

statement ok
INSERT INTO t16 VALUES(5,6,'table t16 row 5')

statement ok
INSERT INTO t16 VALUES(6,9,'table t16 row 6')

statement ok
INSERT INTO t16 VALUES(7,2,'table t16 row 7')

statement ok
INSERT INTO t16 VALUES(8,10,'table t16 row 8')

statement ok
INSERT INTO t16 VALUES(9,8,'table t16 row 9')

statement ok
INSERT INTO t16 VALUES(10,1,'table t16 row 10')

statement ok
CREATE TABLE t17(
  a17 INTEGER PRIMARY KEY,
  b17 INTEGER,
  x17 VARCHAR(40)
)

statement ok
INSERT INTO t17 VALUES(1,7,'table t17 row 1')

statement ok
INSERT INTO t17 VALUES(2,2,'table t17 row 2')

statement ok
INSERT INTO t17 VALUES(3,3,'table t17 row 3')

statement ok
INSERT INTO t17 VALUES(4,1,'table t17 row 4')

statement ok
INSERT INTO t17 VALUES(5,4,'table t17 row 5')

statement ok
INSERT INTO t17 VALUES(6,5,'table t17 row 6')

statement ok
INSERT INTO t17 VALUES(7,8,'table t17 row 7')

statement ok
INSERT INTO t17 VALUES(8,9,'table t17 row 8')

statement ok
INSERT INTO t17 VALUES(9,6,'table t17 row 9')

statement ok
INSERT INTO t17 VALUES(10,10,'table t17 row 10')

statement ok
CREATE TABLE t18(
  a18 INTEGER PRIMARY KEY,
  b18 INTEGER,
  x18 VARCHAR(40)
)

statement ok
INSERT INTO t18 VALUES(1,1,'table t18 row 1')

statement ok
INSERT INTO t18 VALUES(2,8,'table t18 row 2')

statement ok
INSERT INTO t18 VALUES(3,3,'table t18 row 3')

statement ok
INSERT INTO t18 VALUES(4,5,'table t18 row 4')

statement ok
INSERT INTO t18 VALUES(5,10,'table t18 row 5')

statement ok
INSERT INTO t18 VALUES(6,6,'table t18 row 6')

statement ok
INSERT INTO t18 VALUES(7,9,'table t18 row 7')

statement ok
INSERT INTO t18 VALUES(8,7,'table t18 row 8')

statement ok
INSERT INTO t18 VALUES(9,2,'table t18 row 9')

statement ok
INSERT INTO t18 VALUES(10,4,'table t18 row 10')

statement ok
CREATE TABLE t19(
  a19 INTEGER PRIMARY KEY,
  b19 INTEGER,
  x19 VARCHAR(40)
)

statement ok
INSERT INTO t19 VALUES(1,4,'table t19 row 1')

statement ok
INSERT INTO t19 VALUES(2,7,'table t19 row 2')

statement ok
INSERT INTO t19 VALUES(3,2,'table t19 row 3')

statement ok
INSERT INTO t19 VALUES(4,6,'table t19 row 4')

statement ok
INSERT INTO t19 VALUES(5,9,'table t19 row 5')

statement ok
INSERT INTO t19 VALUES(6,10,'table t19 row 6')

statement ok
INSERT INTO t19 VALUES(7,1,'table t19 row 7')

statement ok
INSERT INTO t19 VALUES(8,5,'table t19 row 8')

statement ok
INSERT INTO t19 VALUES(9,8,'table t19 row 9')

statement ok
INSERT INTO t19 VALUES(10,3,'table t19 row 10')

statement ok
CREATE TABLE t20(
  a20 INTEGER PRIMARY KEY,
  b20 INTEGER,
  x20 VARCHAR(40)
)

statement ok
INSERT INTO t20 VALUES(1,10,'table t20 row 1')

statement ok
INSERT INTO t20 VALUES(2,9,'table t20 row 2')

statement ok
INSERT INTO t20 VALUES(3,3,'table t20 row 3')

statement ok
INSERT INTO t20 VALUES(4,7,'table t20 row 4')

statement ok
INSERT INTO t20 VALUES(5,6,'table t20 row 5')

statement ok
INSERT INTO t20 VALUES(6,2,'table t20 row 6')

statement ok
INSERT INTO t20 VALUES(7,1,'table t20 row 7')

statement ok
INSERT INTO t20 VALUES(8,4,'table t20 row 8')

statement ok
INSERT INTO t20 VALUES(9,5,'table t20 row 9')

statement ok
INSERT INTO t20 VALUES(10,8,'table t20 row 10')

statement ok
CREATE TABLE t21(
  a21 INTEGER PRIMARY KEY,
  b21 INTEGER,
  x21 VARCHAR(40)
)

statement ok
INSERT INTO t21 VALUES(1,7,'table t21 row 1')

statement ok
INSERT INTO t21 VALUES(2,9,'table t21 row 2')

statement ok
INSERT INTO t21 VALUES(3,6,'table t21 row 3')

statement ok
INSERT INTO t21 VALUES(4,3,'table t21 row 4')

statement ok
INSERT INTO t21 VALUES(5,5,'table t21 row 5')

statement ok
INSERT INTO t21 VALUES(6,4,'table t21 row 6')

statement ok
INSERT INTO t21 VALUES(7,1,'table t21 row 7')

statement ok
INSERT INTO t21 VALUES(8,10,'table t21 row 8')

statement ok
INSERT INTO t21 VALUES(9,8,'table t21 row 9')

statement ok
INSERT INTO t21 VALUES(10,2,'table t21 row 10')

statement ok
CREATE TABLE t22(
  a22 INTEGER PRIMARY KEY,
  b22 INTEGER,
  x22 VARCHAR(40)
)

statement ok
INSERT INTO t22 VALUES(1,7,'table t22 row 1')

statement ok
INSERT INTO t22 VALUES(2,3,'table t22 row 2')

statement ok
INSERT INTO t22 VALUES(3,6,'table t22 row 3')

statement ok
INSERT INTO t22 VALUES(4,4,'table t22 row 4')

statement ok
INSERT INTO t22 VALUES(5,2,'table t22 row 5')

statement ok
INSERT INTO t22 VALUES(6,8,'table t22 row 6')

statement ok
INSERT INTO t22 VALUES(7,9,'table t22 row 7')

statement ok
INSERT INTO t22 VALUES(8,10,'table t22 row 8')

statement ok
INSERT INTO t22 VALUES(9,5,'table t22 row 9')

statement ok
INSERT INTO t22 VALUES(10,1,'table t22 row 10')

statement ok
CREATE TABLE t23(
  a23 INTEGER PRIMARY KEY,
  b23 INTEGER,
  x23 VARCHAR(40)
)

statement ok
INSERT INTO t23 VALUES(1,9,'table t23 row 1')

statement ok
INSERT INTO t23 VALUES(2,4,'table t23 row 2')

statement ok
INSERT INTO t23 VALUES(3,2,'table t23 row 3')

statement ok
INSERT INTO t23 VALUES(4,8,'table t23 row 4')

statement ok
INSERT INTO t23 VALUES(5,3,'table t23 row 5')

statement ok
INSERT INTO t23 VALUES(6,6,'table t23 row 6')

statement ok
INSERT INTO t23 VALUES(7,7,'table t23 row 7')

statement ok
INSERT INTO t23 VALUES(8,5,'table t23 row 8')

statement ok
INSERT INTO t23 VALUES(9,10,'table t23 row 9')

statement ok
INSERT INTO t23 VALUES(10,1,'table t23 row 10')

statement ok
CREATE TABLE t24(
  a24 INTEGER PRIMARY KEY,
  b24 INTEGER,
  x24 VARCHAR(40)
)

statement ok
INSERT INTO t24 VALUES(1,10,'table t24 row 1')

statement ok
INSERT INTO t24 VALUES(2,3,'table t24 row 2')

statement ok
INSERT INTO t24 VALUES(3,8,'table t24 row 3')

statement ok
INSERT INTO t24 VALUES(4,2,'table t24 row 4')

statement ok
INSERT INTO t24 VALUES(5,5,'table t24 row 5')

statement ok
INSERT INTO t24 VALUES(6,4,'table t24 row 6')

statement ok
INSERT INTO t24 VALUES(7,6,'table t24 row 7')

statement ok
INSERT INTO t24 VALUES(8,9,'table t24 row 8')

statement ok
INSERT INTO t24 VALUES(9,1,'table t24 row 9')

statement ok
INSERT INTO t24 VALUES(10,7,'table t24 row 10')

statement ok
CREATE TABLE t25(
  a25 INTEGER PRIMARY KEY,
  b25 INTEGER,
  x25 VARCHAR(40)
)

statement ok
INSERT INTO t25 VALUES(1,7,'table t25 row 1')

statement ok
INSERT INTO t25 VALUES(2,6,'table t25 row 2')

statement ok
INSERT INTO t25 VALUES(3,5,'table t25 row 3')

statement ok
INSERT INTO t25 VALUES(4,1,'table t25 row 4')

statement ok
INSERT INTO t25 VALUES(5,8,'table t25 row 5')

statement ok
INSERT INTO t25 VALUES(6,9,'table t25 row 6')

statement ok
INSERT INTO t25 VALUES(7,3,'table t25 row 7')

statement ok
INSERT INTO t25 VALUES(8,2,'table t25 row 8')

statement ok
INSERT INTO t25 VALUES(9,4,'table t25 row 9')

statement ok
INSERT INTO t25 VALUES(10,10,'table t25 row 10')

statement ok
CREATE TABLE t26(
  a26 INTEGER PRIMARY KEY,
  b26 INTEGER,
  x26 VARCHAR(40)
)

statement ok
INSERT INTO t26 VALUES(1,2,'table t26 row 1')

statement ok
INSERT INTO t26 VALUES(2,7,'table t26 row 2')

statement ok
INSERT INTO t26 VALUES(3,5,'table t26 row 3')

statement ok
INSERT INTO t26 VALUES(4,1,'table t26 row 4')

statement ok
INSERT INTO t26 VALUES(5,8,'table t26 row 5')

statement ok
INSERT INTO t26 VALUES(6,6,'table t26 row 6')

statement ok
INSERT INTO t26 VALUES(7,4,'table t26 row 7')

statement ok
INSERT INTO t26 VALUES(8,9,'table t26 row 8')

statement ok
INSERT INTO t26 VALUES(9,3,'table t26 row 9')

statement ok
INSERT INTO t26 VALUES(10,10,'table t26 row 10')

statement ok
CREATE TABLE t27(
  a27 INTEGER PRIMARY KEY,
  b27 INTEGER,
  x27 VARCHAR(40)
)

statement ok
INSERT INTO t27 VALUES(1,8,'table t27 row 1')

statement ok
INSERT INTO t27 VALUES(2,3,'table t27 row 2')

statement ok
INSERT INTO t27 VALUES(3,6,'table t27 row 3')

statement ok
INSERT INTO t27 VALUES(4,7,'table t27 row 4')

statement ok
INSERT INTO t27 VALUES(5,4,'table t27 row 5')

statement ok
INSERT INTO t27 VALUES(6,2,'table t27 row 6')

statement ok
INSERT INTO t27 VALUES(7,10,'table t27 row 7')

statement ok
INSERT INTO t27 VALUES(8,9,'table t27 row 8')

statement ok
INSERT INTO t27 VALUES(9,5,'table t27 row 9')

statement ok
INSERT INTO t27 VALUES(10,1,'table t27 row 10')

statement ok
CREATE TABLE t28(
  a28 INTEGER PRIMARY KEY,
  b28 INTEGER,
  x28 VARCHAR(40)
)

statement ok
INSERT INTO t28 VALUES(1,6,'table t28 row 1')

statement ok
INSERT INTO t28 VALUES(2,10,'table t28 row 2')

statement ok
INSERT INTO t28 VALUES(3,2,'table t28 row 3')

statement ok
INSERT INTO t28 VALUES(4,4,'table t28 row 4')

statement ok
INSERT INTO t28 VALUES(5,5,'table t28 row 5')

statement ok
INSERT INTO t28 VALUES(6,9,'table t28 row 6')

statement ok
INSERT INTO t28 VALUES(7,3,'table t28 row 7')

statement ok
INSERT INTO t28 VALUES(8,8,'table t28 row 8')

statement ok
INSERT INTO t28 VALUES(9,7,'table t28 row 9')

statement ok
INSERT INTO t28 VALUES(10,1,'table t28 row 10')

statement ok
CREATE TABLE t29(
  a29 INTEGER PRIMARY KEY,
  b29 INTEGER,
  x29 VARCHAR(40)
)

statement ok
INSERT INTO t29 VALUES(1,4,'table t29 row 1')

statement ok
INSERT INTO t29 VALUES(2,2,'table t29 row 2')

statement ok
INSERT INTO t29 VALUES(3,9,'table t29 row 3')

statement ok
INSERT INTO t29 VALUES(4,8,'table t29 row 4')

statement ok
INSERT INTO t29 VALUES(5,10,'table t29 row 5')

statement ok
INSERT INTO t29 VALUES(6,3,'table t29 row 6')

statement ok
INSERT INTO t29 VALUES(7,7,'table t29 row 7')

statement ok
INSERT INTO t29 VALUES(8,6,'table t29 row 8')

statement ok
INSERT INTO t29 VALUES(9,5,'table t29 row 9')

statement ok
INSERT INTO t29 VALUES(10,1,'table t29 row 10')

statement ok
CREATE TABLE t30(
  a30 INTEGER PRIMARY KEY,
  b30 INTEGER,
  x30 VARCHAR(40)
)

statement ok
INSERT INTO t30 VALUES(1,5,'table t30 row 1')

statement ok
INSERT INTO t30 VALUES(2,6,'table t30 row 2')

statement ok
INSERT INTO t30 VALUES(3,10,'table t30 row 3')

statement ok
INSERT INTO t30 VALUES(4,3,'table t30 row 4')

statement ok
INSERT INTO t30 VALUES(5,7,'table t30 row 5')

statement ok
INSERT INTO t30 VALUES(6,4,'table t30 row 6')

statement ok
INSERT INTO t30 VALUES(7,9,'table t30 row 7')

statement ok
INSERT INTO t30 VALUES(8,8,'table t30 row 8')

statement ok
INSERT INTO t30 VALUES(9,2,'table t30 row 9')

statement ok
INSERT INTO t30 VALUES(10,1,'table t30 row 10')

statement ok
CREATE TABLE t31(
  a31 INTEGER PRIMARY KEY,
  b31 INTEGER,
  x31 VARCHAR(40)
)

statement ok
INSERT INTO t31 VALUES(1,1,'table t31 row 1')

statement ok
INSERT INTO t31 VALUES(2,6,'table t31 row 2')

statement ok
INSERT INTO t31 VALUES(3,4,'table t31 row 3')

statement ok
INSERT INTO t31 VALUES(4,8,'table t31 row 4')

statement ok
INSERT INTO t31 VALUES(5,2,'table t31 row 5')

statement ok
INSERT INTO t31 VALUES(6,9,'table t31 row 6')

statement ok
INSERT INTO t31 VALUES(7,7,'table t31 row 7')

statement ok
INSERT INTO t31 VALUES(8,3,'table t31 row 8')

statement ok
INSERT INTO t31 VALUES(9,5,'table t31 row 9')

statement ok
INSERT INTO t31 VALUES(10,10,'table t31 row 10')

statement ok
CREATE TABLE t32(
  a32 INTEGER PRIMARY KEY,
  b32 INTEGER,
  x32 VARCHAR(40)
)

statement ok
INSERT INTO t32 VALUES(1,10,'table t32 row 1')

statement ok
INSERT INTO t32 VALUES(2,2,'table t32 row 2')

statement ok
INSERT INTO t32 VALUES(3,6,'table t32 row 3')

statement ok
INSERT INTO t32 VALUES(4,3,'table t32 row 4')

statement ok
INSERT INTO t32 VALUES(5,4,'table t32 row 5')

statement ok
INSERT INTO t32 VALUES(6,1,'table t32 row 6')

statement ok
INSERT INTO t32 VALUES(7,7,'table t32 row 7')

statement ok
INSERT INTO t32 VALUES(8,5,'table t32 row 8')

statement ok
INSERT INTO t32 VALUES(9,9,'table t32 row 9')

statement ok
INSERT INTO t32 VALUES(10,8,'table t32 row 10')

statement ok
CREATE TABLE t33(
  a33 INTEGER PRIMARY KEY,
  b33 INTEGER,
  x33 VARCHAR(40)
)

statement ok
INSERT INTO t33 VALUES(1,8,'table t33 row 1')

statement ok
INSERT INTO t33 VALUES(2,4,'table t33 row 2')

statement ok
INSERT INTO t33 VALUES(3,5,'table t33 row 3')

statement ok
INSERT INTO t33 VALUES(4,1,'table t33 row 4')

statement ok
INSERT INTO t33 VALUES(5,2,'table t33 row 5')

statement ok
INSERT INTO t33 VALUES(6,10,'table t33 row 6')

statement ok
INSERT INTO t33 VALUES(7,3,'table t33 row 7')

statement ok
INSERT INTO t33 VALUES(8,6,'table t33 row 8')

statement ok
INSERT INTO t33 VALUES(9,7,'table t33 row 9')

statement ok
INSERT INTO t33 VALUES(10,9,'table t33 row 10')

statement ok
CREATE TABLE t34(
  a34 INTEGER PRIMARY KEY,
  b34 INTEGER,
  x34 VARCHAR(40)
)

statement ok
INSERT INTO t34 VALUES(1,10,'table t34 row 1')

statement ok
INSERT INTO t34 VALUES(2,1,'table t34 row 2')

statement ok
INSERT INTO t34 VALUES(3,6,'table t34 row 3')

statement ok
INSERT INTO t34 VALUES(4,5,'table t34 row 4')

statement ok
INSERT INTO t34 VALUES(5,9,'table t34 row 5')

statement ok
INSERT INTO t34 VALUES(6,8,'table t34 row 6')

statement ok
INSERT INTO t34 VALUES(7,2,'table t34 row 7')

statement ok
INSERT INTO t34 VALUES(8,4,'table t34 row 8')

statement ok
INSERT INTO t34 VALUES(9,3,'table t34 row 9')

statement ok
INSERT INTO t34 VALUES(10,7,'table t34 row 10')

statement ok
CREATE TABLE t35(
  a35 INTEGER PRIMARY KEY,
  b35 INTEGER,
  x35 VARCHAR(40)
)

statement ok
INSERT INTO t35 VALUES(1,3,'table t35 row 1')

statement ok
INSERT INTO t35 VALUES(2,7,'table t35 row 2')

statement ok
INSERT INTO t35 VALUES(3,6,'table t35 row 3')

statement ok
INSERT INTO t35 VALUES(4,5,'table t35 row 4')

statement ok
INSERT INTO t35 VALUES(5,1,'table t35 row 5')

statement ok
INSERT INTO t35 VALUES(6,4,'table t35 row 6')

statement ok
INSERT INTO t35 VALUES(7,2,'table t35 row 7')

statement ok
INSERT INTO t35 VALUES(8,10,'table t35 row 8')

statement ok
INSERT INTO t35 VALUES(9,8,'table t35 row 9')

statement ok
INSERT INTO t35 VALUES(10,9,'table t35 row 10')

statement ok
CREATE TABLE t36(
  a36 INTEGER PRIMARY KEY,
  b36 INTEGER,
  x36 VARCHAR(40)
)

statement ok
INSERT INTO t36 VALUES(1,7,'table t36 row 1')

statement ok
INSERT INTO t36 VALUES(2,8,'table t36 row 2')

statement ok
INSERT INTO t36 VALUES(3,6,'table t36 row 3')

statement ok
INSERT INTO t36 VALUES(4,4,'table t36 row 4')

statement ok
INSERT INTO t36 VALUES(5,9,'table t36 row 5')

statement ok
INSERT INTO t36 VALUES(6,1,'table t36 row 6')

statement ok
INSERT INTO t36 VALUES(7,2,'table t36 row 7')

statement ok
INSERT INTO t36 VALUES(8,3,'table t36 row 8')

statement ok
INSERT INTO t36 VALUES(9,5,'table t36 row 9')

statement ok
INSERT INTO t36 VALUES(10,10,'table t36 row 10')

statement ok
CREATE TABLE t37(
  a37 INTEGER PRIMARY KEY,
  b37 INTEGER,
  x37 VARCHAR(40)
)

statement ok
INSERT INTO t37 VALUES(1,1,'table t37 row 1')

statement ok
INSERT INTO t37 VALUES(2,9,'table t37 row 2')

statement ok
INSERT INTO t37 VALUES(3,7,'table t37 row 3')

statement ok
INSERT INTO t37 VALUES(4,3,'table t37 row 4')

statement ok
INSERT INTO t37 VALUES(5,8,'table t37 row 5')

statement ok
INSERT INTO t37 VALUES(6,6,'table t37 row 6')

statement ok
INSERT INTO t37 VALUES(7,5,'table t37 row 7')

statement ok
INSERT INTO t37 VALUES(8,2,'table t37 row 8')

statement ok
INSERT INTO t37 VALUES(9,10,'table t37 row 9')

statement ok
INSERT INTO t37 VALUES(10,4,'table t37 row 10')

statement ok
CREATE TABLE t38(
  a38 INTEGER PRIMARY KEY,
  b38 INTEGER,
  x38 VARCHAR(40)
)

statement ok
INSERT INTO t38 VALUES(1,2,'table t38 row 1')

statement ok
INSERT INTO t38 VALUES(2,10,'table t38 row 2')

statement ok
INSERT INTO t38 VALUES(3,5,'table t38 row 3')

statement ok
INSERT INTO t38 VALUES(4,6,'table t38 row 4')

statement ok
INSERT INTO t38 VALUES(5,4,'table t38 row 5')

statement ok
INSERT INTO t38 VALUES(6,1,'table t38 row 6')

statement ok
INSERT INTO t38 VALUES(7,7,'table t38 row 7')

statement ok
INSERT INTO t38 VALUES(8,8,'table t38 row 8')

statement ok
INSERT INTO t38 VALUES(9,9,'table t38 row 9')

statement ok
INSERT INTO t38 VALUES(10,3,'table t38 row 10')

statement ok
CREATE TABLE t39(
  a39 INTEGER PRIMARY KEY,
  b39 INTEGER,
  x39 VARCHAR(40)
)

statement ok
INSERT INTO t39 VALUES(1,9,'table t39 row 1')

statement ok
INSERT INTO t39 VALUES(2,2,'table t39 row 2')

statement ok
INSERT INTO t39 VALUES(3,3,'table t39 row 3')

statement ok
INSERT INTO t39 VALUES(4,10,'table t39 row 4')

statement ok
INSERT INTO t39 VALUES(5,4,'table t39 row 5')

statement ok
INSERT INTO t39 VALUES(6,7,'table t39 row 6')

statement ok
INSERT INTO t39 VALUES(7,6,'table t39 row 7')

statement ok
INSERT INTO t39 VALUES(8,5,'table t39 row 8')

statement ok
INSERT INTO t39 VALUES(9,1,'table t39 row 9')

statement ok
INSERT INTO t39 VALUES(10,8,'table t39 row 10')

statement ok
CREATE TABLE t40(
  a40 INTEGER PRIMARY KEY,
  b40 INTEGER,
  x40 VARCHAR(40)
)

statement ok
INSERT INTO t40 VALUES(1,4,'table t40 row 1')

statement ok
INSERT INTO t40 VALUES(2,3,'table t40 row 2')

statement ok
INSERT INTO t40 VALUES(3,10,'table t40 row 3')

statement ok
INSERT INTO t40 VALUES(4,7,'table t40 row 4')

statement ok
INSERT INTO t40 VALUES(5,8,'table t40 row 5')

statement ok
INSERT INTO t40 VALUES(6,5,'table t40 row 6')

statement ok
INSERT INTO t40 VALUES(7,6,'table t40 row 7')

statement ok
INSERT INTO t40 VALUES(8,2,'table t40 row 8')

statement ok
INSERT INTO t40 VALUES(9,9,'table t40 row 9')

statement ok
INSERT INTO t40 VALUES(10,1,'table t40 row 10')

statement ok
CREATE TABLE t41(
  a41 INTEGER PRIMARY KEY,
  b41 INTEGER,
  x41 VARCHAR(40)
)

statement ok
INSERT INTO t41 VALUES(1,6,'table t41 row 1')

statement ok
INSERT INTO t41 VALUES(2,1,'table t41 row 2')

statement ok
INSERT INTO t41 VALUES(3,3,'table t41 row 3')

statement ok
INSERT INTO t41 VALUES(4,2,'table t41 row 4')

statement ok
INSERT INTO t41 VALUES(5,9,'table t41 row 5')

statement ok
INSERT INTO t41 VALUES(6,5,'table t41 row 6')

statement ok
INSERT INTO t41 VALUES(7,8,'table t41 row 7')

statement ok
INSERT INTO t41 VALUES(8,7,'table t41 row 8')

statement ok
INSERT INTO t41 VALUES(9,10,'table t41 row 9')

statement ok
INSERT INTO t41 VALUES(10,4,'table t41 row 10')

statement ok
CREATE TABLE t42(
  a42 INTEGER PRIMARY KEY,
  b42 INTEGER,
  x42 VARCHAR(40)
)

statement ok
INSERT INTO t42 VALUES(1,10,'table t42 row 1')

statement ok
INSERT INTO t42 VALUES(2,3,'table t42 row 2')

statement ok
INSERT INTO t42 VALUES(3,7,'table t42 row 3')

statement ok
INSERT INTO t42 VALUES(4,6,'table t42 row 4')

statement ok
INSERT INTO t42 VALUES(5,8,'table t42 row 5')

statement ok
INSERT INTO t42 VALUES(6,2,'table t42 row 6')

statement ok
INSERT INTO t42 VALUES(7,5,'table t42 row 7')

statement ok
INSERT INTO t42 VALUES(8,9,'table t42 row 8')

statement ok
INSERT INTO t42 VALUES(9,1,'table t42 row 9')

statement ok
INSERT INTO t42 VALUES(10,4,'table t42 row 10')

statement ok
CREATE TABLE t43(
  a43 INTEGER PRIMARY KEY,
  b43 INTEGER,
  x43 VARCHAR(40)
)

statement ok
INSERT INTO t43 VALUES(1,2,'table t43 row 1')

statement ok
INSERT INTO t43 VALUES(2,3,'table t43 row 2')

statement ok
INSERT INTO t43 VALUES(3,8,'table t43 row 3')

statement ok
INSERT INTO t43 VALUES(4,5,'table t43 row 4')

statement ok
INSERT INTO t43 VALUES(5,10,'table t43 row 5')

statement ok
INSERT INTO t43 VALUES(6,6,'table t43 row 6')

statement ok
INSERT INTO t43 VALUES(7,4,'table t43 row 7')

statement ok
INSERT INTO t43 VALUES(8,1,'table t43 row 8')

statement ok
INSERT INTO t43 VALUES(9,9,'table t43 row 9')

statement ok
INSERT INTO t43 VALUES(10,7,'table t43 row 10')

statement ok
CREATE TABLE t44(
  a44 INTEGER PRIMARY KEY,
  b44 INTEGER,
  x44 VARCHAR(40)
)

statement ok
INSERT INTO t44 VALUES(1,8,'table t44 row 1')

statement ok
INSERT INTO t44 VALUES(2,10,'table t44 row 2')

statement ok
INSERT INTO t44 VALUES(3,5,'table t44 row 3')

statement ok
INSERT INTO t44 VALUES(4,3,'table t44 row 4')

statement ok
INSERT INTO t44 VALUES(5,9,'table t44 row 5')

statement ok
INSERT INTO t44 VALUES(6,6,'table t44 row 6')

statement ok
INSERT INTO t44 VALUES(7,2,'table t44 row 7')

statement ok
INSERT INTO t44 VALUES(8,7,'table t44 row 8')

statement ok
INSERT INTO t44 VALUES(9,1,'table t44 row 9')

statement ok
INSERT INTO t44 VALUES(10,4,'table t44 row 10')

statement ok
CREATE TABLE t45(
  a45 INTEGER PRIMARY KEY,
  b45 INTEGER,
  x45 VARCHAR(40)
)

statement ok
INSERT INTO t45 VALUES(1,2,'table t45 row 1')

statement ok
INSERT INTO t45 VALUES(2,4,'table t45 row 2')

statement ok
INSERT INTO t45 VALUES(3,10,'table t45 row 3')

statement ok
INSERT INTO t45 VALUES(4,9,'table t45 row 4')

statement ok
INSERT INTO t45 VALUES(5,8,'table t45 row 5')

statement ok
INSERT INTO t45 VALUES(6,7,'table t45 row 6')

statement ok
INSERT INTO t45 VALUES(7,3,'table t45 row 7')

statement ok
INSERT INTO t45 VALUES(8,5,'table t45 row 8')

statement ok
INSERT INTO t45 VALUES(9,1,'table t45 row 9')

statement ok
INSERT INTO t45 VALUES(10,6,'table t45 row 10')

statement ok
CREATE TABLE t46(
  a46 INTEGER PRIMARY KEY,
  b46 INTEGER,
  x46 VARCHAR(40)
)

statement ok
INSERT INTO t46 VALUES(1,1,'table t46 row 1')

statement ok
INSERT INTO t46 VALUES(2,8,'table t46 row 2')

statement ok
INSERT INTO t46 VALUES(3,7,'table t46 row 3')

statement ok
INSERT INTO t46 VALUES(4,5,'table t46 row 4')

statement ok
INSERT INTO t46 VALUES(5,9,'table t46 row 5')

statement ok
INSERT INTO t46 VALUES(6,4,'table t46 row 6')

statement ok
INSERT INTO t46 VALUES(7,2,'table t46 row 7')

statement ok
INSERT INTO t46 VALUES(8,10,'table t46 row 8')

statement ok
INSERT INTO t46 VALUES(9,6,'table t46 row 9')

statement ok
INSERT INTO t46 VALUES(10,3,'table t46 row 10')

statement ok
CREATE TABLE t47(
  a47 INTEGER PRIMARY KEY,
  b47 INTEGER,
  x47 VARCHAR(40)
)

statement ok
INSERT INTO t47 VALUES(1,10,'table t47 row 1')

statement ok
INSERT INTO t47 VALUES(2,7,'table t47 row 2')

statement ok
INSERT INTO t47 VALUES(3,6,'table t47 row 3')

statement ok
INSERT INTO t47 VALUES(4,9,'table t47 row 4')

statement ok
INSERT INTO t47 VALUES(5,1,'table t47 row 5')

statement ok
INSERT INTO t47 VALUES(6,4,'table t47 row 6')

statement ok
INSERT INTO t47 VALUES(7,2,'table t47 row 7')

statement ok
INSERT INTO t47 VALUES(8,3,'table t47 row 8')

statement ok
INSERT INTO t47 VALUES(9,5,'table t47 row 9')

statement ok
INSERT INTO t47 VALUES(10,8,'table t47 row 10')

statement ok
CREATE TABLE t48(
  a48 INTEGER PRIMARY KEY,
  b48 INTEGER,
  x48 VARCHAR(40)
)

statement ok
INSERT INTO t48 VALUES(1,5,'table t48 row 1')

statement ok
INSERT INTO t48 VALUES(2,9,'table t48 row 2')

statement ok
INSERT INTO t48 VALUES(3,3,'table t48 row 3')

statement ok
INSERT INTO t48 VALUES(4,6,'table t48 row 4')

statement ok
INSERT INTO t48 VALUES(5,2,'table t48 row 5')

statement ok
INSERT INTO t48 VALUES(6,1,'table t48 row 6')

statement ok
INSERT INTO t48 VALUES(7,7,'table t48 row 7')

statement ok
INSERT INTO t48 VALUES(8,8,'table t48 row 8')

statement ok
INSERT INTO t48 VALUES(9,10,'table t48 row 9')

statement ok
INSERT INTO t48 VALUES(10,4,'table t48 row 10')

statement ok
CREATE TABLE t49(
  a49 INTEGER PRIMARY KEY,
  b49 INTEGER,
  x49 VARCHAR(40)
)

statement ok
INSERT INTO t49 VALUES(1,9,'table t49 row 1')

statement ok
INSERT INTO t49 VALUES(2,10,'table t49 row 2')

statement ok
INSERT INTO t49 VALUES(3,4,'table t49 row 3')

statement ok
INSERT INTO t49 VALUES(4,6,'table t49 row 4')

statement ok
INSERT INTO t49 VALUES(5,5,'table t49 row 5')

statement ok
INSERT INTO t49 VALUES(6,2,'table t49 row 6')

statement ok
INSERT INTO t49 VALUES(7,3,'table t49 row 7')

statement ok
INSERT INTO t49 VALUES(8,1,'table t49 row 8')

statement ok
INSERT INTO t49 VALUES(9,8,'table t49 row 9')

statement ok
INSERT INTO t49 VALUES(10,7,'table t49 row 10')

statement ok
CREATE TABLE t50(
  a50 INTEGER PRIMARY KEY,
  b50 INTEGER,
  x50 VARCHAR(40)
)

statement ok
INSERT INTO t50 VALUES(1,8,'table t50 row 1')

statement ok
INSERT INTO t50 VALUES(2,4,'table t50 row 2')

statement ok
INSERT INTO t50 VALUES(3,6,'table t50 row 3')

statement ok
INSERT INTO t50 VALUES(4,9,'table t50 row 4')

statement ok
INSERT INTO t50 VALUES(5,2,'table t50 row 5')

statement ok
INSERT INTO t50 VALUES(6,7,'table t50 row 6')

statement ok
INSERT INTO t50 VALUES(7,1,'table t50 row 7')

statement ok
INSERT INTO t50 VALUES(8,3,'table t50 row 8')

statement ok
INSERT INTO t50 VALUES(9,5,'table t50 row 9')

statement ok
INSERT INTO t50 VALUES(10,10,'table t50 row 10')

statement ok
CREATE TABLE t51(
  a51 INTEGER PRIMARY KEY,
  b51 INTEGER,
  x51 VARCHAR(40)
)

statement ok
INSERT INTO t51 VALUES(1,5,'table t51 row 1')

statement ok
INSERT INTO t51 VALUES(2,3,'table t51 row 2')

statement ok
INSERT INTO t51 VALUES(3,10,'table t51 row 3')

statement ok
INSERT INTO t51 VALUES(4,7,'table t51 row 4')

statement ok
INSERT INTO t51 VALUES(5,6,'table t51 row 5')

statement ok
INSERT INTO t51 VALUES(6,2,'table t51 row 6')

statement ok
INSERT INTO t51 VALUES(7,9,'table t51 row 7')

statement ok
INSERT INTO t51 VALUES(8,4,'table t51 row 8')

statement ok
INSERT INTO t51 VALUES(9,8,'table t51 row 9')

statement ok
INSERT INTO t51 VALUES(10,1,'table t51 row 10')

statement ok
CREATE TABLE t52(
  a52 INTEGER PRIMARY KEY,
  b52 INTEGER,
  x52 VARCHAR(40)
)

statement ok
INSERT INTO t52 VALUES(1,5,'table t52 row 1')

statement ok
INSERT INTO t52 VALUES(2,8,'table t52 row 2')

statement ok
INSERT INTO t52 VALUES(3,6,'table t52 row 3')

statement ok
INSERT INTO t52 VALUES(4,3,'table t52 row 4')

statement ok
INSERT INTO t52 VALUES(5,4,'table t52 row 5')

statement ok
INSERT INTO t52 VALUES(6,10,'table t52 row 6')

statement ok
INSERT INTO t52 VALUES(7,7,'table t52 row 7')

statement ok
INSERT INTO t52 VALUES(8,1,'table t52 row 8')

statement ok
INSERT INTO t52 VALUES(9,9,'table t52 row 9')

statement ok
INSERT INTO t52 VALUES(10,2,'table t52 row 10')

statement ok
CREATE TABLE t53(
  a53 INTEGER PRIMARY KEY,
  b53 INTEGER,
  x53 VARCHAR(40)
)

statement ok
INSERT INTO t53 VALUES(1,8,'table t53 row 1')

statement ok
INSERT INTO t53 VALUES(2,9,'table t53 row 2')

statement ok
INSERT INTO t53 VALUES(3,5,'table t53 row 3')

statement ok
INSERT INTO t53 VALUES(4,2,'table t53 row 4')

statement ok
INSERT INTO t53 VALUES(5,1,'table t53 row 5')

statement ok
INSERT INTO t53 VALUES(6,6,'table t53 row 6')

statement ok
INSERT INTO t53 VALUES(7,10,'table t53 row 7')

statement ok
INSERT INTO t53 VALUES(8,3,'table t53 row 8')

statement ok
INSERT INTO t53 VALUES(9,7,'table t53 row 9')

statement ok
INSERT INTO t53 VALUES(10,4,'table t53 row 10')

statement ok
CREATE TABLE t54(
  a54 INTEGER PRIMARY KEY,
  b54 INTEGER,
  x54 VARCHAR(40)
)

statement ok
INSERT INTO t54 VALUES(1,6,'table t54 row 1')

statement ok
INSERT INTO t54 VALUES(2,7,'table t54 row 2')

statement ok
INSERT INTO t54 VALUES(3,2,'table t54 row 3')

statement ok
INSERT INTO t54 VALUES(4,9,'table t54 row 4')

statement ok
INSERT INTO t54 VALUES(5,8,'table t54 row 5')

statement ok
INSERT INTO t54 VALUES(6,5,'table t54 row 6')

statement ok
INSERT INTO t54 VALUES(7,4,'table t54 row 7')

statement ok
INSERT INTO t54 VALUES(8,1,'table t54 row 8')

statement ok
INSERT INTO t54 VALUES(9,10,'table t54 row 9')

statement ok
INSERT INTO t54 VALUES(10,3,'table t54 row 10')

statement ok
CREATE TABLE t55(
  a55 INTEGER PRIMARY KEY,
  b55 INTEGER,
  x55 VARCHAR(40)
)

statement ok
INSERT INTO t55 VALUES(1,1,'table t55 row 1')

statement ok
INSERT INTO t55 VALUES(2,3,'table t55 row 2')

statement ok
INSERT INTO t55 VALUES(3,7,'table t55 row 3')

statement ok
INSERT INTO t55 VALUES(4,9,'table t55 row 4')

statement ok
INSERT INTO t55 VALUES(5,5,'table t55 row 5')

statement ok
INSERT INTO t55 VALUES(6,4,'table t55 row 6')

statement ok
INSERT INTO t55 VALUES(7,10,'table t55 row 7')

statement ok
INSERT INTO t55 VALUES(8,8,'table t55 row 8')

statement ok
INSERT INTO t55 VALUES(9,6,'table t55 row 9')

statement ok
INSERT INTO t55 VALUES(10,2,'table t55 row 10')

statement ok
CREATE TABLE t56(
  a56 INTEGER PRIMARY KEY,
  b56 INTEGER,
  x56 VARCHAR(40)
)

statement ok
INSERT INTO t56 VALUES(1,7,'table t56 row 1')

statement ok
INSERT INTO t56 VALUES(2,3,'table t56 row 2')

statement ok
INSERT INTO t56 VALUES(3,6,'table t56 row 3')

statement ok
INSERT INTO t56 VALUES(4,9,'table t56 row 4')

statement ok
INSERT INTO t56 VALUES(5,2,'table t56 row 5')

statement ok
INSERT INTO t56 VALUES(6,8,'table t56 row 6')

statement ok
INSERT INTO t56 VALUES(7,5,'table t56 row 7')

statement ok
INSERT INTO t56 VALUES(8,1,'table t56 row 8')

statement ok
INSERT INTO t56 VALUES(9,10,'table t56 row 9')

statement ok
INSERT INTO t56 VALUES(10,4,'table t56 row 10')

statement ok
CREATE TABLE t57(
  a57 INTEGER PRIMARY KEY,
  b57 INTEGER,
  x57 VARCHAR(40)
)

statement ok
INSERT INTO t57 VALUES(1,9,'table t57 row 1')

statement ok
INSERT INTO t57 VALUES(2,5,'table t57 row 2')

statement ok
INSERT INTO t57 VALUES(3,4,'table t57 row 3')

statement ok
INSERT INTO t57 VALUES(4,8,'table t57 row 4')

statement ok
INSERT INTO t57 VALUES(5,2,'table t57 row 5')

statement ok
INSERT INTO t57 VALUES(6,3,'table t57 row 6')

statement ok
INSERT INTO t57 VALUES(7,10,'table t57 row 7')

statement ok
INSERT INTO t57 VALUES(8,7,'table t57 row 8')

statement ok
INSERT INTO t57 VALUES(9,1,'table t57 row 9')

statement ok
INSERT INTO t57 VALUES(10,6,'table t57 row 10')

statement ok
CREATE TABLE t58(
  a58 INTEGER PRIMARY KEY,
  b58 INTEGER,
  x58 VARCHAR(40)
)

statement ok
INSERT INTO t58 VALUES(1,10,'table t58 row 1')

statement ok
INSERT INTO t58 VALUES(2,3,'table t58 row 2')

statement ok
INSERT INTO t58 VALUES(3,2,'table t58 row 3')

statement ok
INSERT INTO t58 VALUES(4,8,'table t58 row 4')

statement ok
INSERT INTO t58 VALUES(5,4,'table t58 row 5')

statement ok
INSERT INTO t58 VALUES(6,1,'table t58 row 6')

statement ok
INSERT INTO t58 VALUES(7,5,'table t58 row 7')

statement ok
INSERT INTO t58 VALUES(8,6,'table t58 row 8')

statement ok
INSERT INTO t58 VALUES(9,7,'table t58 row 9')

statement ok
INSERT INTO t58 VALUES(10,9,'table t58 row 10')

statement ok
CREATE TABLE t59(
  a59 INTEGER PRIMARY KEY,
  b59 INTEGER,
  x59 VARCHAR(40)
)

statement ok
INSERT INTO t59 VALUES(1,9,'table t59 row 1')

statement ok
INSERT INTO t59 VALUES(2,10,'table t59 row 2')

statement ok
INSERT INTO t59 VALUES(3,4,'table t59 row 3')

statement ok
INSERT INTO t59 VALUES(4,2,'table t59 row 4')

statement ok
INSERT INTO t59 VALUES(5,1,'table t59 row 5')

statement ok
INSERT INTO t59 VALUES(6,3,'table t59 row 6')

statement ok
INSERT INTO t59 VALUES(7,7,'table t59 row 7')

statement ok
INSERT INTO t59 VALUES(8,5,'table t59 row 8')

statement ok
INSERT INTO t59 VALUES(9,8,'table t59 row 9')

statement ok
INSERT INTO t59 VALUES(10,6,'table t59 row 10')

statement ok
CREATE TABLE t60(
  a60 INTEGER PRIMARY KEY,
  b60 INTEGER,
  x60 VARCHAR(40)
)

statement ok
INSERT INTO t60 VALUES(1,8,'table t60 row 1')

statement ok
INSERT INTO t60 VALUES(2,10,'table t60 row 2')

statement ok
INSERT INTO t60 VALUES(3,1,'table t60 row 3')

statement ok
INSERT INTO t60 VALUES(4,7,'table t60 row 4')

statement ok
INSERT INTO t60 VALUES(5,5,'table t60 row 5')

statement ok
INSERT INTO t60 VALUES(6,9,'table t60 row 6')

statement ok
INSERT INTO t60 VALUES(7,3,'table t60 row 7')

statement ok
INSERT INTO t60 VALUES(8,2,'table t60 row 8')

statement ok
INSERT INTO t60 VALUES(9,6,'table t60 row 9')

statement ok
INSERT INTO t60 VALUES(10,4,'table t60 row 10')

statement ok
CREATE TABLE t61(
  a61 INTEGER PRIMARY KEY,
  b61 INTEGER,
  x61 VARCHAR(40)
)

statement ok
INSERT INTO t61 VALUES(1,9,'table t61 row 1')

statement ok
INSERT INTO t61 VALUES(2,1,'table t61 row 2')

statement ok
INSERT INTO t61 VALUES(3,7,'table t61 row 3')

statement ok
INSERT INTO t61 VALUES(4,4,'table t61 row 4')

statement ok
INSERT INTO t61 VALUES(5,2,'table t61 row 5')

statement ok
INSERT INTO t61 VALUES(6,5,'table t61 row 6')

statement ok
INSERT INTO t61 VALUES(7,8,'table t61 row 7')

statement ok
INSERT INTO t61 VALUES(8,10,'table t61 row 8')

statement ok
INSERT INTO t61 VALUES(9,3,'table t61 row 9')

statement ok
INSERT INTO t61 VALUES(10,6,'table t61 row 10')

statement ok
CREATE TABLE t62(
  a62 INTEGER PRIMARY KEY,
  b62 INTEGER,
  x62 VARCHAR(40)
)

statement ok
INSERT INTO t62 VALUES(1,10,'table t62 row 1')

statement ok
INSERT INTO t62 VALUES(2,1,'table t62 row 2')

statement ok
INSERT INTO t62 VALUES(3,2,'table t62 row 3')

statement ok
INSERT INTO t62 VALUES(4,3,'table t62 row 4')

statement ok
INSERT INTO t62 VALUES(5,5,'table t62 row 5')

statement ok
INSERT INTO t62 VALUES(6,7,'table t62 row 6')

statement ok
INSERT INTO t62 VALUES(7,8,'table t62 row 7')

statement ok
INSERT INTO t62 VALUES(8,6,'table t62 row 8')

statement ok
INSERT INTO t62 VALUES(9,9,'table t62 row 9')

statement ok
INSERT INTO t62 VALUES(10,4,'table t62 row 10')

statement ok
CREATE TABLE t63(
  a63 INTEGER PRIMARY KEY,
  b63 INTEGER,
  x63 VARCHAR(40)
)

statement ok
INSERT INTO t63 VALUES(1,4,'table t63 row 1')

statement ok
INSERT INTO t63 VALUES(2,5,'table t63 row 2')

statement ok
INSERT INTO t63 VALUES(3,1,'table t63 row 3')

statement ok
INSERT INTO t63 VALUES(4,9,'table t63 row 4')

statement ok
INSERT INTO t63 VALUES(5,6,'table t63 row 5')

statement ok
INSERT INTO t63 VALUES(6,2,'table t63 row 6')

statement ok
INSERT INTO t63 VALUES(7,10,'table t63 row 7')

statement ok
INSERT INTO t63 VALUES(8,8,'table t63 row 8')

statement ok
INSERT INTO t63 VALUES(9,3,'table t63 row 9')

statement ok
INSERT INTO t63 VALUES(10,7,'table t63 row 10')

statement ok
CREATE TABLE t64(
  a64 INTEGER PRIMARY KEY,
  b64 INTEGER,
  x64 VARCHAR(40)
)

statement ok
INSERT INTO t64 VALUES(1,4,'table t64 row 1')

statement ok
INSERT INTO t64 VALUES(2,2,'table t64 row 2')

statement ok
INSERT INTO t64 VALUES(3,6,'table t64 row 3')

statement ok
INSERT INTO t64 VALUES(4,10,'table t64 row 4')

statement ok
INSERT INTO t64 VALUES(5,9,'table t64 row 5')

statement ok
INSERT INTO t64 VALUES(6,1,'table t64 row 6')

statement ok
INSERT INTO t64 VALUES(7,5,'table t64 row 7')

statement ok
INSERT INTO t64 VALUES(8,7,'table t64 row 8')

statement ok
INSERT INTO t64 VALUES(9,8,'table t64 row 9')

statement ok
INSERT INTO t64 VALUES(10,3,'table t64 row 10')

query TTTT valuesort join-4-1
SELECT x29,x31,x51,x55
  FROM t51,t29,t31,t55
 WHERE a51=b31
   AND a29=6
   AND a29=b51
   AND b55=a31
----
table t29 row 6
table t31 row 9
table t51 row 5
table t55 row 4

query TTTT valuesort join-4-1
SELECT x29,x31,x51,x55
  FROM t31,t55,t29,t51
 WHERE b55=a31
   AND a51=b31
   AND a29=6
   AND b51=a29
----
table t29 row 6
table t31 row 9
table t51 row 5
table t55 row 4

query TTTT valuesort join-4-1
SELECT x29,x31,x51,x55
  FROM t51,t31,t29,t55
 WHERE b55=a31
   AND a29=6
   AND a29=b51
   AND a51=b31
----
table t29 row 6
table t31 row 9
table t51 row 5
table t55 row 4

query TTTT valuesort join-4-2
SELECT x27,x41,x54,x32
  FROM t41,t54,t27,t32
 WHERE a54=b41
   AND b27=a32
   AND b32=a41
   AND a54=2
----
table t27 row 9
table t32 row 5
table t41 row 4
table t54 row 2

query TTTT valuesort join-4-2
SELECT x27,x41,x54,x32
  FROM t54,t27,t32,t41
 WHERE a54=2
   AND b32=a41
   AND b41=a54
   AND b27=a32
----
table t27 row 9
table t32 row 5
table t41 row 4
table t54 row 2

query TTTT valuesort join-4-2
SELECT x27,x41,x54,x32
  FROM t27,t54,t32,t41
 WHERE a41=b32
   AND a54=2
   AND a32=b27
   AND a54=b41
----
table t27 row 9
table t32 row 5
table t41 row 4
table t54 row 2

query TTTT valuesort join-4-3
SELECT x61,x29,x6,x36
  FROM t61,t29,t6,t36
 WHERE b36=a61
   AND a6=b61
   AND a36=b29
   AND a6=6
----
table t29 row 5
table t36 row 10
table t6 row 6
table t61 row 10

query TTTT valuesort join-4-3
SELECT x61,x29,x6,x36
  FROM t36,t29,t6,t61
 WHERE b61=a6
   AND a36=b29
   AND a6=6
   AND a61=b36
----
table t29 row 5
table t36 row 10
table t6 row 6
table t61 row 10

query TTTT valuesort join-4-3
SELECT x61,x29,x6,x36
  FROM t61,t6,t29,t36
 WHERE a36=b29
   AND b36=a61
   AND a6=b61
   AND a6=6
----
table t29 row 5
table t36 row 10
table t6 row 6
table t61 row 10

query TTTT valuesort join-4-4
SELECT x31,x60,x61,x64
  FROM t31,t60,t61,t64
 WHERE b31=a61
   AND a64=b60
   AND a60=b61
   AND a64=9
----
table t31 row 10
table t60 row 6
table t61 row 10
table t64 row 9

query TTTT valuesort join-4-4
SELECT x31,x60,x61,x64
  FROM t31,t64,t61,t60
 WHERE a60=b61
   AND b31=a61
   AND b60=a64
   AND a64=9
----
table t31 row 10
table t60 row 6
table t61 row 10
table t64 row 9

query TTTT valuesort join-4-4
SELECT x31,x60,x61,x64
  FROM t60,t64,t61,t31
 WHERE b31=a61
   AND a64=9
   AND b60=a64
   AND b61=a60
----
table t31 row 10
table t60 row 6
table t61 row 10
table t64 row 9

query TTTTT valuesort join-5-1
SELECT x51,x30,x21,x20,x11
  FROM t30,t51,t11,t21,t20
 WHERE a51=b30
   AND a30=b11
   AND a21=b20
   AND a51=3
   AND b21=a11
----
table t11 row 5
table t20 row 9
table t21 row 5
table t30 row 4
table t51 row 3

query TTTTT valuesort join-5-1
SELECT x51,x30,x21,x20,x11
  FROM t20,t51,t11,t21,t30
 WHERE b21=a11
   AND b30=a51
   AND b20=a21
   AND a30=b11
   AND a51=3
----
table t11 row 5
table t20 row 9
table t21 row 5
table t30 row 4
table t51 row 3

query TTTTT valuesort join-5-1
SELECT x51,x30,x21,x20,x11
  FROM t30,t20,t51,t11,t21
 WHERE a51=3
   AND a51=b30
   AND a21=b20
   AND b21=a11
   AND b11=a30
----
table t11 row 5
table t20 row 9
table t21 row 5
table t30 row 4
table t51 row 3

query TTTTT valuesort join-5-2
SELECT x16,x64,x45,x29,x40
  FROM t40,t45,t16,t64,t29
 WHERE b16=a40
   AND a29=10
   AND a64=b40
   AND b45=a16
   AND b64=a29
----
table t16 row 10
table t29 row 10
table t40 row 1
table t45 row 3
table t64 row 4

query TTTTT valuesort join-5-2
SELECT x16,x64,x45,x29,x40
  FROM t16,t64,t29,t40,t45
 WHERE a29=10
   AND b45=a16
   AND b40=a64
   AND b16=a40
   AND b64=a29
----
table t16 row 10
table t29 row 10
table t40 row 1
table t45 row 3
table t64 row 4

query TTTTT valuesort join-5-2
SELECT x16,x64,x45,x29,x40
  FROM t64,t16,t45,t40,t29
 WHERE a29=b64
   AND a29=10
   AND b16=a40
   AND a16=b45
   AND a64=b40
----
table t16 row 10
table t29 row 10
table t40 row 1
table t45 row 3
table t64 row 4

query TTTTT valuesort join-5-3
SELECT x34,x50,x16,x12,x24
  FROM t12,t34,t16,t24,t50
 WHERE a34=9
   AND a12=b24
   AND a24=b50
   AND b12=a16
   AND b16=a34
----
table t12 row 4
table t16 row 6
table t24 row 6
table t34 row 9
table t50 row 3

query TTTTT valuesort join-5-3
SELECT x34,x50,x16,x12,x24
  FROM t50,t12,t34,t24,t16
 WHERE b16=a34
   AND a34=9
   AND b12=a16
   AND b50=a24
   AND b24=a12
----
table t12 row 4
table t16 row 6
table t24 row 6
table t34 row 9
table t50 row 3

query TTTTT valuesort join-5-3
SELECT x34,x50,x16,x12,x24
  FROM t50,t24,t34,t16,t12
 WHERE a34=9
   AND a24=b50
   AND b12=a16
   AND b16=a34
   AND a12=b24
----
table t12 row 4
table t16 row 6
table t24 row 6
table t34 row 9
table t50 row 3

query TTTTT valuesort join-5-4
SELECT x49,x11,x27,x47,x17
  FROM t47,t11,t17,t27,t49
 WHERE b11=a49
   AND b17=a11
   AND a27=b49
   AND a47=9
   AND a47=b27
----
table t11 row 8
table t17 row 7
table t27 row 8
table t47 row 9
table t49 row 9

query TTTTT valuesort join-5-4
SELECT x49,x11,x27,x47,x17
  FROM t11,t49,t47,t17,t27
 WHERE a27=b49
   AND b11=a49
   AND a47=9
   AND a11=b17
   AND a47=b27
----
table t11 row 8
table t17 row 7
table t27 row 8
table t47 row 9
table t49 row 9

query TTTTT valuesort join-5-4
SELECT x49,x11,x27,x47,x17
  FROM t49,t27,t11,t47,t17
 WHERE a47=b27
   AND b49=a27
   AND b11=a49
   AND a11=b17
   AND a47=9
----
table t11 row 8
table t17 row 7
table t27 row 8
table t47 row 9
table t49 row 9

query TTTTTT valuesort join-6-1
SELECT x60,x27,x36,x5,x32,x28
  FROM t28,t27,t32,t36,t5,t60
 WHERE b5=a27
   AND b36=a32
   AND a60=6
   AND b32=a28
   AND b27=a36
   AND b28=a60
----
table t27 row 2
table t28 row 1
table t32 row 6
table t36 row 3
table t5 row 6
table t60 row 6

query TTTTTT valuesort join-6-1
SELECT x60,x27,x36,x5,x32,x28
  FROM t28,t36,t60,t32,t5,t27
 WHERE a60=b28
   AND b27=a36
   AND a60=6
   AND a27=b5
   AND b36=a32
   AND a28=b32
----
table t27 row 2
table t28 row 1
table t32 row 6
table t36 row 3
table t5 row 6
table t60 row 6

query TTTTTT valuesort join-6-1
SELECT x60,x27,x36,x5,x32,x28
  FROM t60,t5,t28,t36,t32,t27
 WHERE a60=6
   AND b36=a32
   AND b28=a60
   AND a28=b32
   AND a27=b5
   AND a36=b27
----
table t27 row 2
table t28 row 1
table t32 row 6
table t36 row 3
table t5 row 6
table t60 row 6

query TTTTTT valuesort join-6-2
SELECT x48,x28,x52,x57,x45,x50
  FROM t50,t28,t57,t48,t52,t45
 WHERE b57=a52
   AND a48=3
   AND b52=a48
   AND a28=b50
   AND b45=a57
   AND b28=a45
----
table t28 row 9
table t45 row 7
table t48 row 3
table t50 row 4
table t52 row 4
table t57 row 3

query TTTTTT valuesort join-6-2
SELECT x48,x28,x52,x57,x45,x50
  FROM t50,t52,t28,t48,t57,t45
 WHERE a57=b45
   AND b57=a52
   AND a48=3
   AND a48=b52
   AND b50=a28
   AND b28=a45
----
table t28 row 9
table t45 row 7
table t48 row 3
table t50 row 4
table t52 row 4
table t57 row 3

query TTTTTT valuesort join-6-2
SELECT x48,x28,x52,x57,x45,x50
  FROM t48,t28,t57,t50,t45,t52
 WHERE b57=a52
   AND a45=b28
   AND a57=b45
   AND a48=3
   AND a28=b50
   AND a48=b52
----
table t28 row 9
table t45 row 7
table t48 row 3
table t50 row 4
table t52 row 4
table t57 row 3

query TTTTTT valuesort join-6-3
SELECT x37,x45,x6,x17,x41,x57
  FROM t6,t17,t57,t37,t41,t45
 WHERE b6=a37
   AND a37=2
   AND b57=a41
   AND b41=a45
   AND a57=b17
   AND a6=b45
----
table t17 row 2
table t37 row 2
table t41 row 5
table t45 row 9
table t57 row 2
table t6 row 1

query TTTTTT valuesort join-6-3
SELECT x37,x45,x6,x17,x41,x57
  FROM t57,t41,t45,t6,t37,t17
 WHERE a37=2
   AND a57=b17
   AND b41=a45
   AND b6=a37
   AND a6=b45
   AND a41=b57
----
table t17 row 2
table t37 row 2
table t41 row 5
table t45 row 9
table t57 row 2
table t6 row 1

query TTTTTT valuesort join-6-3
SELECT x37,x45,x6,x17,x41,x57
  FROM t37,t17,t41,t45,t57,t6
 WHERE a37=2
   AND a57=b17
   AND a37=b6
   AND b57=a41
   AND a45=b41
   AND a6=b45
----
table t17 row 2
table t37 row 2
table t41 row 5
table t45 row 9
table t57 row 2
table t6 row 1

query TTTTTT valuesort join-6-4
SELECT x6,x10,x28,x42,x4,x25
  FROM t10,t25,t28,t42,t4,t6
 WHERE b42=a10
   AND a28=b25
   AND b4=a6
   AND a6=4
   AND a4=b10
   AND b28=a42
----
table t10 row 6
table t25 row 9
table t28 row 4
table t4 row 4
table t42 row 4
table t6 row 4

query TTTTTT valuesort join-6-4
SELECT x6,x10,x28,x42,x4,x25
  FROM t42,t28,t25,t10,t6,t4
 WHERE b42=a10
   AND b10=a4
   AND a6=b4
   AND b28=a42
   AND a6=4
   AND a28=b25
----
table t10 row 6
table t25 row 9
table t28 row 4
table t4 row 4
table t42 row 4
table t6 row 4

query TTTTTT valuesort join-6-4
SELECT x6,x10,x28,x42,x4,x25
  FROM t42,t28,t10,t6,t25,t4
 WHERE b28=a42
   AND b10=a4
   AND a6=b4
   AND a10=b42
   AND a6=4
   AND b25=a28
----
table t10 row 6
table t25 row 9
table t28 row 4
table t4 row 4
table t42 row 4
table t6 row 4

query TTTTTTT valuesort join-7-1
SELECT x2,x3,x52,x22,x14,x49,x59
  FROM t52,t3,t22,t2,t49,t59,t14
 WHERE a49=b14
   AND a3=9
   AND a3=b59
   AND b52=a59
   AND b22=a2
   AND a52=b49
   AND a14=b2
----
table t14 row 3
table t2 row 4
table t22 row 4
table t3 row 9
table t49 row 9
table t52 row 8
table t59 row 1

query TTTTTTT valuesort join-7-1
SELECT x2,x3,x52,x22,x14,x49,x59
  FROM t49,t52,t59,t22,t14,t2,t3
 WHERE b22=a2
   AND b2=a14
   AND a3=9
   AND b14=a49
   AND a59=b52
   AND a3=b59
   AND b49=a52
----
table t14 row 3
table t2 row 4
table t22 row 4
table t3 row 9
table t49 row 9
table t52 row 8
table t59 row 1

query TTTTTTT valuesort join-7-1
SELECT x2,x3,x52,x22,x14,x49,x59
  FROM t49,t59,t52,t14,t2,t22,t3
 WHERE a49=b14
   AND a59=b52
   AND b2=a14
   AND b22=a2
   AND a3=9
   AND b49=a52
   AND a3=b59
----
table t14 row 3
table t2 row 4
table t22 row 4
table t3 row 9
table t49 row 9
table t52 row 8
table t59 row 1

query TTTTTTT valuesort join-7-2
SELECT x54,x17,x21,x6,x34,x49,x2
  FROM t54,t34,t6,t49,t2,t17,t21
 WHERE b6=a34
   AND a49=b54
   AND a21=4
   AND a54=b34
   AND a21=b2
   AND a17=b49
   AND b17=a2
----
table t17 row 8
table t2 row 9
table t21 row 4
table t34 row 8
table t49 row 9
table t54 row 4
table t6 row 6

query TTTTTTT valuesort join-7-2
SELECT x54,x17,x21,x6,x34,x49,x2
  FROM t21,t49,t54,t17,t2,t6,t34
 WHERE b34=a54
   AND a34=b6
   AND a21=b2
   AND a21=4
   AND a17=b49
   AND a49=b54
   AND b17=a2
----
table t17 row 8
table t2 row 9
table t21 row 4
table t34 row 8
table t49 row 9
table t54 row 4
table t6 row 6

query TTTTTTT valuesort join-7-2
SELECT x54,x17,x21,x6,x34,x49,x2
  FROM t21,t2,t49,t34,t54,t6,t17
 WHERE a54=b34
   AND b54=a49
   AND a21=b2
   AND a34=b6
   AND a17=b49
   AND a21=4
   AND a2=b17
----
table t17 row 8
table t2 row 9
table t21 row 4
table t34 row 8
table t49 row 9
table t54 row 4
table t6 row 6

query TTTTTTT valuesort join-7-3
SELECT x30,x41,x60,x39,x16,x45,x58
  FROM t39,t16,t45,t30,t41,t60,t58
 WHERE a60=b39
   AND b45=a41
   AND b30=a39
   AND a60=8
   AND b58=a16
   AND a58=b41
   AND b16=a30
----
table t16 row 2
table t30 row 3
table t39 row 10
table t41 row 3
table t45 row 7
table t58 row 3
table t60 row 8

query TTTTTTT valuesort join-7-3
SELECT x30,x41,x60,x39,x16,x45,x58
  FROM t16,t39,t58,t60,t45,t41,t30
 WHERE b30=a39
   AND b45=a41
   AND a60=8
   AND a16=b58
   AND a58=b41
   AND a30=b16
   AND b39=a60
----
table t16 row 2
table t30 row 3
table t39 row 10
table t41 row 3
table t45 row 7
table t58 row 3
table t60 row 8

query TTTTTTT valuesort join-7-3
SELECT x30,x41,x60,x39,x16,x45,x58
  FROM t45,t30,t41,t58,t16,t39,t60
 WHERE a16=b58
   AND b16=a30
   AND a39=b30
   AND a41=b45
   AND b41=a58
   AND a60=b39
   AND a60=8
----
table t16 row 2
table t30 row 3
table t39 row 10
table t41 row 3
table t45 row 7
table t58 row 3
table t60 row 8

query TTTTTTT valuesort join-7-4
SELECT x15,x53,x55,x62,x43,x20,x8
  FROM t15,t55,t8,t43,t62,t20,t53
 WHERE b43=a20
   AND a43=b55
   AND a8=b20
   AND b15=a55
   AND a62=b8
   AND b62=a53
   AND a53=2
----
table t15 row 1
table t20 row 7
table t43 row 10
table t53 row 2
table t55 row 7
table t62 row 3
table t8 row 1

query TTTTTTT valuesort join-7-4
SELECT x15,x53,x55,x62,x43,x20,x8
  FROM t8,t62,t20,t43,t53,t55,t15
 WHERE a8=b20
   AND b8=a62
   AND a53=2
   AND a53=b62
   AND b55=a43
   AND b15=a55
   AND a20=b43
----
table t15 row 1
table t20 row 7
table t43 row 10
table t53 row 2
table t55 row 7
table t62 row 3
table t8 row 1

query TTTTTTT valuesort join-7-4
SELECT x15,x53,x55,x62,x43,x20,x8
  FROM t43,t62,t20,t8,t55,t15,t53
 WHERE b20=a8
   AND a53=b62
   AND b43=a20
   AND a53=2
   AND a62=b8
   AND a55=b15
   AND b55=a43
----
table t15 row 1
table t20 row 7
table t43 row 10
table t53 row 2
table t55 row 7
table t62 row 3
table t8 row 1

query TTTTTTTT valuesort join-8-1
SELECT x22,x44,x30,x36,x48,x27,x2,x57
  FROM t48,t57,t27,t2,t36,t30,t44,t22
 WHERE b30=a48
   AND b44=a27
   AND a22=b27
   AND b22=a36
   AND b48=a57
   AND a57=7
   AND a30=b36
   AND a44=b2
----
table t2 row 6
table t22 row 7
table t27 row 4
table t30 row 5
table t36 row 9
table t44 row 10
table t48 row 7
table t57 row 7

query TTTTTTTT valuesort join-8-1
SELECT x22,x44,x30,x36,x48,x27,x2,x57
  FROM t2,t22,t27,t57,t36,t48,t44,t30
 WHERE a57=b48
   AND a48=b30
   AND b36=a30
   AND a22=b27
   AND a57=7
   AND b2=a44
   AND b22=a36
   AND b44=a27
----
table t2 row 6
table t22 row 7
table t27 row 4
table t30 row 5
table t36 row 9
table t44 row 10
table t48 row 7
table t57 row 7

query TTTTTTTT valuesort join-8-1
SELECT x22,x44,x30,x36,x48,x27,x2,x57
  FROM t57,t44,t30,t22,t2,t36,t27,t48
 WHERE a57=7
   AND a48=b30
   AND b48=a57
   AND b27=a22
   AND b22=a36
   AND a27=b44
   AND a30=b36
   AND a44=b2
----
table t2 row 6
table t22 row 7
table t27 row 4
table t30 row 5
table t36 row 9
table t44 row 10
table t48 row 7
table t57 row 7

query TTTTTTTT valuesort join-8-2
SELECT x15,x32,x36,x64,x46,x54,x45,x57
  FROM t32,t15,t46,t54,t36,t45,t57,t64
 WHERE a57=b54
   AND a46=b32
   AND b45=a15
   AND a36=3
   AND b15=a54
   AND a45=b46
   AND a32=b64
   AND a36=b57
----
table t15 row 2
table t32 row 6
table t36 row 3
table t45 row 1
table t46 row 1
table t54 row 1
table t57 row 6
table t64 row 3

query TTTTTTTT valuesort join-8-2
SELECT x15,x32,x36,x64,x46,x54,x45,x57
  FROM t45,t64,t46,t15,t36,t32,t57,t54
 WHERE b46=a45
   AND b64=a32
   AND b15=a54
   AND b57=a36
   AND a36=3
   AND a46=b32
   AND b54=a57
   AND a15=b45
----
table t15 row 2
table t32 row 6
table t36 row 3
table t45 row 1
table t46 row 1
table t54 row 1
table t57 row 6
table t64 row 3

query TTTTTTTT valuesort join-8-2
SELECT x15,x32,x36,x64,x46,x54,x45,x57
  FROM t54,t57,t46,t15,t64,t36,t45,t32
 WHERE b57=a36
   AND b32=a46
   AND b64=a32
   AND b54=a57
   AND a36=3
   AND a45=b46
   AND b15=a54
   AND b45=a15
----
table t15 row 2
table t32 row 6
table t36 row 3
table t45 row 1
table t46 row 1
table t54 row 1
table t57 row 6
table t64 row 3

query TTTTTTTT valuesort join-8-3
SELECT x38,x64,x1,x9,x26,x54,x41,x44
  FROM t44,t64,t9,t1,t38,t54,t26,t41
 WHERE a38=b26
   AND b44=a1
   AND b1=a9
   AND a41=8
   AND b64=a26
   AND b38=a54
   AND a64=b9
   AND a41=b54
----
table t1 row 4
table t26 row 9
table t38 row 3
table t41 row 8
table t44 row 10
table t54 row 5
table t64 row 5
table t9 row 4

query TTTTTTTT valuesort join-8-3
SELECT x38,x64,x1,x9,x26,x54,x41,x44
  FROM t1,t41,t26,t9,t38,t64,t44,t54
 WHERE b64=a26
   AND a41=8
   AND b38=a54
   AND a64=b9
   AND a38=b26
   AND b54=a41
   AND a9=b1
   AND a1=b44
----
table t1 row 4
table t26 row 9
table t38 row 3
table t41 row 8
table t44 row 10
table t54 row 5
table t64 row 5
table t9 row 4

query TTTTTTTT valuesort join-8-3
SELECT x38,x64,x1,x9,x26,x54,x41,x44
  FROM t26,t1,t44,t64,t54,t41,t38,t9
 WHERE a41=8
   AND b1=a9
   AND b26=a38
   AND b64=a26
   AND b38=a54
   AND b54=a41
   AND a1=b44
   AND b9=a64
----
table t1 row 4
table t26 row 9
table t38 row 3
table t41 row 8
table t44 row 10
table t54 row 5
table t64 row 5
table t9 row 4

query TTTTTTTT valuesort join-8-4
SELECT x43,x24,x22,x3,x55,x58,x31,x17
  FROM t58,t43,t3,t17,t24,t31,t55,t22
 WHERE b31=a43
   AND b24=a22
   AND b43=a58
   AND a55=8
   AND a3=b17
   AND a24=b3
   AND a55=b22
   AND a17=b58
----
table t17 row 10
table t22 row 6
table t24 row 7
table t3 row 10
table t31 row 4
table t43 row 8
table t55 row 8
table t58 row 1

query TTTTTTTT valuesort join-8-4
SELECT x43,x24,x22,x3,x55,x58,x31,x17
  FROM t17,t24,t3,t31,t22,t43,t58,t55
 WHERE a22=b24
   AND a24=b3
   AND a58=b43
   AND a17=b58
   AND a3=b17
   AND a43=b31
   AND a55=8
   AND a55=b22
----
table t17 row 10
table t22 row 6
table t24 row 7
table t3 row 10
table t31 row 4
table t43 row 8
table t55 row 8
table t58 row 1

query TTTTTTTT valuesort join-8-4
SELECT x43,x24,x22,x3,x55,x58,x31,x17
  FROM t3,t24,t31,t22,t55,t58,t17,t43
 WHERE a55=8
   AND b58=a17
   AND a24=b3
   AND b43=a58
   AND a3=b17
   AND a22=b24
   AND a43=b31
   AND a55=b22
----
table t17 row 10
table t22 row 6
table t24 row 7
table t3 row 10
table t31 row 4
table t43 row 8
table t55 row 8
table t58 row 1

query TTTTTTTTT valuesort join-9-1
SELECT x54,x16,x32,x29,x38,x39,x42,x24,x21
  FROM t54,t32,t16,t29,t24,t39,t42,t38,t21
 WHERE a29=7
   AND a21=b54
   AND b39=a24
   AND a38=b21
   AND b42=a16
   AND b32=a29
   AND a32=b24
   AND b16=a39
   AND a42=b38
----
9 values hashing to 166ee0d0aefa2dbbf17f87ec3995596f

query TTTTTTTTT valuesort join-9-1
SELECT x54,x16,x32,x29,x38,x39,x42,x24,x21
  FROM t42,t38,t21,t24,t32,t29,t16,t39,t54
 WHERE a29=b32
   AND b39=a24
   AND b21=a38
   AND a42=b38
   AND a21=b54
   AND a39=b16
   AND a29=7
   AND b24=a32
   AND b42=a16
----
9 values hashing to 166ee0d0aefa2dbbf17f87ec3995596f

query TTTTTTTTT valuesort join-9-1
SELECT x54,x16,x32,x29,x38,x39,x42,x24,x21
  FROM t39,t29,t16,t32,t24,t38,t21,t42,t54
 WHERE a24=b39
   AND a32=b24
   AND a21=b54
   AND b32=a29
   AND a16=b42
   AND a42=b38
   AND a29=7
   AND a38=b21
   AND a39=b16
----
9 values hashing to 166ee0d0aefa2dbbf17f87ec3995596f

query TTTTTTTTT valuesort join-9-2
SELECT x9,x64,x24,x18,x44,x27,x14,x5,x56
  FROM t27,t64,t44,t14,t9,t56,t5,t24,t18
 WHERE a5=b64
   AND b18=a14
   AND a56=b24
   AND b14=a44
   AND a24=b5
   AND b9=a18
   AND a27=3
   AND a27=b56
   AND b44=a64
----
9 values hashing to 92b3729db63a544fe6bf8f96567f5035

query TTTTTTTTT valuesort join-9-2
SELECT x9,x64,x24,x18,x44,x27,x14,x5,x56
  FROM t44,t14,t64,t27,t9,t5,t56,t24,t18
 WHERE a14=b18
   AND a24=b5
   AND b24=a56
   AND b14=a44
   AND b64=a5
   AND a18=b9
   AND a27=3
   AND b44=a64
   AND b56=a27
----
9 values hashing to 92b3729db63a544fe6bf8f96567f5035

query TTTTTTTTT valuesort join-9-2
SELECT x9,x64,x24,x18,x44,x27,x14,x5,x56
  FROM t5,t14,t27,t44,t9,t24,t56,t18,t64
 WHERE a64=b44
   AND b9=a18
   AND a27=3
   AND b18=a14
   AND a5=b64
   AND b56=a27
   AND a56=b24
   AND b14=a44
   AND b5=a24
----
9 values hashing to 92b3729db63a544fe6bf8f96567f5035

query TTTTTTTTT valuesort join-9-3
SELECT x20,x19,x35,x44,x31,x62,x57,x6,x30
  FROM t31,t19,t62,t20,t30,t6,t35,t57,t44
 WHERE a44=10
   AND a20=b6
   AND a62=b57
   AND b62=a19
   AND a57=b20
   AND a44=b19
   AND b30=a6
   AND a30=b35
   AND b31=a35
----
9 values hashing to 65903127b1d11d47d91dbb06b9ac3b09

query TTTTTTTTT valuesort join-9-3
SELECT x20,x19,x35,x44,x31,x62,x57,x6,x30
  FROM t19,t44,t57,t20,t6,t31,t35,t62,t30
 WHERE b30=a6
   AND a44=10
   AND a30=b35
   AND a20=b6
   AND b62=a19
   AND a44=b19
   AND a62=b57
   AND a35=b31
   AND a57=b20
----
9 values hashing to 65903127b1d11d47d91dbb06b9ac3b09

query TTTTTTTTT valuesort join-9-3
SELECT x20,x19,x35,x44,x31,x62,x57,x6,x30
  FROM t57,t19,t6,t44,t30,t35,t31,t62,t20
 WHERE a6=b30
   AND b19=a44
   AND b57=a62
   AND a44=10
   AND a19=b62
   AND b20=a57
   AND a30=b35
   AND a20=b6
   AND b31=a35
----
9 values hashing to 65903127b1d11d47d91dbb06b9ac3b09

query TTTTTTTTT valuesort join-9-4
SELECT x52,x40,x41,x2,x58,x14,x31,x19,x10
  FROM t58,t41,t52,t31,t14,t10,t19,t40,t2
 WHERE b52=a19
   AND a41=b58
   AND a31=b41
   AND b19=a40
   AND b31=a52
   AND a10=b2
   AND a14=5
   AND b10=a58
   AND a14=b40
----
9 values hashing to 696f1809d62941b8c0f51148ad855f22

query TTTTTTTTT valuesort join-9-4
SELECT x52,x40,x41,x2,x58,x14,x31,x19,x10
  FROM t19,t31,t2,t14,t41,t10,t40,t52,t58
 WHERE a14=5
   AND b40=a14
   AND b58=a41
   AND b2=a10
   AND a40=b19
   AND a31=b41
   AND b10=a58
   AND b31=a52
   AND b52=a19
----
9 values hashing to 696f1809d62941b8c0f51148ad855f22

query TTTTTTTTT valuesort join-9-4
SELECT x52,x40,x41,x2,x58,x14,x31,x19,x10
  FROM t40,t10,t58,t19,t52,t31,t2,t14,t41
 WHERE a14=5
   AND a10=b2
   AND a19=b52
   AND a41=b58
   AND a31=b41
   AND a14=b40
   AND b31=a52
   AND a40=b19
   AND b10=a58
----
9 values hashing to 696f1809d62941b8c0f51148ad855f22

query TTTTTTTTTT valuesort join-10-1
SELECT x17,x41,x55,x7,x64,x42,x43,x58,x21,x27
  FROM t55,t21,t41,t17,t42,t43,t7,t27,t64,t58
 WHERE a7=9
   AND a43=b55
   AND b43=a42
   AND b27=a55
   AND a64=b21
   AND a21=b42
   AND b41=a7
   AND a58=b64
   AND a41=b58
   AND b17=a27
----
10 values hashing to 2d468426646060ea365f79815fa8d4ee

query TTTTTTTTTT valuesort join-10-1
SELECT x17,x41,x55,x7,x64,x42,x43,x58,x21,x27
  FROM t41,t55,t43,t64,t27,t42,t17,t58,t21,t7
 WHERE a27=b17
   AND b21=a64
   AND b64=a58
   AND a7=9
   AND b58=a41
   AND b42=a21
   AND a43=b55
   AND a55=b27
   AND a42=b43
   AND b41=a7
----
10 values hashing to 2d468426646060ea365f79815fa8d4ee

query TTTTTTTTTT valuesort join-10-1
SELECT x17,x41,x55,x7,x64,x42,x43,x58,x21,x27
  FROM t41,t64,t7,t43,t21,t58,t42,t27,t17,t55
 WHERE b21=a64
   AND b55=a43
   AND b27=a55
   AND b43=a42
   AND a7=b41
   AND a21=b42
   AND b58=a41
   AND a7=9
   AND a58=b64
   AND b17=a27
----
10 values hashing to 2d468426646060ea365f79815fa8d4ee

query TTTTTTTTTT valuesort join-10-2
SELECT x45,x21,x32,x25,x24,x43,x19,x39,x55,x35
  FROM t39,t25,t24,t55,t45,t19,t21,t32,t43,t35
 WHERE a45=b21
   AND a32=b35
   AND a39=b19
   AND b43=a55
   AND b39=a35
   AND b32=a25
   AND a24=8
   AND a24=b45
   AND a43=b25
   AND b55=a21
----
10 values hashing to f1d28805ecb5ec8ca1a2bbedcf3b6dac

query TTTTTTTTTT valuesort join-10-2
SELECT x45,x21,x32,x25,x24,x43,x19,x39,x55,x35
  FROM t25,t35,t21,t32,t24,t55,t45,t43,t39,t19
 WHERE b19=a39
   AND a24=8
   AND a21=b55
   AND a32=b35
   AND b39=a35
   AND b43=a55
   AND b45=a24
   AND a25=b32
   AND a43=b25
   AND a45=b21
----
10 values hashing to f1d28805ecb5ec8ca1a2bbedcf3b6dac

query TTTTTTTTTT valuesort join-10-2
SELECT x45,x21,x32,x25,x24,x43,x19,x39,x55,x35
  FROM t19,t55,t35,t45,t25,t21,t39,t32,t43,t24
 WHERE b35=a32
   AND b45=a24
   AND b39=a35
   AND a24=8
   AND b21=a45
   AND b19=a39
   AND a43=b25
   AND b32=a25
   AND a21=b55
   AND a55=b43
----
10 values hashing to f1d28805ecb5ec8ca1a2bbedcf3b6dac

query TTTTTTTTTT valuesort join-10-3
SELECT x24,x30,x38,x29,x46,x23,x50,x43,x61,x10
  FROM t23,t43,t10,t38,t50,t61,t46,t29,t24,t30
 WHERE a29=b50
   AND b29=a61
   AND a24=b38
   AND a30=b43
   AND b61=a43
   AND a46=b30
   AND b46=a38
   AND a23=7
   AND b10=a50
   AND a23=b24
----
10 values hashing to df3fe449825823778cf5d7324ff311c4

query TTTTTTTTTT valuesort join-10-3
SELECT x24,x30,x38,x29,x46,x23,x50,x43,x61,x10
  FROM t46,t29,t43,t61,t24,t50,t38,t23,t10,t30
 WHERE b61=a43
   AND a23=7
   AND a23=b24
   AND b38=a24
   AND b29=a61
   AND b46=a38
   AND a29=b50
   AND a50=b10
   AND b43=a30
   AND a46=b30
----
10 values hashing to df3fe449825823778cf5d7324ff311c4

query TTTTTTTTTT valuesort join-10-3
SELECT x24,x30,x38,x29,x46,x23,x50,x43,x61,x10
  FROM t10,t38,t23,t61,t24,t46,t43,t50,t30,t29
 WHERE a23=7
   AND a29=b50
   AND b46=a38
   AND a24=b38
   AND a46=b30
   AND b24=a23
   AND a43=b61
   AND a50=b10
   AND a30=b43
   AND b29=a61
----
10 values hashing to df3fe449825823778cf5d7324ff311c4

query TTTTTTTTTT valuesort join-10-4
SELECT x23,x56,x45,x58,x38,x64,x30,x14,x13,x33
  FROM t45,t33,t58,t30,t56,t23,t14,t13,t38,t64
 WHERE b14=a38
   AND a23=5
   AND a58=b13
   AND a13=b64
   AND a45=b33
   AND b58=a30
   AND a33=b38
   AND b30=a56
   AND b56=a23
   AND a64=b45
----
10 values hashing to bb677e2388f678b0c69251be819ef7dc

query TTTTTTTTTT valuesort join-10-4
SELECT x23,x56,x45,x58,x38,x64,x30,x14,x13,x33
  FROM t58,t14,t33,t30,t45,t64,t56,t13,t23,t38
 WHERE a45=b33
   AND a23=5
   AND b64=a13
   AND a56=b30
   AND b13=a58
   AND b45=a64
   AND b14=a38
   AND b56=a23
   AND a30=b58
   AND b38=a33
----
10 values hashing to bb677e2388f678b0c69251be819ef7dc

query TTTTTTTTTT valuesort join-10-4
SELECT x23,x56,x45,x58,x38,x64,x30,x14,x13,x33
  FROM t33,t64,t56,t58,t14,t13,t30,t45,t38,t23
 WHERE b56=a23
   AND b38=a33
   AND a13=b64
   AND b30=a56
   AND b13=a58
   AND b45=a64
   AND a45=b33
   AND a38=b14
   AND a23=5
   AND b58=a30
----
10 values hashing to bb677e2388f678b0c69251be819ef7dc

query TTTTTTTTTTT valuesort join-11-1
SELECT x14,x32,x15,x3,x59,x64,x5,x7,x38,x28,x51
  FROM t32,t14,t28,t5,t7,t59,t3,t64,t51,t38,t15
 WHERE a32=b51
   AND a64=b7
   AND a5=b14
   AND a14=b3
   AND a51=b64
   AND b15=a38
   AND a38=1
   AND a28=b59
   AND a3=b32
   AND a7=b28
   AND a15=b5
----
11 values hashing to 9440792c857e2e97b4017e2983d44691

query TTTTTTTTTTT valuesort join-11-1
SELECT x14,x32,x15,x3,x59,x64,x5,x7,x38,x28,x51
  FROM t3,t28,t64,t5,t15,t51,t38,t7,t59,t14,t32
 WHERE a38=1
   AND a64=b7
   AND b5=a15
   AND a14=b3
   AND a38=b15
   AND a28=b59
   AND b28=a7
   AND a3=b32
   AND b14=a5
   AND b64=a51
   AND b51=a32
----
11 values hashing to 9440792c857e2e97b4017e2983d44691

query TTTTTTTTTTT valuesort join-11-1
SELECT x14,x32,x15,x3,x59,x64,x5,x7,x38,x28,x51
  FROM t38,t32,t3,t14,t51,t7,t28,t5,t15,t59,t64
 WHERE a28=b59
   AND b51=a32
   AND b15=a38
   AND a38=1
   AND b32=a3
   AND a64=b7
   AND b14=a5
   AND a7=b28
   AND a51=b64
   AND a15=b5
   AND a14=b3
----
11 values hashing to 9440792c857e2e97b4017e2983d44691

query TTTTTTTTTTT valuesort join-11-2
SELECT x32,x7,x37,x60,x29,x58,x62,x17,x4,x22,x53
  FROM t17,t37,t4,t60,t7,t22,t32,t53,t58,t62,t29
 WHERE a37=b22
   AND a60=b4
   AND a53=b60
   AND b32=a4
   AND b53=a62
   AND b37=a32
   AND a58=b7
   AND a17=b62
   AND a29=10
   AND b17=a29
   AND a22=b58
----
11 values hashing to 11d33c3ff2941dc7561aa9582a026fe9

query TTTTTTTTTTT valuesort join-11-2
SELECT x32,x7,x37,x60,x29,x58,x62,x17,x4,x22,x53
  FROM t37,t17,t53,t60,t7,t62,t58,t32,t29,t4,t22
 WHERE b62=a17
   AND a4=b32
   AND a53=b60
   AND b17=a29
   AND b37=a32
   AND b7=a58
   AND a37=b22
   AND a22=b58
   AND a29=10
   AND b53=a62
   AND b4=a60
----
11 values hashing to 11d33c3ff2941dc7561aa9582a026fe9

query TTTTTTTTTTT valuesort join-11-2
SELECT x32,x7,x37,x60,x29,x58,x62,x17,x4,x22,x53
  FROM t37,t22,t60,t4,t32,t53,t62,t58,t29,t17,t7
 WHERE a29=10
   AND b58=a22
   AND b53=a62
   AND a53=b60
   AND b17=a29
   AND a60=b4
   AND b22=a37
   AND a4=b32
   AND a32=b37
   AND a58=b7
   AND b62=a17
----
11 values hashing to 11d33c3ff2941dc7561aa9582a026fe9

query TTTTTTTTTTT valuesort join-11-3
SELECT x32,x34,x57,x11,x52,x51,x12,x47,x20,x38,x36
  FROM t32,t36,t34,t12,t20,t52,t11,t47,t38,t57,t51
 WHERE a52=b47
   AND a11=b32
   AND b20=a32
   AND b12=a47
   AND b36=a38
   AND a34=3
   AND a36=b51
   AND b52=a34
   AND b38=a12
   AND a57=b11
   AND b57=a51
----
11 values hashing to f876acfea2d5bd35b9b0585b749ebcd6

query TTTTTTTTTTT valuesort join-11-3
SELECT x32,x34,x57,x11,x52,x51,x12,x47,x20,x38,x36
  FROM t20,t34,t12,t47,t51,t11,t36,t38,t52,t57,t32
 WHERE a11=b32
   AND a12=b38
   AND a51=b57
   AND b11=a57
   AND a52=b47
   AND b36=a38
   AND b51=a36
   AND a34=b52
   AND a34=3
   AND a47=b12
   AND b20=a32
----
11 values hashing to f876acfea2d5bd35b9b0585b749ebcd6

query TTTTTTTTTTT valuesort join-11-3
SELECT x32,x34,x57,x11,x52,x51,x12,x47,x20,x38,x36
  FROM t47,t11,t34,t51,t20,t38,t36,t52,t57,t12,t32
 WHERE b38=a12
   AND a47=b12
   AND b52=a34
   AND a52=b47
   AND b51=a36
   AND b11=a57
   AND a11=b32
   AND b20=a32
   AND a38=b36
   AND b57=a51
   AND a34=3
----
11 values hashing to f876acfea2d5bd35b9b0585b749ebcd6

query TTTTTTTTTTT valuesort join-11-4
SELECT x24,x31,x40,x52,x64,x19,x30,x15,x54,x5,x46
  FROM t52,t46,t15,t40,t31,t24,t5,t54,t64,t30,t19
 WHERE a46=b5
   AND b15=a64
   AND a19=3
   AND b64=a40
   AND a52=b31
   AND a30=b40
   AND b54=a19
   AND b46=a24
   AND b52=a15
   AND a31=b24
   AND b30=a54
----
11 values hashing to e28caea602db4ab2bf416639a7891342

query TTTTTTTTTTT valuesort join-11-4
SELECT x24,x31,x40,x52,x64,x19,x30,x15,x54,x5,x46
  FROM t52,t30,t19,t46,t40,t54,t24,t31,t15,t64,t5
 WHERE a40=b64
   AND b31=a52
   AND a31=b24
   AND a15=b52
   AND b5=a46
   AND a64=b15
   AND a30=b40
   AND a19=3
   AND a19=b54
   AND b46=a24
   AND b30=a54
----
11 values hashing to e28caea602db4ab2bf416639a7891342

query TTTTTTTTTTT valuesort join-11-4
SELECT x24,x31,x40,x52,x64,x19,x30,x15,x54,x5,x46
  FROM t24,t64,t30,t46,t5,t40,t15,t54,t31,t19,t52
 WHERE b30=a54
   AND b54=a19
   AND a64=b15
   AND b31=a52
   AND a19=3
   AND b40=a30
   AND b52=a15
   AND b64=a40
   AND b24=a31
   AND a46=b5
   AND b46=a24
----
11 values hashing to e28caea602db4ab2bf416639a7891342

query TTTTTTTTTTTT valuesort join-12-1
SELECT x2,x49,x18,x47,x29,x56,x60,x9,x31,x34,x53,x11
  FROM t11,t9,t47,t56,t53,t60,t34,t2,t29,t18,t31,t49
 WHERE a9=b11
   AND b53=a11
   AND a49=b9
   AND a31=3
   AND a60=b56
   AND a56=b34
   AND a29=b49
   AND a2=b18
   AND b2=a47
   AND a34=b47
   AND b29=a31
   AND b60=a53
----
12 values hashing to a955a42753de307acab852d51243ec75

query TTTTTTTTTTTT valuesort join-12-1
SELECT x2,x49,x18,x47,x29,x56,x60,x9,x31,x34,x53,x11
  FROM t9,t49,t31,t56,t34,t60,t18,t53,t29,t2,t11,t47
 WHERE b47=a34
   AND a47=b2
   AND a31=b29
   AND b56=a60
   AND a11=b53
   AND b34=a56
   AND a29=b49
   AND b60=a53
   AND a9=b11
   AND a31=3
   AND b18=a2
   AND a49=b9
----
12 values hashing to a955a42753de307acab852d51243ec75

query TTTTTTTTTTTT valuesort join-12-1
SELECT x2,x49,x18,x47,x29,x56,x60,x9,x31,x34,x53,x11
  FROM t49,t11,t29,t60,t31,t56,t2,t47,t18,t9,t34,t53
 WHERE b11=a9
   AND a47=b2
   AND b9=a49
   AND a29=b49
   AND a34=b47
   AND a53=b60
   AND a60=b56
   AND b29=a31
   AND a56=b34
   AND a31=3
   AND b18=a2
   AND a11=b53
----
12 values hashing to a955a42753de307acab852d51243ec75

query TTTTTTTTTTTT valuesort join-12-2
SELECT x7,x3,x62,x57,x47,x25,x51,x55,x44,x49,x53,x32
  FROM t7,t62,t3,t49,t25,t53,t32,t51,t47,t57,t44,t55
 WHERE b44=a7
   AND b3=a44
   AND a51=b53
   AND a49=7
   AND b47=a62
   AND b57=a3
   AND b55=a25
   AND b25=a57
   AND a47=b32
   AND b62=a49
   AND a55=b51
   AND b7=a32
----
12 values hashing to 7d2f962859dc89a3f310d7759ee73d21

query TTTTTTTTTTTT valuesort join-12-2
SELECT x7,x3,x62,x57,x47,x25,x51,x55,x44,x49,x53,x32
  FROM t47,t55,t62,t25,t32,t7,t3,t57,t53,t51,t44,t49
 WHERE b32=a47
   AND b51=a55
   AND b7=a32
   AND a49=b62
   AND b53=a51
   AND b25=a57
   AND b57=a3
   AND a44=b3
   AND a62=b47
   AND a49=7
   AND a7=b44
   AND a25=b55
----
12 values hashing to 7d2f962859dc89a3f310d7759ee73d21

query TTTTTTTTTTTT valuesort join-12-2
SELECT x7,x3,x62,x57,x47,x25,x51,x55,x44,x49,x53,x32
  FROM t53,t32,t51,t44,t57,t55,t3,t49,t62,t25,t47,t7
 WHERE a55=b51
   AND b25=a57
   AND b7=a32
   AND b3=a44
   AND a49=7
   AND a25=b55
   AND b44=a7
   AND a3=b57
   AND a47=b32
   AND b53=a51
   AND b47=a62
   AND a49=b62
----
12 values hashing to 7d2f962859dc89a3f310d7759ee73d21

query TTTTTTTTTTTT valuesort join-12-3
SELECT x63,x30,x61,x47,x53,x46,x28,x3,x5,x1,x52,x49
  FROM t46,t5,t53,t47,t49,t63,t30,t28,t3,t61,t1,t52
 WHERE a46=b61
   AND b3=a61
   AND b63=a3
   AND b52=a63
   AND a5=b28
   AND a53=b30
   AND b1=a28
   AND a5=1
   AND b46=a47
   AND b47=a49
   AND b49=a30
   AND b53=a1
----
12 values hashing to 726ee917ef6e7bf3ac731bf58fb1b0ae

query TTTTTTTTTTTT valuesort join-12-3
SELECT x63,x30,x61,x47,x53,x46,x28,x3,x5,x1,x52,x49
  FROM t46,t53,t47,t28,t63,t30,t61,t49,t1,t52,t5,t3
 WHERE a5=1
   AND a3=b63
   AND a53=b30
   AND a46=b61
   AND a1=b53
   AND a49=b47
   AND b49=a30
   AND a5=b28
   AND a63=b52
   AND b1=a28
   AND b46=a47
   AND a61=b3
----
12 values hashing to 726ee917ef6e7bf3ac731bf58fb1b0ae

query TTTTTTTTTTTT valuesort join-12-3
SELECT x63,x30,x61,x47,x53,x46,x28,x3,x5,x1,x52,x49
  FROM t46,t3,t1,t5,t61,t47,t30,t52,t49,t63,t28,t53
 WHERE b53=a1
   AND b61=a46
   AND a5=b28
   AND b1=a28
   AND a47=b46
   AND a3=b63
   AND a61=b3
   AND b49=a30
   AND a5=1
   AND b30=a53
   AND a49=b47
   AND b52=a63
----
12 values hashing to 726ee917ef6e7bf3ac731bf58fb1b0ae

query TTTTTTTTTTTT valuesort join-12-4
SELECT x16,x19,x3,x50,x59,x53,x32,x46,x13,x28,x25,x43
  FROM t25,t3,t16,t46,t50,t28,t53,t43,t32,t13,t59,t19
 WHERE a3=b16
   AND a59=b3
   AND a25=9
   AND a46=b32
   AND b43=a19
   AND b19=a25
   AND b50=a53
   AND b53=a13
   AND b46=a43
   AND a32=b13
   AND b59=a50
   AND b28=a16
----
12 values hashing to 3b4cb646b3d0f7a1eefdccf924879c56

query TTTTTTTTTTTT valuesort join-12-4
SELECT x16,x19,x3,x50,x59,x53,x32,x46,x13,x28,x25,x43
  FROM t59,t43,t25,t53,t32,t28,t19,t3,t16,t13,t46,t50
 WHERE b3=a59
   AND b16=a3
   AND b59=a50
   AND a16=b28
   AND b13=a32
   AND a46=b32
   AND a25=9
   AND b46=a43
   AND b43=a19
   AND b53=a13
   AND a25=b19
   AND b50=a53
----
12 values hashing to 3b4cb646b3d0f7a1eefdccf924879c56

query TTTTTTTTTTTT valuesort join-12-4
SELECT x16,x19,x3,x50,x59,x53,x32,x46,x13,x28,x25,x43
  FROM t13,t59,t46,t3,t19,t50,t53,t32,t43,t25,t28,t16
 WHERE b32=a46
   AND b50=a53
   AND b53=a13
   AND a25=b19
   AND b43=a19
   AND b59=a50
   AND a16=b28
   AND a3=b16
   AND a43=b46
   AND a59=b3
   AND a32=b13
   AND a25=9
----
12 values hashing to 3b4cb646b3d0f7a1eefdccf924879c56

query TTTTTTTTTTTTT valuesort join-13-1
SELECT x61,x21,x29,x48,x7,x51,x58,x39,x19,x22,x42,x18,x11
  FROM t7,t58,t18,t48,t19,t39,t51,t42,t29,t22,t11,t21,t61
 WHERE b19=a22
   AND a19=b39
   AND a39=b29
   AND a61=b48
   AND b51=a7
   AND b11=a42
   AND b21=a51
   AND b18=a58
   AND a48=b22
   AND a29=b42
   AND a7=4
   AND a18=b61
   AND b58=a21
----
13 values hashing to 3099bbc917c569069858590fe56363a0

query TTTTTTTTTTTTT valuesort join-13-1
SELECT x61,x21,x29,x48,x7,x51,x58,x39,x19,x22,x42,x18,x11
  FROM t42,t19,t22,t7,t29,t18,t51,t39,t58,t48,t61,t11,t21
 WHERE a22=b19
   AND b58=a21
   AND b48=a61
   AND a48=b22
   AND a58=b18
   AND b29=a39
   AND a51=b21
   AND a7=4
   AND a7=b51
   AND a42=b11
   AND a29=b42
   AND a18=b61
   AND a19=b39
----
13 values hashing to 3099bbc917c569069858590fe56363a0

query TTTTTTTTTTTTT valuesort join-13-1
SELECT x61,x21,x29,x48,x7,x51,x58,x39,x19,x22,x42,x18,x11
  FROM t29,t61,t42,t18,t48,t51,t58,t7,t39,t22,t19,t21,t11
 WHERE a29=b42
   AND a51=b21
   AND a22=b19
   AND a7=4
   AND b48=a61
   AND b58=a21
   AND b22=a48
   AND b29=a39
   AND b51=a7
   AND a19=b39
   AND a18=b61
   AND b11=a42
   AND a58=b18
----
13 values hashing to 3099bbc917c569069858590fe56363a0

query TTTTTTTTTTTTT valuesort join-13-2
SELECT x24,x48,x58,x33,x51,x63,x41,x49,x54,x21,x40,x50,x47
  FROM t48,t41,t50,t49,t24,t40,t54,t51,t58,t21,t47,t63,t33
 WHERE b51=a24
   AND a21=b48
   AND b63=a54
   AND a48=b41
   AND a41=b50
   AND b58=a33
   AND a51=b54
   AND a40=b24
   AND a33=5
   AND a50=b49
   AND a58=b47
   AND b21=a47
   AND a49=b40
----
13 values hashing to 8f71cd6baa659b242460cfffbf7b3504

query TTTTTTTTTTTTT valuesort join-13-2
SELECT x24,x48,x58,x33,x51,x63,x41,x49,x54,x21,x40,x50,x47
  FROM t33,t49,t58,t41,t50,t47,t54,t51,t24,t48,t21,t40,t63
 WHERE b51=a24
   AND a33=b58
   AND b24=a40
   AND a41=b50
   AND a49=b40
   AND a47=b21
   AND b49=a50
   AND b41=a48
   AND b48=a21
   AND a33=5
   AND a58=b47
   AND b63=a54
   AND b54=a51
----
13 values hashing to 8f71cd6baa659b242460cfffbf7b3504

query TTTTTTTTTTTTT valuesort join-13-2
SELECT x24,x48,x58,x33,x51,x63,x41,x49,x54,x21,x40,x50,x47
  FROM t63,t40,t51,t58,t33,t41,t50,t54,t47,t24,t48,t21,t49
 WHERE a54=b63
   AND b51=a24
   AND a49=b40
   AND a21=b48
   AND b21=a47
   AND b24=a40
   AND a41=b50
   AND a33=5
   AND b41=a48
   AND a58=b47
   AND b54=a51
   AND a33=b58
   AND a50=b49
----
13 values hashing to 8f71cd6baa659b242460cfffbf7b3504

query TTTTTTTTTTTTT valuesort join-13-3
SELECT x41,x48,x16,x12,x26,x57,x14,x59,x20,x8,x51,x34,x25
  FROM t51,t14,t57,t16,t26,t59,t41,t25,t34,t48,t12,t20,t8
 WHERE a26=b16
   AND b34=a59
   AND b51=a34
   AND a57=b12
   AND a20=6
   AND a12=b14
   AND b8=a20
   AND a8=b48
   AND a16=b57
   AND a51=b25
   AND a41=b26
   AND a48=b59
   AND a25=b41
----
13 values hashing to 71a950f064f9256d225a808b8177c037

query TTTTTTTTTTTTT valuesort join-13-3
SELECT x41,x48,x16,x12,x26,x57,x14,x59,x20,x8,x51,x34,x25
  FROM t16,t14,t20,t34,t26,t59,t57,t12,t25,t41,t51,t48,t8
 WHERE a8=b48
   AND b34=a59
   AND a20=b8
   AND b41=a25
   AND b59=a48
   AND b57=a16
   AND a26=b16
   AND a41=b26
   AND a20=6
   AND a57=b12
   AND a34=b51
   AND a51=b25
   AND a12=b14
----
13 values hashing to 71a950f064f9256d225a808b8177c037

query TTTTTTTTTTTTT valuesort join-13-3
SELECT x41,x48,x16,x12,x26,x57,x14,x59,x20,x8,x51,x34,x25
  FROM t8,t41,t51,t26,t48,t14,t16,t12,t57,t25,t59,t20,t34
 WHERE b26=a41
   AND b51=a34
   AND a48=b59
   AND b48=a8
   AND a26=b16
   AND a20=6
   AND a20=b8
   AND a51=b25
   AND b34=a59
   AND a25=b41
   AND b14=a12
   AND a16=b57
   AND b12=a57
----
13 values hashing to 71a950f064f9256d225a808b8177c037

query TTTTTTTTTTTTT valuesort join-13-4
SELECT x6,x22,x23,x32,x20,x50,x55,x58,x59,x51,x8,x11,x35
  FROM t55,t50,t58,t22,t6,t11,t59,t32,t35,t8,t51,t23,t20
 WHERE b20=a32
   AND a8=b32
   AND a50=b23
   AND b8=a11
   AND a59=b55
   AND a6=b59
   AND a35=b58
   AND a6=6
   AND b22=a23
   AND b35=a20
   AND b51=a55
   AND b11=a22
   AND b50=a51
----
13 values hashing to b38d3a256c2553689a5df14c77ab2361

query TTTTTTTTTTTTT valuesort join-13-4
SELECT x6,x22,x23,x32,x20,x50,x55,x58,x59,x51,x8,x11,x35
  FROM t6,t55,t35,t11,t51,t23,t20,t22,t32,t58,t8,t50,t59
 WHERE a51=b50
   AND a32=b20
   AND b11=a22
   AND a8=b32
   AND a50=b23
   AND a6=6
   AND b55=a59
   AND b58=a35
   AND b35=a20
   AND a55=b51
   AND b59=a6
   AND a23=b22
   AND a11=b8
----
13 values hashing to b38d3a256c2553689a5df14c77ab2361

query TTTTTTTTTTTTT valuesort join-13-4
SELECT x6,x22,x23,x32,x20,x50,x55,x58,x59,x51,x8,x11,x35
  FROM t51,t22,t55,t35,t23,t59,t11,t32,t58,t8,t50,t6,t20
 WHERE a8=b32
   AND b20=a32
   AND a50=b23
   AND b11=a22
   AND a35=b58
   AND b55=a59
   AND b35=a20
   AND b51=a55
   AND a11=b8
   AND b50=a51
   AND a6=b59
   AND a6=6
   AND b22=a23
----
13 values hashing to b38d3a256c2553689a5df14c77ab2361

query TTTTTTTTTTTTTT valuesort join-14-1
SELECT x39,x18,x49,x23,x7,x19,x52,x37,x15,x8,x16,x32,x56,x27
  FROM t18,t7,t49,t15,t27,t32,t37,t52,t19,t56,t16,t23,t39,t8
 WHERE a52=b8
   AND b19=a37
   AND b16=a56
   AND b18=a32
   AND b23=a19
   AND a37=1
   AND b15=a27
   AND a8=b7
   AND a23=b49
   AND a7=b56
   AND b32=a49
   AND b27=a18
   AND b39=a15
   AND a39=b52
----
14 values hashing to 6dbc6d12bcfe883a6bf6f92210c765a1

query TTTTTTTTTTTTTT valuesort join-14-1
SELECT x39,x18,x49,x23,x7,x19,x52,x37,x15,x8,x16,x32,x56,x27
  FROM t56,t15,t39,t27,t23,t32,t18,t52,t16,t37,t7,t19,t8,t49
 WHERE a15=b39
   AND a23=b49
   AND a39=b52
   AND a37=b19
   AND b15=a27
   AND a49=b32
   AND b7=a8
   AND b8=a52
   AND b18=a32
   AND a37=1
   AND a56=b16
   AND a7=b56
   AND a18=b27
   AND b23=a19
----
14 values hashing to 6dbc6d12bcfe883a6bf6f92210c765a1

query TTTTTTTTTTTTTT valuesort join-14-1
SELECT x39,x18,x49,x23,x7,x19,x52,x37,x15,x8,x16,x32,x56,x27
  FROM t18,t27,t39,t8,t16,t56,t7,t32,t49,t15,t19,t52,t37,t23
 WHERE b8=a52
   AND b19=a37
   AND b32=a49
   AND a8=b7
   AND b16=a56
   AND a15=b39
   AND a32=b18
   AND b15=a27
   AND a39=b52
   AND b27=a18
   AND b56=a7
   AND b49=a23
   AND b23=a19
   AND a37=1
----
14 values hashing to 6dbc6d12bcfe883a6bf6f92210c765a1

query TTTTTTTTTTTTTT valuesort join-14-2
SELECT x15,x45,x61,x10,x57,x9,x64,x1,x7,x23,x12,x52,x31,x55
  FROM t10,t55,t57,t31,t52,t61,t64,t12,t9,t23,t45,t1,t15,t7
 WHERE a7=b55
   AND a9=b64
   AND a57=b9
   AND b15=a23
   AND a45=b10
   AND a52=b45
   AND a31=8
   AND b57=a61
   AND b61=a12
   AND a10=b23
   AND b1=a55
   AND a64=b7
   AND b12=a15
   AND a31=b52
----
14 values hashing to 14b4ffeaaf5a7a27b5287eaa15bf05b8

query TTTTTTTTTTTTTT valuesort join-14-2
SELECT x15,x45,x61,x10,x57,x9,x64,x1,x7,x23,x12,x52,x31,x55
  FROM t55,t31,t52,t9,t15,t57,t7,t64,t23,t45,t61,t12,t10,t1
 WHERE a31=8
   AND a45=b10
   AND a52=b45
   AND b23=a10
   AND a57=b9
   AND a9=b64
   AND a64=b7
   AND a7=b55
   AND b61=a12
   AND a23=b15
   AND a55=b1
   AND b12=a15
   AND a61=b57
   AND a31=b52
----
14 values hashing to 14b4ffeaaf5a7a27b5287eaa15bf05b8

query TTTTTTTTTTTTTT valuesort join-14-2
SELECT x15,x45,x61,x10,x57,x9,x64,x1,x7,x23,x12,x52,x31,x55
  FROM t23,t64,t45,t31,t9,t61,t12,t57,t10,t1,t15,t55,t52,t7
 WHERE a12=b61
   AND b15=a23
   AND a9=b64
   AND b10=a45
   AND b45=a52
   AND b9=a57
   AND b1=a55
   AND a31=8
   AND a15=b12
   AND a10=b23
   AND b57=a61
   AND a7=b55
   AND a64=b7
   AND a31=b52
----
14 values hashing to 14b4ffeaaf5a7a27b5287eaa15bf05b8

query TTTTTTTTTTTTTT valuesort join-14-3
SELECT x23,x52,x34,x15,x16,x57,x39,x5,x42,x21,x9,x61,x47,x19
  FROM t57,t15,t47,t16,t34,t9,t39,t23,t42,t19,t52,t21,t61,t5
 WHERE a19=b9
   AND b34=a52
   AND b42=a16
   AND a15=b5
   AND b39=a34
   AND a23=7
   AND b61=a42
   AND b21=a57
   AND b16=a21
   AND b57=a23
   AND a61=b19
   AND a47=b52
   AND a9=b47
   AND b15=a39
----
14 values hashing to 284f3f69f83b17cbfaae96f2f83ea013

query TTTTTTTTTTTTTT valuesort join-14-3
SELECT x23,x52,x34,x15,x16,x57,x39,x5,x42,x21,x9,x61,x47,x19
  FROM t5,t19,t52,t34,t39,t21,t9,t47,t42,t61,t57,t16,t15,t23
 WHERE a16=b42
   AND b5=a15
   AND b16=a21
   AND a23=b57
   AND a23=7
   AND b39=a34
   AND b47=a9
   AND b21=a57
   AND b9=a19
   AND b15=a39
   AND a52=b34
   AND b19=a61
   AND b52=a47
   AND a42=b61
----
14 values hashing to 284f3f69f83b17cbfaae96f2f83ea013

query TTTTTTTTTTTTTT valuesort join-14-3
SELECT x23,x52,x34,x15,x16,x57,x39,x5,x42,x21,x9,x61,x47,x19
  FROM t61,t52,t57,t15,t9,t47,t19,t39,t21,t34,t42,t23,t5,t16
 WHERE a21=b16
   AND a16=b42
   AND a57=b21
   AND b19=a61
   AND b57=a23
   AND a42=b61
   AND b9=a19
   AND a34=b39
   AND a52=b34
   AND b5=a15
   AND a23=7
   AND b15=a39
   AND b47=a9
   AND a47=b52
----
14 values hashing to 284f3f69f83b17cbfaae96f2f83ea013

query TTTTTTTTTTTTTT valuesort join-14-4
SELECT x5,x36,x6,x31,x30,x1,x39,x8,x61,x58,x33,x50,x25,x45
  FROM t25,t50,t5,t61,t6,t30,t36,t39,t45,t58,t33,t1,t8,t31
 WHERE a1=b31
   AND a36=b45
   AND b1=a30
   AND b36=a25
   AND b50=a33
   AND b30=a39
   AND b61=a45
   AND a39=7
   AND b25=a5
   AND b58=a31
   AND b8=a50
   AND b5=a58
   AND a61=b33
   AND a8=b6
----
14 values hashing to 0402afde370237d3b5f844e0b9a3cf81

query TTTTTTTTTTTTTT valuesort join-14-4
SELECT x5,x36,x6,x31,x30,x1,x39,x8,x61,x58,x33,x50,x25,x45
  FROM t39,t30,t25,t58,t8,t5,t6,t50,t1,t45,t31,t61,t36,t33
 WHERE a8=b6
   AND b33=a61
   AND a1=b31
   AND a39=7
   AND a36=b45
   AND a50=b8
   AND a30=b1
   AND b50=a33
   AND a5=b25
   AND a39=b30
   AND a31=b58
   AND b61=a45
   AND a25=b36
   AND a58=b5
----
14 values hashing to 0402afde370237d3b5f844e0b9a3cf81

query TTTTTTTTTTTTTT valuesort join-14-4
SELECT x5,x36,x6,x31,x30,x1,x39,x8,x61,x58,x33,x50,x25,x45
  FROM t25,t1,t6,t31,t61,t30,t39,t58,t5,t36,t8,t45,t33,t50
 WHERE b8=a50
   AND b50=a33
   AND a39=7
   AND a31=b58
   AND a36=b45
   AND b61=a45
   AND a25=b36
   AND b33=a61
   AND b5=a58
   AND b6=a8
   AND a1=b31
   AND a39=b30
   AND b1=a30
   AND a5=b25
----
14 values hashing to 0402afde370237d3b5f844e0b9a3cf81

query TTTTTTTTTTTTTTT valuesort join-15-1
SELECT x56,x43,x12,x9,x61,x50,x45,x58,x18,x47,x1,x17,x29,x2,x5
  FROM t18,t1,t45,t43,t9,t17,t2,t47,t12,t5,t50,t56,t58,t29,t61
 WHERE b29=a17
   AND a58=b1
   AND a2=b18
   AND a43=b9
   AND a61=b12
   AND b50=a45
   AND a5=b47
   AND b58=a47
   AND b5=a56
   AND a2=5
   AND a9=b17
   AND b45=a12
   AND a18=b56
   AND a1=b43
   AND b61=a29
----
15 values hashing to 93bef7770d167c1f41b1e8cb5743429d

query TTTTTTTTTTTTTTT valuesort join-15-1
SELECT x56,x43,x12,x9,x61,x50,x45,x58,x18,x47,x1,x17,x29,x2,x5
  FROM t43,t1,t45,t50,t58,t9,t2,t56,t17,t5,t61,t47,t29,t12,t18
 WHERE a1=b43
   AND b18=a2
   AND a43=b9
   AND a18=b56
   AND a2=5
   AND b29=a17
   AND b61=a29
   AND b47=a5
   AND b1=a58
   AND a56=b5
   AND a9=b17
   AND b45=a12
   AND a61=b12
   AND a45=b50
   AND a47=b58
----
15 values hashing to 93bef7770d167c1f41b1e8cb5743429d

query TTTTTTTTTTTTTTT valuesort join-15-1
SELECT x56,x43,x12,x9,x61,x50,x45,x58,x18,x47,x1,x17,x29,x2,x5
  FROM t17,t56,t43,t5,t2,t50,t12,t58,t29,t1,t9,t47,t61,t18,t45
 WHERE b1=a58
   AND a29=b61
   AND a2=b18
   AND a61=b12
   AND a12=b45
   AND a9=b17
   AND a56=b5
   AND b58=a47
   AND a2=5
   AND a1=b43
   AND b29=a17
   AND b50=a45
   AND b56=a18
   AND b47=a5
   AND a43=b9
----
15 values hashing to 93bef7770d167c1f41b1e8cb5743429d

query TTTTTTTTTTTTTTT valuesort join-15-2
SELECT x13,x62,x20,x41,x11,x1,x37,x61,x54,x6,x27,x34,x45,x4,x60
  FROM t13,t61,t41,t1,t4,t37,t20,t6,t34,t62,t45,t54,t27,t60,t11
 WHERE a61=b20
   AND b60=a6
   AND a13=b1
   AND a11=b4
   AND a54=4
   AND b13=a54
   AND b11=a37
   AND a34=b62
   AND b41=a62
   AND a45=b37
   AND a4=b27
   AND a41=b6
   AND b45=a60
   AND a1=b34
   AND b61=a27
----
15 values hashing to 613d6d3bc0e6e8a2ee4083e2ca549201

query TTTTTTTTTTTTTTT valuesort join-15-2
SELECT x13,x62,x20,x41,x11,x1,x37,x61,x54,x6,x27,x34,x45,x4,x60
  FROM t34,t20,t60,t37,t11,t6,t54,t61,t4,t41,t45,t1,t13,t62,t27
 WHERE b45=a60
   AND b27=a4
   AND b11=a37
   AND a54=b13
   AND b6=a41
   AND a13=b1
   AND b37=a45
   AND b62=a34
   AND b41=a62
   AND b4=a11
   AND b34=a1
   AND a61=b20
   AND a54=4
   AND a27=b61
   AND a6=b60
----
15 values hashing to 613d6d3bc0e6e8a2ee4083e2ca549201

query TTTTTTTTTTTTTTT valuesort join-15-2
SELECT x13,x62,x20,x41,x11,x1,x37,x61,x54,x6,x27,x34,x45,x4,x60
  FROM t13,t11,t27,t54,t4,t41,t62,t20,t1,t37,t45,t6,t60,t61,t34
 WHERE a45=b37
   AND a27=b61
   AND b41=a62
   AND b20=a61
   AND a11=b4
   AND b45=a60
   AND a6=b60
   AND b1=a13
   AND b13=a54
   AND a4=b27
   AND a54=4
   AND b6=a41
   AND b34=a1
   AND a37=b11
   AND a34=b62
----
15 values hashing to 613d6d3bc0e6e8a2ee4083e2ca549201

query TTTTTTTTTTTTTTT valuesort join-15-3
SELECT x3,x26,x28,x61,x44,x46,x18,x47,x9,x63,x17,x64,x32,x2,x34
  FROM t26,t46,t64,t61,t44,t18,t63,t2,t28,t9,t34,t32,t47,t3,t17
 WHERE b47=a64
   AND a3=b64
   AND a61=b2
   AND a28=b61
   AND b34=a32
   AND b44=a34
   AND a9=b17
   AND b3=a26
   AND b63=a18
   AND a63=b32
   AND a2=b9
   AND b18=a17
   AND a47=b46
   AND a44=b26
   AND a28=5
----
15 values hashing to 1581c5fd5b8b34a88f10bbf6819360e1

query TTTTTTTTTTTTTTT valuesort join-15-3
SELECT x3,x26,x28,x61,x44,x46,x18,x47,x9,x63,x17,x64,x32,x2,x34
  FROM t32,t46,t34,t2,t61,t3,t28,t64,t44,t9,t63,t26,t17,t47,t18
 WHERE a28=b61
   AND b64=a3
   AND b46=a47
   AND a64=b47
   AND b32=a63
   AND b9=a2
   AND b2=a61
   AND a9=b17
   AND a28=5
   AND a34=b44
   AND b63=a18
   AND b26=a44
   AND a17=b18
   AND a26=b3
   AND a32=b34
----
15 values hashing to 1581c5fd5b8b34a88f10bbf6819360e1

query TTTTTTTTTTTTTTT valuesort join-15-3
SELECT x3,x26,x28,x61,x44,x46,x18,x47,x9,x63,x17,x64,x32,x2,x34
  FROM t26,t64,t32,t18,t9,t2,t46,t63,t61,t3,t34,t28,t47,t44,t17
 WHERE b44=a34
   AND b17=a9
   AND b26=a44
   AND a61=b2
   AND b3=a26
   AND b32=a63
   AND b46=a47
   AND b9=a2
   AND b64=a3
   AND b18=a17
   AND b61=a28
   AND a64=b47
   AND a28=5
   AND b34=a32
   AND b63=a18
----
15 values hashing to 1581c5fd5b8b34a88f10bbf6819360e1

query TTTTTTTTTTTTTTT valuesort join-15-4
SELECT x5,x31,x54,x7,x22,x27,x37,x15,x50,x34,x36,x32,x26,x18,x13
  FROM t22,t36,t13,t31,t54,t5,t15,t7,t32,t18,t34,t26,t27,t37,t50
 WHERE b37=a34
   AND a22=b34
   AND a54=b7
   AND a13=4
   AND b36=a32
   AND b27=a37
   AND b22=a18
   AND a7=b50
   AND b54=a13
   AND a50=b5
   AND b15=a5
   AND a36=b18
   AND a27=b31
   AND a26=b32
   AND b26=a15
----
15 values hashing to f67993f10d142e564530d5640befcae6

query TTTTTTTTTTTTTTT valuesort join-15-4
SELECT x5,x31,x54,x7,x22,x27,x37,x15,x50,x34,x36,x32,x26,x18,x13
  FROM t5,t31,t37,t27,t26,t34,t54,t13,t15,t50,t7,t36,t22,t32,t18
 WHERE a18=b22
   AND b54=a13
   AND a27=b31
   AND a15=b26
   AND b18=a36
   AND b5=a50
   AND a54=b7
   AND a13=4
   AND a37=b27
   AND a26=b32
   AND b15=a5
   AND b36=a32
   AND a22=b34
   AND b50=a7
   AND a34=b37
----
15 values hashing to f67993f10d142e564530d5640befcae6

query TTTTTTTTTTTTTTT valuesort join-15-4
SELECT x5,x31,x54,x7,x22,x27,x37,x15,x50,x34,x36,x32,x26,x18,x13
  FROM t18,t34,t26,t7,t13,t27,t15,t54,t37,t5,t31,t22,t50,t36,t32
 WHERE b34=a22
   AND a26=b32
   AND b31=a27
   AND b15=a5
   AND b27=a37
   AND a50=b5
   AND a36=b18
   AND b22=a18
   AND b37=a34
   AND a7=b50
   AND a15=b26
   AND b7=a54
   AND a13=b54
   AND a13=4
   AND a32=b36
----
15 values hashing to f67993f10d142e564530d5640befcae6

query TTTTTTTTTTTTTTTT valuesort join-16-1
SELECT x13,x25,x38,x42,x57,x22,x37,x31,x61,x46,x43,x9,x58,x15,x53,x32
  FROM t43,t37,t58,t25,t38,t42,t31,t15,t13,t57,t61,t53,t46,t22,t9,t32
 WHERE a31=b38
   AND a32=b9
   AND b31=a15
   AND a38=b25
   AND a42=b13
   AND b57=a37
   AND a53=b32
   AND b46=a9
   AND a25=b53
   AND a37=9
   AND a58=b42
   AND a22=b15
   AND a57=b22
   AND b58=a46
   AND b61=a43
   AND a13=b43
----
16 values hashing to b08872fdf0ee98fcfbd8dc96e7d1906d

query TTTTTTTTTTTTTTTT valuesort join-16-1
SELECT x13,x25,x38,x42,x57,x22,x37,x31,x61,x46,x43,x9,x58,x15,x53,x32
  FROM t42,t57,t15,t22,t61,t37,t53,t38,t31,t46,t43,t13,t58,t32,t25,t9
 WHERE a37=b57
   AND a31=b38
   AND b53=a25
   AND b42=a58
   AND b61=a43
   AND a37=9
   AND a46=b58
   AND a42=b13
   AND b31=a15
   AND a9=b46
   AND a38=b25
   AND b32=a53
   AND b9=a32
   AND b22=a57
   AND a22=b15
   AND b43=a13
----
16 values hashing to b08872fdf0ee98fcfbd8dc96e7d1906d

query TTTTTTTTTTTTTTTT valuesort join-16-1
SELECT x13,x25,x38,x42,x57,x22,x37,x31,x61,x46,x43,x9,x58,x15,x53,x32
  FROM t46,t57,t43,t61,t9,t37,t25,t38,t31,t53,t15,t58,t13,t32,t22,t42
 WHERE b13=a42
   AND a9=b46
   AND b22=a57
   AND b31=a15
   AND b9=a32
   AND a38=b25
   AND a31=b38
   AND a25=b53
   AND b58=a46
   AND a53=b32
   AND a37=9
   AND a22=b15
   AND a37=b57
   AND a43=b61
   AND a58=b42
   AND a13=b43
----
16 values hashing to b08872fdf0ee98fcfbd8dc96e7d1906d

query TTTTTTTTTTTTTTTT valuesort join-16-2
SELECT x54,x49,x47,x18,x20,x8,x22,x40,x2,x5,x60,x31,x56,x12,x43,x48
  FROM t20,t54,t48,t47,t31,t60,t22,t43,t56,t18,t5,t8,t40,t2,t12,t49
 WHERE a22=8
   AND a31=b12
   AND b47=a5
   AND b54=a8
   AND a54=b48
   AND b31=a49
   AND b40=a56
   AND b18=a22
   AND b49=a48
   AND b43=a47
   AND a2=b8
   AND b60=a20
   AND a43=b2
   AND b20=a18
   AND b5=a40
   AND b56=a60
----
16 values hashing to a722ea074beb48a37440da8cee0f184d

query TTTTTTTTTTTTTTTT valuesort join-16-2
SELECT x54,x49,x47,x18,x20,x8,x22,x40,x2,x5,x60,x31,x56,x12,x43,x48
  FROM t54,t20,t8,t22,t60,t2,t40,t43,t5,t56,t31,t12,t48,t18,t47,t49
 WHERE a22=8
   AND b40=a56
   AND b12=a31
   AND a2=b8
   AND a8=b54
   AND b48=a54
   AND a49=b31
   AND a20=b60
   AND a40=b5
   AND b56=a60
   AND a22=b18
   AND b2=a43
   AND a47=b43
   AND a48=b49
   AND b20=a18
   AND b47=a5
----
16 values hashing to a722ea074beb48a37440da8cee0f184d

query TTTTTTTTTTTTTTTT valuesort join-16-2
SELECT x54,x49,x47,x18,x20,x8,x22,x40,x2,x5,x60,x31,x56,x12,x43,x48
  FROM t43,t22,t5,t48,t8,t20,t12,t49,t47,t60,t54,t56,t40,t18,t2,t31
 WHERE b12=a31
   AND a56=b40
   AND b18=a22
   AND b56=a60
   AND b54=a8
   AND a54=b48
   AND a20=b60
   AND a49=b31
   AND a18=b20
   AND a43=b2
   AND b43=a47
   AND a40=b5
   AND a22=8
   AND b49=a48
   AND a2=b8
   AND b47=a5
----
16 values hashing to a722ea074beb48a37440da8cee0f184d

query TTTTTTTTTTTTTTTT valuesort join-16-3
SELECT x14,x30,x56,x46,x35,x62,x50,x60,x39,x10,x33,x54,x64,x34,x3,x13
  FROM t50,t10,t30,t33,t39,t3,t13,t56,t54,t62,t46,t14,t35,t64,t34,t60
 WHERE a35=b13
   AND b62=a3
   AND b60=a30
   AND b54=a62
   AND b14=a60
   AND b56=a10
   AND b10=a46
   AND b39=a33
   AND a56=b30
   AND b46=a39
   AND a54=b33
   AND b34=a13
   AND a50=1
   AND b35=a50
   AND a64=b3
   AND b64=a34
----
16 values hashing to 4cbc15ee09d14ff8582643f40e0b05d8

query TTTTTTTTTTTTTTTT valuesort join-16-3
SELECT x14,x30,x56,x46,x35,x62,x50,x60,x39,x10,x33,x54,x64,x34,x3,x13
  FROM t54,t13,t64,t14,t3,t34,t10,t39,t60,t46,t33,t30,t35,t50,t56,t62
 WHERE a50=1
   AND b13=a35
   AND a54=b33
   AND a13=b34
   AND b62=a3
   AND a46=b10
   AND a39=b46
   AND b30=a56
   AND b56=a10
   AND b14=a60
   AND a34=b64
   AND a50=b35
   AND a30=b60
   AND a64=b3
   AND a62=b54
   AND b39=a33
----
16 values hashing to 4cbc15ee09d14ff8582643f40e0b05d8

query TTTTTTTTTTTTTTTT valuesort join-16-3
SELECT x14,x30,x56,x46,x35,x62,x50,x60,x39,x10,x33,x54,x64,x34,x3,x13
  FROM t14,t62,t34,t35,t60,t54,t33,t50,t3,t13,t30,t39,t10,t56,t64,t46
 WHERE b62=a3
   AND b10=a46
   AND a10=b56
   AND b60=a30
   AND b33=a54
   AND a39=b46
   AND a33=b39
   AND b64=a34
   AND b30=a56
   AND b54=a62
   AND a50=b35
   AND b3=a64
   AND a35=b13
   AND a60=b14
   AND a50=1
   AND a13=b34
----
16 values hashing to 4cbc15ee09d14ff8582643f40e0b05d8

query TTTTTTTTTTTTTTTT valuesort join-16-4
SELECT x31,x2,x45,x61,x41,x1,x12,x36,x52,x16,x25,x43,x33,x35,x26,x27
  FROM t43,t31,t35,t61,t36,t52,t41,t2,t26,t25,t33,t45,t27,t1,t16,t12
 WHERE b27=a2
   AND b61=a12
   AND a35=b33
   AND a16=b31
   AND a41=1
   AND b35=a25
   AND a43=b36
   AND a61=b25
   AND a33=b16
   AND b26=a36
   AND b2=a52
   AND a27=b45
   AND a31=b52
   AND a45=b1
   AND a41=b43
   AND a26=b12
----
16 values hashing to e156d1c3febe35945ec5e5251e22d1a0

query TTTTTTTTTTTTTTTT valuesort join-16-4
SELECT x31,x2,x45,x61,x41,x1,x12,x36,x52,x16,x25,x43,x33,x35,x26,x27
  FROM t25,t12,t27,t1,t61,t33,t35,t16,t26,t52,t2,t43,t41,t45,t36,t31
 WHERE b16=a33
   AND a43=b36
   AND a61=b25
   AND b45=a27
   AND b2=a52
   AND b52=a31
   AND b26=a36
   AND a45=b1
   AND b33=a35
   AND a26=b12
   AND a16=b31
   AND b61=a12
   AND a25=b35
   AND a2=b27
   AND a41=b43
   AND a41=1
----
16 values hashing to e156d1c3febe35945ec5e5251e22d1a0

query TTTTTTTTTTTTTTTT valuesort join-16-4
SELECT x31,x2,x45,x61,x41,x1,x12,x36,x52,x16,x25,x43,x33,x35,x26,x27
  FROM t12,t61,t45,t1,t26,t31,t2,t52,t27,t36,t35,t25,t41,t43,t16,t33
 WHERE b43=a41
   AND a36=b26
   AND b33=a35
   AND b16=a33
   AND a2=b27
   AND a41=1
   AND b61=a12
   AND b1=a45
   AND a25=b35
   AND b2=a52
   AND b31=a16
   AND a26=b12
   AND b52=a31
   AND a61=b25
   AND b45=a27
   AND b36=a43
----
16 values hashing to e156d1c3febe35945ec5e5251e22d1a0

query TTTTTTTTTTTTTTTTT valuesort join-17-1
SELECT x22,x52,x59,x17,x29,x43,x53,x58,x38,x50,x54,x61,x14,x12,x27,x39,x36
  FROM t61,t17,t43,t59,t36,t58,t12,t14,t22,t53,t52,t39,t54,t38,t50,t27,t29
 WHERE a53=b61
   AND a54=b43
   AND b38=a59
   AND b54=a12
   AND a12=9
   AND b27=a50
   AND b29=a36
   AND a29=b59
   AND a52=b22
   AND b50=a58
   AND a38=b58
   AND a61=b52
   AND a22=b36
   AND b39=a27
   AND b14=a43
   AND b53=a14
   AND b17=a39
----
17 values hashing to 3c8b93a7bc3c3f8893e87a96021ea4d8

query TTTTTTTTTTTTTTTTT valuesort join-17-1
SELECT x22,x52,x59,x17,x29,x43,x53,x58,x38,x50,x54,x61,x14,x12,x27,x39,x36
  FROM t61,t29,t59,t17,t27,t22,t54,t43,t36,t50,t39,t14,t12,t53,t52,t38,t58
 WHERE b43=a54
   AND a50=b27
   AND a36=b29
   AND a53=b61
   AND a14=b53
   AND b54=a12
   AND b14=a43
   AND b59=a29
   AND a38=b58
   AND a58=b50
   AND a27=b39
   AND b22=a52
   AND b38=a59
   AND a22=b36
   AND b17=a39
   AND a12=9
   AND b52=a61
----
17 values hashing to 3c8b93a7bc3c3f8893e87a96021ea4d8

query TTTTTTTTTTTTTTTTT valuesort join-17-1
SELECT x22,x52,x59,x17,x29,x43,x53,x58,x38,x50,x54,x61,x14,x12,x27,x39,x36
  FROM t61,t53,t29,t22,t43,t36,t52,t39,t54,t50,t59,t14,t58,t12,t38,t17,t27
 WHERE b43=a54
   AND a12=9
   AND a38=b58
   AND b39=a27
   AND b29=a36
   AND a61=b52
   AND a22=b36
   AND a43=b14
   AND a14=b53
   AND a59=b38
   AND b61=a53
   AND a29=b59
   AND a52=b22
   AND a12=b54
   AND a50=b27
   AND b17=a39
   AND a58=b50
----
17 values hashing to 3c8b93a7bc3c3f8893e87a96021ea4d8

query TTTTTTTTTTTTTTTTT valuesort join-17-2
SELECT x3,x9,x54,x39,x7,x5,x21,x46,x51,x64,x4,x59,x41,x38,x14,x11,x29
  FROM t59,t38,t7,t11,t46,t3,t21,t9,t5,t51,t64,t14,t41,t29,t39,t4,t54
 WHERE b3=a59
   AND b5=a29
   AND a64=b14
   AND b11=a38
   AND b59=a46
   AND a7=b41
   AND a54=10
   AND a21=b4
   AND a5=b7
   AND b29=a9
   AND b39=a54
   AND b9=a14
   AND a39=b46
   AND a51=b38
   AND b51=a3
   AND a11=b21
   AND b64=a4
----
17 values hashing to 9d15bd810bbb6f53ee9b7467f44e7e1d

query TTTTTTTTTTTTTTTTT valuesort join-17-2
SELECT x3,x9,x54,x39,x7,x5,x21,x46,x51,x64,x4,x59,x41,x38,x14,x11,x29
  FROM t38,t11,t46,t29,t59,t5,t21,t54,t4,t64,t41,t3,t7,t14,t51,t39,t9
 WHERE a9=b29
   AND a51=b38
   AND a11=b21
   AND a7=b41
   AND a54=10
   AND b59=a46
   AND b4=a21
   AND b14=a64
   AND a5=b7
   AND b3=a59
   AND a14=b9
   AND b64=a4
   AND b11=a38
   AND b51=a3
   AND b39=a54
   AND a39=b46
   AND a29=b5
----
17 values hashing to 9d15bd810bbb6f53ee9b7467f44e7e1d

query TTTTTTTTTTTTTTTTT valuesort join-17-2
SELECT x3,x9,x54,x39,x7,x5,x21,x46,x51,x64,x4,x59,x41,x38,x14,x11,x29
  FROM t7,t4,t59,t9,t51,t39,t54,t38,t46,t64,t14,t3,t21,t29,t11,t41,t5
 WHERE a38=b11
   AND b29=a9
   AND a59=b3
   AND a39=b46
   AND a51=b38
   AND b5=a29
   AND b41=a7
   AND a4=b64
   AND b9=a14
   AND b14=a64
   AND b39=a54
   AND b21=a11
   AND b7=a5
   AND b51=a3
   AND a54=10
   AND a46=b59
   AND a21=b4
----
17 values hashing to 9d15bd810bbb6f53ee9b7467f44e7e1d

query TTTTTTTTTTTTTTTTT valuesort join-17-3
SELECT x61,x25,x10,x4,x31,x6,x60,x7,x51,x24,x23,x27,x3,x44,x17,x12,x56
  FROM t31,t44,t25,t4,t7,t6,t27,t12,t61,t24,t51,t60,t23,t3,t17,t10,t56
 WHERE a7=b25
   AND a61=b12
   AND a12=b23
   AND a3=b61
   AND b4=a10
   AND a31=b7
   AND b27=a25
   AND b60=a51
   AND b10=a60
   AND b44=a56
   AND b17=a24
   AND b6=a27
   AND a6=b51
   AND a31=4
   AND b3=a44
   AND a4=b24
   AND b56=a17
----
17 values hashing to 3b9810193558678b617ccc362a139f81

query TTTTTTTTTTTTTTTTT valuesort join-17-3
SELECT x61,x25,x10,x4,x31,x6,x60,x7,x51,x24,x23,x27,x3,x44,x17,x12,x56
  FROM t24,t56,t27,t44,t31,t23,t12,t6,t10,t17,t51,t7,t4,t3,t61,t60,t25
 WHERE a27=b6
   AND b4=a10
   AND a56=b44
   AND a4=b24
   AND a6=b51
   AND b61=a3
   AND b17=a24
   AND b7=a31
   AND b60=a51
   AND a25=b27
   AND a60=b10
   AND b25=a7
   AND b12=a61
   AND b3=a44
   AND a17=b56
   AND a31=4
   AND a12=b23
----
17 values hashing to 3b9810193558678b617ccc362a139f81

query TTTTTTTTTTTTTTTTT valuesort join-17-3
SELECT x61,x25,x10,x4,x31,x6,x60,x7,x51,x24,x23,x27,x3,x44,x17,x12,x56
  FROM t27,t17,t6,t4,t31,t61,t44,t23,t51,t12,t10,t7,t60,t24,t25,t56,t3
 WHERE a56=b44
   AND b17=a24
   AND b56=a17
   AND a31=4
   AND b4=a10
   AND a3=b61
   AND b60=a51
   AND b51=a6
   AND b25=a7
   AND a4=b24
   AND a12=b23
   AND b27=a25
   AND b6=a27
   AND b10=a60
   AND b7=a31
   AND b12=a61
   AND b3=a44
----
17 values hashing to 3b9810193558678b617ccc362a139f81

query TTTTTTTTTTTTTTTTT valuesort join-17-4
SELECT x24,x6,x53,x1,x54,x61,x58,x63,x56,x47,x27,x38,x4,x25,x9,x14,x10
  FROM t54,t38,t47,t61,t56,t10,t53,t58,t63,t14,t6,t24,t9,t25,t4,t27,t1
 WHERE b54=a24
   AND a4=b56
   AND a6=b25
   AND b9=a10
   AND a14=b53
   AND a25=b10
   AND a56=b47
   AND b1=a58
   AND a9=b14
   AND b63=a53
   AND b58=a63
   AND a54=b6
   AND a61=b24
   AND b61=a38
   AND b27=a47
   AND a38=9
   AND b4=a1
----
17 values hashing to 4bf3153ca3462d5d98494898e52060ac

query TTTTTTTTTTTTTTTTT valuesort join-17-4
SELECT x24,x6,x53,x1,x54,x61,x58,x63,x56,x47,x27,x38,x4,x25,x9,x14,x10
  FROM t9,t56,t10,t14,t54,t61,t24,t38,t25,t6,t4,t53,t1,t58,t63,t47,t27
 WHERE a1=b4
   AND b47=a56
   AND b6=a54
   AND b53=a14
   AND a61=b24
   AND a38=b61
   AND a63=b58
   AND a38=9
   AND b9=a10
   AND b27=a47
   AND a4=b56
   AND a24=b54
   AND a58=b1
   AND a25=b10
   AND a9=b14
   AND a53=b63
   AND b25=a6
----
17 values hashing to 4bf3153ca3462d5d98494898e52060ac

query TTTTTTTTTTTTTTTTT valuesort join-17-4
SELECT x24,x6,x53,x1,x54,x61,x58,x63,x56,x47,x27,x38,x4,x25,x9,x14,x10
  FROM t9,t56,t53,t61,t54,t1,t27,t4,t38,t14,t63,t10,t25,t24,t47,t58,t6
 WHERE b61=a38
   AND a54=b6
   AND a9=b14
   AND b53=a14
   AND a1=b4
   AND b10=a25
   AND a53=b63
   AND a10=b9
   AND b25=a6
   AND b27=a47
   AND b1=a58
   AND a24=b54
   AND a63=b58
   AND a61=b24
   AND b47=a56
   AND a38=9
   AND b56=a4
----
17 values hashing to 4bf3153ca3462d5d98494898e52060ac

query TTTTTTTTTTTTTTTTTT valuesort join-18-1
SELECT x24,x30,x20,x44,x51,x43,x6,x49,x26,x54,x22,x46,x55,x9,x36,x10,x12,x19
  FROM t49,t12,t46,t22,t9,t36,t20,t24,t54,t6,t44,t55,t51,t30,t10,t26,t43,t19
 WHERE a6=b55
   AND b6=a49
   AND b9=a19
   AND b20=a54
   AND a43=b46
   AND a51=b10
   AND a24=3
   AND b44=a12
   AND a10=b22
   AND a22=b36
   AND a20=b49
   AND b43=a24
   AND a36=b30
   AND b19=a30
   AND a26=b12
   AND a55=b51
   AND a44=b54
   AND a46=b26
----
18 values hashing to 4a54761c4e24ff72eb863374def85f7b

query TTTTTTTTTTTTTTTTTT valuesort join-18-1
SELECT x24,x30,x20,x44,x51,x43,x6,x49,x26,x54,x22,x46,x55,x9,x36,x10,x12,x19
  FROM t10,t19,t49,t9,t36,t55,t30,t44,t24,t20,t6,t54,t22,t26,t46,t51,t43,t12
 WHERE a20=b49
   AND b20=a54
   AND b19=a30
   AND b22=a10
   AND a24=3
   AND b36=a22
   AND a46=b26
   AND b12=a26
   AND a12=b44
   AND b10=a51
   AND b6=a49
   AND b46=a43
   AND b9=a19
   AND a36=b30
   AND a24=b43
   AND b55=a6
   AND b54=a44
   AND a55=b51
----
18 values hashing to 4a54761c4e24ff72eb863374def85f7b

query TTTTTTTTTTTTTTTTTT valuesort join-18-1
SELECT x24,x30,x20,x44,x51,x43,x6,x49,x26,x54,x22,x46,x55,x9,x36,x10,x12,x19
  FROM t49,t43,t10,t24,t55,t46,t6,t54,t36,t9,t51,t26,t44,t20,t19,t30,t22,t12
 WHERE a30=b19
   AND b54=a44
   AND b46=a43
   AND b20=a54
   AND a55=b51
   AND a24=3
   AND b30=a36
   AND a19=b9
   AND a24=b43
   AND b26=a46
   AND a51=b10
   AND a10=b22
   AND a22=b36
   AND b12=a26
   AND a49=b6
   AND b55=a6
   AND a20=b49
   AND b44=a12
----
18 values hashing to 4a54761c4e24ff72eb863374def85f7b

query TTTTTTTTTTTTTTTTTT valuesort join-18-2
SELECT x55,x20,x27,x30,x11,x62,x2,x18,x38,x56,x10,x26,x51,x50,x36,x33,x5,x52
  FROM t18,t33,t62,t51,t26,t55,t5,t56,t38,t11,t20,t27,t2,t10,t30,t50,t52,t36
 WHERE a55=b33
   AND a51=b20
   AND a11=10
   AND a56=b50
   AND a30=b2
   AND b10=a2
   AND a62=b55
   AND b36=a27
   AND b5=a38
   AND b38=a11
   AND b51=a18
   AND a52=b56
   AND b52=a5
   AND a33=b26
   AND a50=b18
   AND a20=b27
   AND b62=a36
   AND b30=a26
----
18 values hashing to c27ac35bfe9c6ae2dcc6b3d374350100

query TTTTTTTTTTTTTTTTTT valuesort join-18-2
SELECT x55,x20,x27,x30,x11,x62,x2,x18,x38,x56,x10,x26,x51,x50,x36,x33,x5,x52
  FROM t27,t10,t52,t55,t36,t11,t20,t62,t50,t33,t51,t56,t2,t5,t26,t30,t38,t18
 WHERE b51=a18
   AND b36=a27
   AND a26=b30
   AND b5=a38
   AND a11=10
   AND b27=a20
   AND b10=a2
   AND b18=a50
   AND a33=b26
   AND b55=a62
   AND a51=b20
   AND b50=a56
   AND b2=a30
   AND b52=a5
   AND a52=b56
   AND b38=a11
   AND b62=a36
   AND a55=b33
----
18 values hashing to c27ac35bfe9c6ae2dcc6b3d374350100

query TTTTTTTTTTTTTTTTTT valuesort join-18-2
SELECT x55,x20,x27,x30,x11,x62,x2,x18,x38,x56,x10,x26,x51,x50,x36,x33,x5,x52
  FROM t2,t33,t50,t27,t11,t20,t30,t36,t18,t62,t52,t56,t5,t26,t51,t55,t38,t10
 WHERE b52=a5
   AND a52=b56
   AND a11=10
   AND a27=b36
   AND b10=a2
   AND a11=b38
   AND a38=b5
   AND b20=a51
   AND a56=b50
   AND b62=a36
   AND b55=a62
   AND a30=b2
   AND a26=b30
   AND a33=b26
   AND b18=a50
   AND a18=b51
   AND b33=a55
   AND b27=a20
----
18 values hashing to c27ac35bfe9c6ae2dcc6b3d374350100

query TTTTTTTTTTTTTTTTTT valuesort join-18-3
SELECT x14,x2,x30,x39,x11,x48,x61,x19,x40,x44,x25,x49,x24,x16,x38,x60,x13,x36
  FROM t19,t2,t44,t14,t48,t61,t40,t24,t49,t25,t60,t36,t39,t13,t38,t11,t16,t30
 WHERE b60=a2
   AND a36=5
   AND a16=b14
   AND b48=a36
   AND a11=b16
   AND a40=b30
   AND a48=b40
   AND b39=a19
   AND b61=a14
   AND b38=a24
   AND a25=b24
   AND a60=b11
   AND a61=b44
   AND a13=b25
   AND b19=a49
   AND a44=b13
   AND b49=a30
   AND a39=b2
----
18 values hashing to 4c1b50ed8e321bfdfb319a335a120f48

query TTTTTTTTTTTTTTTTTT valuesort join-18-3
SELECT x14,x2,x30,x39,x11,x48,x61,x19,x40,x44,x25,x49,x24,x16,x38,x60,x13,x36
  FROM t48,t44,t25,t19,t14,t16,t24,t13,t11,t38,t49,t40,t36,t2,t60,t61,t39,t30
 WHERE a19=b39
   AND b40=a48
   AND b13=a44
   AND b49=a30
   AND b14=a16
   AND a60=b11
   AND b44=a61
   AND b60=a2
   AND b30=a40
   AND a13=b25
   AND b61=a14
   AND b48=a36
   AND a39=b2
   AND a25=b24
   AND b16=a11
   AND a49=b19
   AND a24=b38
   AND a36=5
----
18 values hashing to 4c1b50ed8e321bfdfb319a335a120f48

query TTTTTTTTTTTTTTTTTT valuesort join-18-3
SELECT x14,x2,x30,x39,x11,x48,x61,x19,x40,x44,x25,x49,x24,x16,x38,x60,x13,x36
  FROM t38,t44,t48,t49,t11,t24,t19,t36,t61,t14,t25,t40,t16,t60,t13,t30,t39,t2
 WHERE b13=a44
   AND b16=a11
   AND a48=b40
   AND a13=b25
   AND a19=b39
   AND b14=a16
   AND b60=a2
   AND b48=a36
   AND b49=a30
   AND a24=b38
   AND a14=b61
   AND b2=a39
   AND a40=b30
   AND a60=b11
   AND b24=a25
   AND a36=5
   AND b44=a61
   AND a49=b19
----
18 values hashing to 4c1b50ed8e321bfdfb319a335a120f48

query TTTTTTTTTTTTTTTTTT valuesort join-18-4
SELECT x41,x46,x27,x32,x11,x55,x25,x61,x44,x33,x23,x43,x58,x28,x9,x6,x35,x30
  FROM t23,t32,t33,t28,t11,t44,t61,t35,t55,t41,t6,t9,t58,t25,t43,t30,t46,t27
 WHERE a33=b6
   AND a9=b46
   AND a27=b55
   AND b41=a32
   AND b30=a58
   AND b23=a11
   AND b35=a55
   AND a44=b28
   AND b61=a41
   AND a28=b32
   AND b9=a35
   AND a25=9
   AND a23=b44
   AND b27=a25
   AND a46=b43
   AND a61=b58
   AND b33=a43
   AND a6=b11
----
18 values hashing to 174cc8b54a313f9381deb42f2cdb6934

query TTTTTTTTTTTTTTTTTT valuesort join-18-4
SELECT x41,x46,x27,x32,x11,x55,x25,x61,x44,x33,x23,x43,x58,x28,x9,x6,x35,x30
  FROM t43,t61,t6,t32,t46,t55,t35,t44,t58,t33,t41,t23,t30,t27,t11,t25,t28,t9
 WHERE b28=a44
   AND a41=b61
   AND a25=b27
   AND a55=b35
   AND a25=9
   AND b41=a32
   AND a6=b11
   AND b33=a43
   AND a28=b32
   AND a61=b58
   AND b46=a9
   AND b55=a27
   AND a23=b44
   AND b43=a46
   AND a35=b9
   AND b30=a58
   AND a11=b23
   AND a33=b6
----
18 values hashing to 174cc8b54a313f9381deb42f2cdb6934

query TTTTTTTTTTTTTTTTTT valuesort join-18-4
SELECT x41,x46,x27,x32,x11,x55,x25,x61,x44,x33,x23,x43,x58,x28,x9,x6,x35,x30
  FROM t9,t43,t27,t11,t58,t41,t25,t46,t23,t61,t35,t44,t55,t32,t6,t30,t33,t28
 WHERE a27=b55
   AND a46=b43
   AND b28=a44
   AND a11=b23
   AND a25=9
   AND b11=a6
   AND a43=b33
   AND b27=a25
   AND b61=a41
   AND b9=a35
   AND a23=b44
   AND a9=b46
   AND a55=b35
   AND a32=b41
   AND b32=a28
   AND b58=a61
   AND a58=b30
   AND a33=b6
----
18 values hashing to 174cc8b54a313f9381deb42f2cdb6934

query TTTTTTTTTTTTTTTTTTT valuesort join-19-1
SELECT x33,x2,x16,x58,x22,x15,x3,x5,x46,x54,x39,x53,x14,x62,x20,x30,x60,x23,x41
  FROM t2,t60,t58,t33,t14,t5,t41,t53,t46,t23,t16,t30,t15,t3,t22,t39,t54,t20,t62
 WHERE b23=a20
   AND a62=b3
   AND b22=a53
   AND a16=b54
   AND a46=b14
   AND b60=a22
   AND a39=b58
   AND b33=a5
   AND b41=a33
   AND a2=b39
   AND a3=b46
   AND a54=b53
   AND b15=a58
   AND a23=b16
   AND a15=b20
   AND b5=a14
   AND b62=a30
   AND b2=a41
   AND a30=5
----
19 values hashing to d00356ee607407ecf47506d58a36a431

query TTTTTTTTTTTTTTTTTTT valuesort join-19-1
SELECT x33,x2,x16,x58,x22,x15,x3,x5,x46,x54,x39,x53,x14,x62,x20,x30,x60,x23,x41
  FROM t53,t20,t54,t46,t16,t33,t23,t22,t14,t30,t5,t41,t62,t15,t3,t2,t60,t58,t39
 WHERE b62=a30
   AND a16=b54
   AND b14=a46
   AND a15=b20
   AND a3=b46
   AND a23=b16
   AND a58=b15
   AND b41=a33
   AND a53=b22
   AND a39=b58
   AND a22=b60
   AND a5=b33
   AND a54=b53
   AND b23=a20
   AND a30=5
   AND b2=a41
   AND a14=b5
   AND b39=a2
   AND a62=b3
----
19 values hashing to d00356ee607407ecf47506d58a36a431

query TTTTTTTTTTTTTTTTTTT valuesort join-19-1
SELECT x33,x2,x16,x58,x22,x15,x3,x5,x46,x54,x39,x53,x14,x62,x20,x30,x60,x23,x41
  FROM t5,t3,t58,t22,t60,t15,t33,t54,t2,t14,t46,t23,t41,t20,t16,t53,t30,t62,t39
 WHERE b58=a39
   AND a22=b60
   AND b23=a20
   AND b15=a58
   AND b14=a46
   AND b41=a33
   AND a2=b39
   AND b3=a62
   AND b33=a5
   AND a16=b54
   AND b20=a15
   AND b22=a53
   AND b5=a14
   AND a54=b53
   AND a30=b62
   AND b2=a41
   AND b46=a3
   AND a30=5
   AND a23=b16
----
19 values hashing to d00356ee607407ecf47506d58a36a431

query TTTTTTTTTTTTTTTTTTT valuesort join-19-2
SELECT x47,x36,x39,x20,x37,x8,x13,x40,x62,x35,x5,x24,x46,x45,x57,x31,x38,x25,x34
  FROM t45,t24,t8,t36,t35,t31,t20,t13,t47,t39,t46,t25,t57,t37,t5,t34,t38,t40,t62
 WHERE b47=a39
   AND a47=b25
   AND b46=a57
   AND b57=a37
   AND b37=a34
   AND a38=b39
   AND b35=a25
   AND a46=b36
   AND b31=a8
   AND a40=6
   AND a35=b62
   AND b5=a20
   AND a31=b34
   AND a45=b20
   AND b38=a13
   AND a62=b45
   AND b13=a36
   AND a40=b24
   AND b8=a24
----
19 values hashing to 63a29b911fbb37de46f99c4110d8cfc3

query TTTTTTTTTTTTTTTTTTT valuesort join-19-2
SELECT x47,x36,x39,x20,x37,x8,x13,x40,x62,x35,x5,x24,x46,x45,x57,x31,x38,x25,x34
  FROM t45,t34,t47,t40,t57,t46,t25,t13,t24,t5,t31,t20,t8,t36,t35,t39,t62,t37,t38
 WHERE a40=6
   AND b34=a31
   AND a38=b39
   AND a20=b5
   AND a8=b31
   AND a46=b36
   AND a25=b35
   AND a37=b57
   AND a57=b46
   AND b25=a47
   AND b45=a62
   AND b20=a45
   AND b47=a39
   AND a24=b8
   AND a34=b37
   AND a36=b13
   AND b38=a13
   AND a40=b24
   AND b62=a35
----
19 values hashing to 63a29b911fbb37de46f99c4110d8cfc3

query TTTTTTTTTTTTTTTTTTT valuesort join-19-2
SELECT x47,x36,x39,x20,x37,x8,x13,x40,x62,x35,x5,x24,x46,x45,x57,x31,x38,x25,x34
  FROM t8,t34,t31,t46,t25,t5,t35,t20,t36,t47,t45,t38,t40,t24,t62,t57,t37,t39,t13
 WHERE b13=a36
   AND a39=b47
   AND b45=a62
   AND b34=a31
   AND a40=b24
   AND b37=a34
   AND b39=a38
   AND a57=b46
   AND b25=a47
   AND b57=a37
   AND a40=6
   AND b36=a46
   AND b20=a45
   AND b35=a25
   AND b38=a13
   AND b31=a8
   AND a35=b62
   AND a24=b8
   AND a20=b5
----
19 values hashing to 63a29b911fbb37de46f99c4110d8cfc3

query TTTTTTTTTTTTTTTTTTT valuesort join-19-3
SELECT x7,x48,x64,x28,x34,x30,x38,x18,x50,x24,x20,x49,x12,x6,x60,x15,x2,x42,x46
  FROM t6,t2,t49,t48,t7,t20,t50,t46,t15,t18,t42,t28,t12,t24,t60,t30,t64,t34,t38
 WHERE b34=a18
   AND a6=b24
   AND a20=b2
   AND a60=8
   AND b50=a60
   AND b6=a64
   AND b38=a28
   AND a15=b48
   AND a34=b64
   AND a42=b12
   AND b49=a2
   AND a24=b42
   AND b20=a38
   AND b18=a7
   AND a48=b28
   AND a30=b7
   AND a50=b46
   AND a46=b30
   AND a12=b15
----
19 values hashing to b42e04a7073eff9728da56743bf6f675

query TTTTTTTTTTTTTTTTTTT valuesort join-19-3
SELECT x7,x48,x64,x28,x34,x30,x38,x18,x50,x24,x20,x49,x12,x6,x60,x15,x2,x42,x46
  FROM t34,t38,t30,t2,t64,t49,t24,t20,t42,t60,t6,t15,t46,t12,t18,t48,t7,t50,t28
 WHERE a46=b30
   AND b28=a48
   AND b64=a34
   AND a60=8
   AND a15=b48
   AND b12=a42
   AND a24=b42
   AND a7=b18
   AND a28=b38
   AND b15=a12
   AND a6=b24
   AND a38=b20
   AND b50=a60
   AND a18=b34
   AND b46=a50
   AND a30=b7
   AND b6=a64
   AND b2=a20
   AND b49=a2
----
19 values hashing to b42e04a7073eff9728da56743bf6f675

query TTTTTTTTTTTTTTTTTTT valuesort join-19-3
SELECT x7,x48,x64,x28,x34,x30,x38,x18,x50,x24,x20,x49,x12,x6,x60,x15,x2,x42,x46
  FROM t60,t12,t48,t18,t15,t49,t7,t46,t24,t20,t30,t38,t28,t50,t34,t2,t42,t64,t6
 WHERE a42=b12
   AND b30=a46
   AND b50=a60
   AND b42=a24
   AND a18=b34
   AND b28=a48
   AND a34=b64
   AND a2=b49
   AND a50=b46
   AND a64=b6
   AND a60=8
   AND a6=b24
   AND a38=b20
   AND b18=a7
   AND b48=a15
   AND a30=b7
   AND a12=b15
   AND b2=a20
   AND a28=b38
----
19 values hashing to b42e04a7073eff9728da56743bf6f675

query TTTTTTTTTTTTTTTTTTT valuesort join-19-4
SELECT x6,x10,x48,x36,x59,x44,x19,x55,x14,x12,x64,x45,x29,x7,x38,x17,x50,x57,x49
  FROM t7,t44,t64,t38,t49,t36,t14,t6,t19,t10,t29,t57,t17,t12,t48,t45,t59,t55,t50
 WHERE b45=a57
   AND a12=b19
   AND a48=b29
   AND a45=b12
   AND b48=a19
   AND b55=a36
   AND a38=b14
   AND b17=a6
   AND b50=a59
   AND a64=1
   AND b6=a50
   AND a10=b49
   AND a44=b10
   AND b59=a64
   AND b38=a29
   AND a7=b36
   AND a49=b57
   AND b44=a17
   AND b7=a14
----
19 values hashing to b504182c48da88ba8798c6b96a5701c2

query TTTTTTTTTTTTTTTTTTT valuesort join-19-4
SELECT x6,x10,x48,x36,x59,x44,x19,x55,x14,x12,x64,x45,x29,x7,x38,x17,x50,x57,x49
  FROM t17,t19,t57,t49,t6,t55,t64,t48,t10,t36,t45,t7,t44,t50,t29,t14,t12,t38,t59
 WHERE a64=1
   AND a12=b19
   AND b49=a10
   AND a45=b12
   AND a14=b7
   AND b6=a50
   AND b55=a36
   AND a59=b50
   AND b10=a44
   AND b14=a38
   AND a6=b17
   AND a19=b48
   AND a57=b45
   AND a29=b38
   AND b29=a48
   AND a17=b44
   AND b59=a64
   AND b36=a7
   AND b57=a49
----
19 values hashing to b504182c48da88ba8798c6b96a5701c2

query TTTTTTTTTTTTTTTTTTT valuesort join-19-4
SELECT x6,x10,x48,x36,x59,x44,x19,x55,x14,x12,x64,x45,x29,x7,x38,x17,x50,x57,x49
  FROM t48,t7,t12,t57,t64,t14,t17,t38,t49,t50,t29,t59,t44,t45,t19,t55,t6,t10,t36
 WHERE b10=a44
   AND b45=a57
   AND b7=a14
   AND a6=b17
   AND b19=a12
   AND a64=b59
   AND b44=a17
   AND a64=1
   AND b38=a29
   AND b29=a48
   AND b12=a45
   AND b55=a36
   AND a7=b36
   AND a19=b48
   AND b6=a50
   AND b50=a59
   AND b57=a49
   AND a38=b14
   AND b49=a10
----
19 values hashing to b504182c48da88ba8798c6b96a5701c2

query TTTTTTTTTTTTTTTTTTTT valuesort join-20-1
SELECT x60,x31,x57,x37,x62,x51,x45,x6,x7,x3,x33,x23,x30,x41,x40,x13,x52,x49,x58,x19
  FROM t7,t33,t51,t3,t30,t40,t31,t58,t19,t13,t52,t62,t57,t45,t41,t60,t49,t23,t6,t37
 WHERE a23=b13
   AND a60=4
   AND b33=a52
   AND a31=b45
   AND a37=b19
   AND b31=a49
   AND b52=a60
   AND a6=b30
   AND a30=b41
   AND b57=a58
   AND b62=a19
   AND a57=b3
   AND b40=a3
   AND b37=a40
   AND b23=a33
   AND a62=b6
   AND b58=a7
   AND b7=a51
   AND b49=a41
   AND b51=a13
----
20 values hashing to fe94ed336fef870f6f6c694b60736be7

query TTTTTTTTTTTTTTTTTTTT valuesort join-20-1
SELECT x60,x31,x57,x37,x62,x51,x45,x6,x7,x3,x33,x23,x30,x41,x40,x13,x52,x49,x58,x19
  FROM t33,t51,t31,t58,t40,t30,t45,t19,t57,t23,t7,t37,t49,t60,t6,t3,t62,t52,t13,t41
 WHERE a3=b40
   AND a41=b49
   AND a60=4
   AND b41=a30
   AND b19=a37
   AND a6=b30
   AND a13=b51
   AND b3=a57
   AND a58=b57
   AND b31=a49
   AND b33=a52
   AND b58=a7
   AND b13=a23
   AND b62=a19
   AND a31=b45
   AND a51=b7
   AND b52=a60
   AND a40=b37
   AND a33=b23
   AND b6=a62
----
20 values hashing to fe94ed336fef870f6f6c694b60736be7

query TTTTTTTTTTTTTTTTTTTT valuesort join-20-1
SELECT x60,x31,x57,x37,x62,x51,x45,x6,x7,x3,x33,x23,x30,x41,x40,x13,x52,x49,x58,x19
  FROM t19,t6,t30,t7,t13,t31,t62,t23,t33,t37,t3,t52,t57,t41,t58,t40,t45,t51,t60,t49
 WHERE b3=a57
   AND a3=b40
   AND b19=a37
   AND a13=b51
   AND b33=a52
   AND a62=b6
   AND a7=b58
   AND a41=b49
   AND b23=a33
   AND b57=a58
   AND a60=4
   AND b37=a40
   AND a23=b13
   AND b7=a51
   AND a31=b45
   AND b30=a6
   AND b52=a60
   AND b62=a19
   AND b31=a49
   AND a30=b41
----
20 values hashing to fe94ed336fef870f6f6c694b60736be7

query TTTTTTTTTTTTTTTTTTTT valuesort join-20-2
SELECT x19,x42,x28,x17,x8,x12,x24,x3,x50,x55,x63,x61,x49,x7,x32,x18,x46,x35,x62,x15
  FROM t63,t49,t17,t8,t19,t61,t42,t46,t18,t28,t12,t24,t62,t3,t55,t35,t50,t15,t32,t7
 WHERE b55=a24
   AND b42=a15
   AND b17=a42
   AND b19=a61
   AND b63=a46
   AND b32=a63
   AND b3=a17
   AND a7=b15
   AND a62=b8
   AND a50=b46
   AND a12=b61
   AND a8=b49
   AND a28=b24
   AND a18=b62
   AND a49=b50
   AND b18=a19
   AND a55=b12
   AND a35=b28
   AND a7=1
   AND a3=b35
----
20 values hashing to ddea3581001616691dd1848d64a6e023

query TTTTTTTTTTTTTTTTTTTT valuesort join-20-2
SELECT x19,x42,x28,x17,x8,x12,x24,x3,x50,x55,x63,x61,x49,x7,x32,x18,x46,x35,x62,x15
  FROM t28,t24,t32,t8,t19,t15,t55,t17,t35,t7,t3,t63,t62,t49,t42,t50,t46,t18,t61,t12
 WHERE b3=a17
   AND b62=a18
   AND b17=a42
   AND b42=a15
   AND a62=b8
   AND a49=b50
   AND b46=a50
   AND b24=a28
   AND a61=b19
   AND a3=b35
   AND b18=a19
   AND b28=a35
   AND a12=b61
   AND b63=a46
   AND a24=b55
   AND a7=1
   AND b32=a63
   AND b49=a8
   AND b15=a7
   AND b12=a55
----
20 values hashing to ddea3581001616691dd1848d64a6e023

query TTTTTTTTTTTTTTTTTTTT valuesort join-20-2
SELECT x19,x42,x28,x17,x8,x12,x24,x3,x50,x55,x63,x61,x49,x7,x32,x18,x46,x35,x62,x15
  FROM t61,t19,t55,t8,t17,t63,t62,t15,t18,t7,t42,t50,t12,t32,t35,t49,t28,t3,t24,t46
 WHERE b49=a8
   AND a12=b61
   AND a28=b24
   AND b19=a61
   AND b46=a50
   AND a18=b62
   AND a46=b63
   AND b28=a35
   AND b55=a24
   AND b3=a17
   AND a3=b35
   AND b15=a7
   AND a42=b17
   AND a63=b32
   AND b50=a49
   AND a15=b42
   AND a19=b18
   AND a55=b12
   AND a7=1
   AND a62=b8
----
20 values hashing to ddea3581001616691dd1848d64a6e023

query TTTTTTTTTTTTTTTTTTTT valuesort join-20-3
SELECT x50,x7,x19,x33,x54,x32,x47,x30,x53,x45,x55,x28,x58,x25,x15,x41,x37,x60,x10,x24
  FROM t33,t47,t30,t45,t28,t19,t54,t58,t15,t37,t41,t25,t53,t50,t55,t7,t24,t32,t60,t10
 WHERE b33=a60
   AND b30=a41
   AND a19=b37
   AND b28=a10
   AND a50=b25
   AND b55=a32
   AND b10=a25
   AND a47=b50
   AND b54=a45
   AND b15=a54
   AND a47=3
   AND b32=a58
   AND a30=b53
   AND a33=b41
   AND b60=a24
   AND a37=b24
   AND a28=b58
   AND b45=a53
   AND b7=a55
   AND b19=a7
----
20 values hashing to 42debc7dc38650286a8c9816d787cef6

query TTTTTTTTTTTTTTTTTTTT valuesort join-20-3
SELECT x50,x7,x19,x33,x54,x32,x47,x30,x53,x45,x55,x28,x58,x25,x15,x41,x37,x60,x10,x24
  FROM t19,t60,t33,t45,t30,t15,t10,t53,t37,t58,t50,t25,t24,t41,t7,t47,t55,t54,t28,t32
 WHERE a60=b33
   AND b50=a47
   AND a53=b45
   AND a28=b58
   AND b32=a58
   AND a50=b25
   AND b53=a30
   AND a19=b37
   AND b60=a24
   AND a25=b10
   AND b15=a54
   AND a32=b55
   AND a37=b24
   AND a7=b19
   AND a47=3
   AND b28=a10
   AND a45=b54
   AND b30=a41
   AND b7=a55
   AND b41=a33
----
20 values hashing to 42debc7dc38650286a8c9816d787cef6

query TTTTTTTTTTTTTTTTTTTT valuesort join-20-3
SELECT x50,x7,x19,x33,x54,x32,x47,x30,x53,x45,x55,x28,x58,x25,x15,x41,x37,x60,x10,x24
  FROM t25,t50,t10,t33,t7,t37,t28,t15,t32,t53,t19,t45,t30,t60,t41,t58,t54,t47,t24,t55
 WHERE b30=a41
   AND a32=b55
   AND a45=b54
   AND b25=a50
   AND a25=b10
   AND a30=b53
   AND a47=b50
   AND b41=a33
   AND a47=3
   AND a60=b33
   AND a37=b24
   AND b7=a55
   AND b28=a10
   AND a7=b19
   AND a54=b15
   AND b58=a28
   AND a19=b37
   AND b45=a53
   AND a58=b32
   AND b60=a24
----
20 values hashing to 42debc7dc38650286a8c9816d787cef6

query TTTTTTTTTTTTTTTTTTTT valuesort join-20-4
SELECT x41,x39,x42,x59,x25,x10,x14,x51,x35,x61,x7,x13,x33,x53,x44,x4,x23,x36,x30,x63
  FROM t30,t13,t44,t10,t53,t41,t33,t42,t36,t51,t61,t23,t35,t59,t63,t39,t7,t4,t25,t14
 WHERE b51=a25
   AND b61=a30
   AND b4=a10
   AND b23=a63
   AND a14=b33
   AND a41=b36
   AND b42=a51
   AND a33=b13
   AND a35=b30
   AND a39=b41
   AND b53=a59
   AND a4=b7
   AND b39=a44
   AND b10=a36
   AND a59=7
   AND a61=b44
   AND a23=b35
   AND b14=a42
   AND a13=b63
   AND b25=a53
----
20 values hashing to 0b8aea4154dffea180f5b48f54950ee5

query TTTTTTTTTTTTTTTTTTTT valuesort join-20-4
SELECT x41,x39,x42,x59,x25,x10,x14,x51,x35,x61,x7,x13,x33,x53,x44,x4,x23,x36,x30,x63
  FROM t63,t39,t35,t44,t61,t59,t10,t23,t4,t41,t25,t42,t7,t53,t51,t30,t36,t33,t13,t14
 WHERE a33=b13
   AND b23=a63
   AND a44=b39
   AND b30=a35
   AND b51=a25
   AND a59=7
   AND a42=b14
   AND a51=b42
   AND a53=b25
   AND b44=a61
   AND a30=b61
   AND b33=a14
   AND b4=a10
   AND b35=a23
   AND b10=a36
   AND a13=b63
   AND b53=a59
   AND b36=a41
   AND b41=a39
   AND a4=b7
----
20 values hashing to 0b8aea4154dffea180f5b48f54950ee5

query TTTTTTTTTTTTTTTTTTTT valuesort join-20-4
SELECT x41,x39,x42,x59,x25,x10,x14,x51,x35,x61,x7,x13,x33,x53,x44,x4,x23,x36,x30,x63
  FROM t33,t30,t59,t39,t63,t4,t42,t25,t61,t41,t13,t7,t23,t14,t51,t44,t36,t53,t35,t10
 WHERE a59=7
   AND b39=a44
   AND a25=b51
   AND b23=a63
   AND a39=b41
   AND a30=b61
   AND a61=b44
   AND b35=a23
   AND b10=a36
   AND a59=b53
   AND a53=b25
   AND b30=a35
   AND b4=a10
   AND b33=a14
   AND a51=b42
   AND b7=a4
   AND b63=a13
   AND b36=a41
   AND b13=a33
   AND a42=b14
----
20 values hashing to 0b8aea4154dffea180f5b48f54950ee5

query TTTTTTTTTTTTTTTTTTTTT valuesort join-21-1
SELECT x55,x47,x16,x20,x5,x13,x60,x8,x37,x43,x27,x33,x45,x30,x57,x25,x10,x61,x48,x12,x56
  FROM t20,t33,t45,t25,t55,t43,t10,t16,t47,t57,t5,t48,t13,t56,t60,t61,t12,t27,t8,t37,t30
 WHERE a12=b61
   AND b27=a61
   AND a25=b57
   AND b43=a57
   AND a33=4
   AND a10=b48
   AND a47=b45
   AND b30=a13
   AND a5=b8
   AND b5=a56
   AND a20=b10
   AND a60=b20
   AND b60=a55
   AND a33=b16
   AND a45=b37
   AND b47=a43
   AND a30=b12
   AND b56=a37
   AND b25=a27
   AND b13=a16
   AND b55=a8
----
21 values hashing to 141971b976b72be8a0e56a658d473d38

query TTTTTTTTTTTTTTTTTTTTT valuesort join-21-1
SELECT x55,x47,x16,x20,x5,x13,x60,x8,x37,x43,x27,x33,x45,x30,x57,x25,x10,x61,x48,x12,x56
  FROM t10,t57,t43,t33,t5,t13,t45,t20,t55,t60,t61,t16,t47,t25,t27,t8,t37,t48,t12,t56,t30
 WHERE a27=b25
   AND a45=b37
   AND a57=b43
   AND a43=b47
   AND a33=4
   AND b5=a56
   AND b8=a5
   AND a25=b57
   AND a55=b60
   AND a16=b13
   AND b27=a61
   AND a47=b45
   AND b20=a60
   AND a33=b16
   AND b48=a10
   AND b12=a30
   AND b10=a20
   AND a8=b55
   AND a37=b56
   AND a13=b30
   AND b61=a12
----
21 values hashing to 141971b976b72be8a0e56a658d473d38

query TTTTTTTTTTTTTTTTTTTTT valuesort join-21-1
SELECT x55,x47,x16,x20,x5,x13,x60,x8,x37,x43,x27,x33,x45,x30,x57,x25,x10,x61,x48,x12,x56
  FROM t55,t27,t37,t60,t48,t20,t10,t16,t13,t30,t45,t8,t12,t57,t43,t33,t25,t47,t56,t5,t61
 WHERE a13=b30
   AND b60=a55
   AND a33=4
   AND a45=b37
   AND a43=b47
   AND b56=a37
   AND a20=b10
   AND b20=a60
   AND b5=a56
   AND a16=b13
   AND b45=a47
   AND a61=b27
   AND a25=b57
   AND b16=a33
   AND a12=b61
   AND b43=a57
   AND b48=a10
   AND a5=b8
   AND b12=a30
   AND b55=a8
   AND a27=b25
----
21 values hashing to 141971b976b72be8a0e56a658d473d38

query TTTTTTTTTTTTTTTTTTTTT valuesort join-21-2
SELECT x4,x8,x38,x44,x31,x9,x57,x48,x19,x40,x14,x12,x7,x64,x37,x18,x62,x35,x42,x15,x16
  FROM t19,t64,t16,t9,t44,t35,t38,t8,t14,t37,t42,t18,t4,t15,t62,t12,t40,t31,t57,t48,t7
 WHERE b40=a15
   AND a31=7
   AND a19=b9
   AND b37=a48
   AND b57=a64
   AND b18=a62
   AND b7=a8
   AND a31=b15
   AND a14=b16
   AND b4=a37
   AND a38=b8
   AND b14=a12
   AND a44=b12
   AND b44=a42
   AND a7=b62
   AND a40=b42
   AND a57=b48
   AND a35=b38
   AND a16=b35
   AND b64=a18
   AND b19=a4
----
21 values hashing to 10f8e6963cbc1950bb6c5b7f928fce50

query TTTTTTTTTTTTTTTTTTTTT valuesort join-21-2
SELECT x4,x8,x38,x44,x31,x9,x57,x48,x19,x40,x14,x12,x7,x64,x37,x18,x62,x35,x42,x15,x16
  FROM t35,t40,t14,t42,t15,t7,t64,t19,t9,t8,t57,t37,t44,t38,t18,t62,t4,t48,t31,t16,t12
 WHERE b48=a57
   AND a4=b19
   AND a14=b16
   AND b37=a48
   AND a40=b42
   AND a31=7
   AND a15=b40
   AND a38=b8
   AND b15=a31
   AND b64=a18
   AND b12=a44
   AND b7=a8
   AND b35=a16
   AND a12=b14
   AND a64=b57
   AND b62=a7
   AND a35=b38
   AND b9=a19
   AND a62=b18
   AND b4=a37
   AND b44=a42
----
21 values hashing to 10f8e6963cbc1950bb6c5b7f928fce50

query TTTTTTTTTTTTTTTTTTTTT valuesort join-21-2
SELECT x4,x8,x38,x44,x31,x9,x57,x48,x19,x40,x14,x12,x7,x64,x37,x18,x62,x35,x42,x15,x16
  FROM t48,t14,t35,t57,t40,t12,t31,t64,t16,t37,t9,t8,t62,t15,t7,t18,t38,t42,t4,t44,t19
 WHERE b42=a40
   AND a64=b57
   AND b37=a48
   AND a44=b12
   AND a31=b15
   AND b38=a35
   AND a18=b64
   AND a7=b62
   AND b8=a38
   AND b48=a57
   AND a15=b40
   AND b16=a14
   AND b44=a42
   AND a31=7
   AND a62=b18
   AND b35=a16
   AND a37=b4
   AND b14=a12
   AND a4=b19
   AND b9=a19
   AND b7=a8
----
21 values hashing to 10f8e6963cbc1950bb6c5b7f928fce50

query TTTTTTTTTTTTTTTTTTTTT valuesort join-21-3
SELECT x5,x22,x50,x40,x27,x25,x6,x39,x34,x21,x46,x41,x8,x49,x17,x24,x26,x54,x64,x58,x9
  FROM t58,t9,t50,t17,t49,t27,t21,t64,t5,t26,t6,t25,t34,t24,t22,t41,t40,t39,t54,t46,t8
 WHERE b22=a39
   AND a64=6
   AND a21=b26
   AND a5=b50
   AND a8=b41
   AND b21=a25
   AND b5=a17
   AND a34=b9
   AND a49=b27
   AND b49=a6
   AND a54=b25
   AND b17=a41
   AND b40=a26
   AND a46=b54
   AND b24=a58
   AND a50=b46
   AND b58=a22
   AND a64=b6
   AND b34=a27
   AND a40=b39
   AND b8=a9
----
21 values hashing to 974acc60777fa62e528a13aa5a11114a

query TTTTTTTTTTTTTTTTTTTTT valuesort join-21-3
SELECT x5,x22,x50,x40,x27,x25,x6,x39,x34,x21,x46,x41,x8,x49,x17,x24,x26,x54,x64,x58,x9
  FROM t49,t5,t41,t40,t54,t24,t21,t22,t46,t25,t9,t58,t26,t64,t39,t50,t17,t27,t34,t8,t6
 WHERE a64=b6
   AND a64=6
   AND b39=a40
   AND a49=b27
   AND a58=b24
   AND a54=b25
   AND a41=b17
   AND b21=a25
   AND b5=a17
   AND b50=a5
   AND b9=a34
   AND a21=b26
   AND b34=a27
   AND b22=a39
   AND a46=b54
   AND a26=b40
   AND b41=a8
   AND b46=a50
   AND a22=b58
   AND a6=b49
   AND b8=a9
----
21 values hashing to 974acc60777fa62e528a13aa5a11114a

query TTTTTTTTTTTTTTTTTTTTT valuesort join-21-3
SELECT x5,x22,x50,x40,x27,x25,x6,x39,x34,x21,x46,x41,x8,x49,x17,x24,x26,x54,x64,x58,x9
  FROM t22,t25,t5,t41,t49,t54,t24,t40,t50,t58,t8,t17,t27,t39,t21,t9,t26,t64,t6,t34,t46
 WHERE b40=a26
   AND a64=6
   AND a54=b25
   AND b34=a27
   AND a49=b27
   AND a5=b50
   AND b24=a58
   AND b41=a8
   AND b26=a21
   AND a25=b21
   AND b46=a50
   AND a39=b22
   AND b8=a9
   AND b49=a6
   AND b17=a41
   AND b54=a46
   AND b39=a40
   AND a22=b58
   AND b9=a34
   AND b5=a17
   AND a64=b6
----
21 values hashing to 974acc60777fa62e528a13aa5a11114a

query TTTTTTTTTTTTTTTTTTTTT valuesort join-21-4
SELECT x49,x24,x17,x35,x42,x12,x34,x63,x43,x51,x53,x60,x28,x64,x18,x46,x4,x3,x57,x30,x56
  FROM t60,t64,t24,t30,t34,t35,t57,t17,t3,t63,t42,t28,t51,t4,t49,t43,t56,t18,t53,t12,t46
 WHERE a60=b17
   AND a3=b49
   AND a17=b24
   AND a18=b35
   AND a64=8
   AND a46=b43
   AND a30=b4
   AND b51=a63
   AND b30=a12
   AND b60=a51
   AND b56=a24
   AND b42=a64
   AND a57=b3
   AND b63=a4
   AND b28=a34
   AND b57=a56
   AND b18=a49
   AND b34=a42
   AND b46=a28
   AND a53=b12
   AND a43=b53
----
21 values hashing to bfd21620ad389cf5ba9c1cefdfe9f04a

query TTTTTTTTTTTTTTTTTTTTT valuesort join-21-4
SELECT x49,x24,x17,x35,x42,x12,x34,x63,x43,x51,x53,x60,x28,x64,x18,x46,x4,x3,x57,x30,x56
  FROM t34,t60,t28,t18,t49,t30,t63,t35,t4,t3,t57,t64,t53,t43,t12,t24,t42,t51,t17,t56,t46
 WHERE b53=a43
   AND a46=b43
   AND a51=b60
   AND a63=b51
   AND b49=a3
   AND a64=8
   AND b17=a60
   AND b57=a56
   AND b30=a12
   AND b46=a28
   AND b18=a49
   AND a24=b56
   AND a30=b4
   AND a34=b28
   AND a18=b35
   AND a57=b3
   AND a4=b63
   AND a42=b34
   AND a17=b24
   AND b12=a53
   AND a64=b42
----
21 values hashing to bfd21620ad389cf5ba9c1cefdfe9f04a

query TTTTTTTTTTTTTTTTTTTTT valuesort join-21-4
SELECT x49,x24,x17,x35,x42,x12,x34,x63,x43,x51,x53,x60,x28,x64,x18,x46,x4,x3,x57,x30,x56
  FROM t49,t12,t53,t64,t46,t17,t3,t51,t24,t42,t56,t35,t4,t30,t34,t60,t18,t28,t43,t63,t57
 WHERE a57=b3
   AND b57=a56
   AND a4=b63
   AND b28=a34
   AND b35=a18
   AND a53=b12
   AND b34=a42
   AND b56=a24
   AND a64=b42
   AND b30=a12
   AND b17=a60
   AND a17=b24
   AND b4=a30
   AND a3=b49
   AND a63=b51
   AND b43=a46
   AND a51=b60
   AND b18=a49
   AND a43=b53
   AND a64=8
   AND a28=b46
----
21 values hashing to bfd21620ad389cf5ba9c1cefdfe9f04a

query TTTTTTTTTTTTTTTTTTTTTT valuesort join-22-1
SELECT x63,x53,x62,x52,x11,x5,x40,x64,x27,x28,x21,x41,x22,x30,x16,x14,x56,x32,x46,x50,x1,x34
  FROM t46,t34,t1,t32,t53,t21,t63,t11,t30,t62,t27,t50,t16,t64,t40,t56,t22,t28,t52,t5,t41,t14
 WHERE a21=b5
   AND b30=a52
   AND a62=b46
   AND a14=3
   AND b52=a28
   AND b53=a14
   AND a63=b28
   AND b40=a56
   AND a11=b64
   AND a53=b22
   AND b1=a34
   AND b32=a41
   AND a50=b63
   AND a64=b62
   AND b11=a30
   AND b27=a40
   AND a22=b56
   AND b21=a46
   AND a1=b50
   AND b34=a16
   AND a27=b16
   AND a5=b41
----
22 values hashing to 8507e61c7657eb5487b939185f45b396

query TTTTTTTTTTTTTTTTTTTTTT valuesort join-22-1
SELECT x63,x53,x62,x52,x11,x5,x40,x64,x27,x28,x21,x41,x22,x30,x16,x14,x56,x32,x46,x50,x1,x34
  FROM t56,t32,t41,t28,t52,t64,t1,t27,t63,t40,t5,t46,t11,t21,t16,t34,t14,t50,t53,t30,t22,t62
 WHERE a52=b30
   AND a14=3
   AND a40=b27
   AND b11=a30
   AND a46=b21
   AND b5=a21
   AND a1=b50
   AND a50=b63
   AND a11=b64
   AND b34=a16
   AND a62=b46
   AND a63=b28
   AND a53=b22
   AND b16=a27
   AND b62=a64
   AND a5=b41
   AND a14=b53
   AND b1=a34
   AND b52=a28
   AND a56=b40
   AND a22=b56
   AND b32=a41
----
22 values hashing to 8507e61c7657eb5487b939185f45b396

query TTTTTTTTTTTTTTTTTTTTTT valuesort join-22-1
SELECT x63,x53,x62,x52,x11,x5,x40,x64,x27,x28,x21,x41,x22,x30,x16,x14,x56,x32,x46,x50,x1,x34
  FROM t56,t46,t16,t27,t40,t14,t64,t34,t5,t53,t1,t63,t32,t21,t52,t11,t28,t50,t22,t30,t62,t41
 WHERE a28=b52
   AND a62=b46
   AND b34=a16
   AND a1=b50
   AND a50=b63
   AND a56=b40
   AND b53=a14
   AND b64=a11
   AND b32=a41
   AND b28=a63
   AND b30=a52
   AND a14=3
   AND b11=a30
   AND a64=b62
   AND a22=b56
   AND a5=b41
   AND b1=a34
   AND a40=b27
   AND b22=a53
   AND a27=b16
   AND b21=a46
   AND a21=b5
----
22 values hashing to 8507e61c7657eb5487b939185f45b396

query TTTTTTTTTTTTTTTTTTTTTT valuesort join-22-2
SELECT x28,x23,x42,x45,x33,x38,x58,x7,x32,x8,x48,x60,x62,x22,x63,x61,x44,x29,x50,x27,x18,x20
  FROM t23,t27,t48,t60,t45,t22,t18,t62,t32,t50,t29,t33,t58,t28,t42,t38,t61,t7,t8,t20,t44,t63
 WHERE a61=b8
   AND a18=b61
   AND b23=a42
   AND b18=a22
   AND a44=b58
   AND a63=b48
   AND b60=a38
   AND a58=b50
   AND a8=b42
   AND b45=a50
   AND b33=a20
   AND b32=a62
   AND a23=b28
   AND b38=a32
   AND b22=a27
   AND b7=a45
   AND a62=3
   AND b27=a60
   AND b44=a29
   AND a28=b20
   AND a33=b29
   AND b63=a7
----
22 values hashing to 7d7eeccc241d4aca6f6b0b5ccad615e1

query TTTTTTTTTTTTTTTTTTTTTT valuesort join-22-2
SELECT x28,x23,x42,x45,x33,x38,x58,x7,x32,x8,x48,x60,x62,x22,x63,x61,x44,x29,x50,x27,x18,x20
  FROM t44,t29,t60,t61,t22,t38,t7,t42,t63,t8,t27,t50,t58,t18,t45,t23,t48,t28,t32,t62,t33,t20
 WHERE b23=a42
   AND a27=b22
   AND a62=b32
   AND b29=a33
   AND b27=a60
   AND a23=b28
   AND a44=b58
   AND a38=b60
   AND b45=a50
   AND a7=b63
   AND b61=a18
   AND a45=b7
   AND a62=3
   AND a8=b42
   AND b48=a63
   AND b8=a61
   AND b33=a20
   AND a58=b50
   AND b18=a22
   AND a29=b44
   AND a28=b20
   AND b38=a32
----
22 values hashing to 7d7eeccc241d4aca6f6b0b5ccad615e1

query TTTTTTTTTTTTTTTTTTTTTT valuesort join-22-2
SELECT x28,x23,x42,x45,x33,x38,x58,x7,x32,x8,x48,x60,x62,x22,x63,x61,x44,x29,x50,x27,x18,x20
  FROM t33,t27,t45,t8,t61,t63,t28,t62,t23,t60,t58,t38,t42,t29,t50,t7,t18,t22,t48,t20,t44,t32
 WHERE b22=a27
   AND b50=a58
   AND b61=a18
   AND b44=a29
   AND b42=a8
   AND b45=a50
   AND a45=b7
   AND b32=a62
   AND a62=3
   AND b8=a61
   AND b27=a60
   AND b33=a20
   AND a23=b28
   AND b20=a28
   AND a7=b63
   AND b23=a42
   AND a33=b29
   AND a22=b18
   AND a44=b58
   AND b60=a38
   AND b48=a63
   AND b38=a32
----
22 values hashing to 7d7eeccc241d4aca6f6b0b5ccad615e1

query TTTTTTTTTTTTTTTTTTTTTT valuesort join-22-3
SELECT x57,x1,x43,x41,x28,x60,x54,x42,x6,x7,x2,x37,x48,x47,x36,x39,x50,x44,x9,x4,x21,x19
  FROM t57,t44,t54,t48,t1,t42,t41,t6,t60,t2,t4,t50,t39,t28,t36,t47,t43,t21,t37,t9,t19,t7
 WHERE b28=a6
   AND b42=a19
   AND b54=a7
   AND a39=b60
   AND a9=b21
   AND a50=b2
   AND a4=b36
   AND b44=a41
   AND a2=b37
   AND a37=b19
   AND a39=1
   AND b48=a1
   AND b47=a60
   AND b57=a36
   AND b9=a47
   AND b1=a42
   AND a44=b43
   AND b50=a43
   AND a48=b6
   AND b7=a21
   AND a57=b41
   AND a54=b4
----
22 values hashing to 06ffdaa56ee41a5d60ddc056f0001ed1

query TTTTTTTTTTTTTTTTTTTTTT valuesort join-22-3
SELECT x57,x1,x43,x41,x28,x60,x54,x42,x6,x7,x2,x37,x48,x47,x36,x39,x50,x44,x9,x4,x21,x19
  FROM t7,t48,t1,t39,t42,t41,t47,t44,t54,t6,t9,t2,t36,t19,t37,t4,t57,t43,t21,t60,t50,t28
 WHERE b1=a42
   AND b60=a39
   AND a44=b43
   AND b6=a48
   AND b21=a9
   AND a6=b28
   AND a37=b19
   AND a47=b9
   AND a36=b57
   AND b44=a41
   AND b47=a60
   AND a57=b41
   AND a2=b37
   AND b42=a19
   AND b4=a54
   AND a1=b48
   AND a7=b54
   AND b2=a50
   AND a39=1
   AND a43=b50
   AND b36=a4
   AND a21=b7
----
22 values hashing to 06ffdaa56ee41a5d60ddc056f0001ed1

query TTTTTTTTTTTTTTTTTTTTTT valuesort join-22-3
SELECT x57,x1,x43,x41,x28,x60,x54,x42,x6,x7,x2,x37,x48,x47,x36,x39,x50,x44,x9,x4,x21,x19
  FROM t42,t48,t60,t2,t28,t44,t4,t43,t54,t6,t36,t19,t57,t21,t9,t7,t37,t47,t41,t50,t1,t39
 WHERE a41=b44
   AND a60=b47
   AND a6=b28
   AND a47=b9
   AND b6=a48
   AND a39=b60
   AND a43=b50
   AND b21=a9
   AND b19=a37
   AND b4=a54
   AND a39=1
   AND a50=b2
   AND a7=b54
   AND b57=a36
   AND b48=a1
   AND a2=b37
   AND a42=b1
   AND a44=b43
   AND b42=a19
   AND b36=a4
   AND b41=a57
   AND b7=a21
----
22 values hashing to 06ffdaa56ee41a5d60ddc056f0001ed1

query TTTTTTTTTTTTTTTTTTTTTT valuesort join-22-4
SELECT x51,x8,x27,x44,x62,x38,x33,x12,x9,x59,x25,x64,x57,x53,x55,x46,x35,x10,x21,x56,x16,x54
  FROM t12,t21,t9,t44,t56,t59,t55,t46,t64,t8,t38,t35,t10,t16,t33,t25,t62,t53,t57,t54,t51,t27
 WHERE b62=a38
   AND b44=a16
   AND b9=a56
   AND a64=b38
   AND a57=b64
   AND a25=b53
   AND a62=b56
   AND a54=b27
   AND b25=a59
   AND a44=b12
   AND b8=a46
   AND a55=b59
   AND b10=a21
   AND b54=a35
   AND a33=b55
   AND a27=b33
   AND b35=a9
   AND a8=b16
   AND b51=a12
   AND a57=4
   AND a53=b46
   AND b21=a51
----
22 values hashing to 270ca0925da39dbff78988759909c6c3

query TTTTTTTTTTTTTTTTTTTTTT valuesort join-22-4
SELECT x51,x8,x27,x44,x62,x38,x33,x12,x9,x59,x25,x64,x57,x53,x55,x46,x35,x10,x21,x56,x16,x54
  FROM t64,t51,t9,t54,t35,t62,t10,t12,t33,t56,t8,t21,t55,t57,t44,t53,t16,t59,t27,t38,t46,t25
 WHERE a9=b35
   AND b10=a21
   AND a27=b33
   AND a25=b53
   AND a46=b8
   AND b56=a62
   AND b16=a8
   AND b62=a38
   AND b54=a35
   AND a33=b55
   AND b59=a55
   AND a44=b12
   AND a53=b46
   AND b9=a56
   AND a57=4
   AND a54=b27
   AND a16=b44
   AND b25=a59
   AND b38=a64
   AND b21=a51
   AND a12=b51
   AND b64=a57
----
22 values hashing to 270ca0925da39dbff78988759909c6c3

query TTTTTTTTTTTTTTTTTTTTTT valuesort join-22-4
SELECT x51,x8,x27,x44,x62,x38,x33,x12,x9,x59,x25,x64,x57,x53,x55,x46,x35,x10,x21,x56,x16,x54
  FROM t64,t53,t54,t38,t46,t51,t56,t27,t59,t55,t57,t10,t62,t12,t33,t16,t21,t44,t9,t35,t25,t8
 WHERE b16=a8
   AND a56=b9
   AND a27=b33
   AND b55=a33
   AND a57=4
   AND a46=b8
   AND a51=b21
   AND a21=b10
   AND a53=b46
   AND b44=a16
   AND a64=b38
   AND b35=a9
   AND a35=b54
   AND a38=b62
   AND b56=a62
   AND a12=b51
   AND a44=b12
   AND a54=b27
   AND a25=b53
   AND b64=a57
   AND b25=a59
   AND b59=a55
----
22 values hashing to 270ca0925da39dbff78988759909c6c3

query TTTTTTTTTTTTTTTTTTTTTTT valuesort join-23-1
SELECT x35,x47,x17,x27,x14,x38,x11,x21,x28,x22,x3,x54,x19,x44,x55,x30,x29,x31,x8,x7,x24,x4,x32
  FROM t19,t3,t55,t24,t38,t11,t27,t44,t8,t30,t47,t31,t22,t14,t32,t4,t7,t28,t29,t17,t21,t35,t54
 WHERE b54=a7
   AND b4=a19
   AND b24=a21
   AND b8=a38
   AND a8=b32
   AND a27=b29
   AND a24=b3
   AND b35=a55
   AND b22=a30
   AND a14=9
   AND b38=a29
   AND b19=a32
   AND a14=b47
   AND a47=b44
   AND b28=a54
   AND b17=a28
   AND a4=b21
   AND a44=b31
   AND b27=a22
   AND b30=a11
   AND b55=a31
   AND b7=a3
   AND b11=a35
----
23 values hashing to 80839b55fb9d63b55d7f8674712b1696

query TTTTTTTTTTTTTTTTTTTTTTT valuesort join-23-1
SELECT x35,x47,x17,x27,x14,x38,x11,x21,x28,x22,x3,x54,x19,x44,x55,x30,x29,x31,x8,x7,x24,x4,x32
  FROM t35,t19,t4,t21,t28,t27,t11,t3,t54,t47,t24,t7,t32,t29,t55,t14,t17,t31,t30,t44,t8,t22,t38
 WHERE a3=b7
   AND b29=a27
   AND a11=b30
   AND b24=a21
   AND a55=b35
   AND a14=9
   AND a24=b3
   AND b31=a44
   AND a38=b8
   AND a8=b32
   AND a28=b17
   AND a29=b38
   AND b55=a31
   AND b11=a35
   AND a4=b21
   AND b54=a7
   AND a30=b22
   AND a19=b4
   AND a14=b47
   AND a47=b44
   AND b19=a32
   AND a54=b28
   AND b27=a22
----
23 values hashing to 80839b55fb9d63b55d7f8674712b1696

query TTTTTTTTTTTTTTTTTTTTTTT valuesort join-23-1
SELECT x35,x47,x17,x27,x14,x38,x11,x21,x28,x22,x3,x54,x19,x44,x55,x30,x29,x31,x8,x7,x24,x4,x32
  FROM t31,t21,t54,t24,t35,t47,t4,t22,t27,t55,t17,t14,t44,t3,t32,t11,t28,t30,t38,t29,t7,t19,t8
 WHERE a32=b19
   AND a28=b17
   AND a19=b4
   AND a54=b28
   AND a27=b29
   AND a22=b27
   AND a31=b55
   AND a4=b21
   AND a24=b3
   AND a47=b44
   AND a14=9
   AND a21=b24
   AND a11=b30
   AND a29=b38
   AND b7=a3
   AND b8=a38
   AND b31=a44
   AND b32=a8
   AND b11=a35
   AND b35=a55
   AND a7=b54
   AND a14=b47
   AND a30=b22
----
23 values hashing to 80839b55fb9d63b55d7f8674712b1696

query TTTTTTTTTTTTTTTTTTTTTTT valuesort join-23-2
SELECT x20,x8,x49,x36,x27,x38,x2,x14,x31,x53,x62,x63,x32,x57,x42,x46,x40,x39,x3,x56,x55,x15,x33
  FROM t40,t55,t39,t63,t32,t56,t31,t33,t46,t8,t3,t27,t57,t42,t2,t14,t53,t36,t20,t38,t62,t49,t15
 WHERE b55=a32
   AND b32=a57
   AND a40=b42
   AND a20=b36
   AND b49=a56
   AND a8=b63
   AND b57=a63
   AND a62=b33
   AND a42=b39
   AND a31=10
   AND a33=b38
   AND a14=b46
   AND a46=b62
   AND a2=b53
   AND b2=a49
   AND a55=b3
   AND b14=a27
   AND a15=b20
   AND b27=a3
   AND b56=a39
   AND a53=b15
   AND a31=b8
   AND a38=b40
----
23 values hashing to 95a86410e178e4d70f5a69807e4d91cb

query TTTTTTTTTTTTTTTTTTTTTTT valuesort join-23-2
SELECT x20,x8,x49,x36,x27,x38,x2,x14,x31,x53,x62,x63,x32,x57,x42,x46,x40,x39,x3,x56,x55,x15,x33
  FROM t38,t56,t39,t46,t33,t36,t63,t20,t55,t3,t32,t42,t40,t27,t57,t15,t2,t62,t53,t8,t14,t31,t49
 WHERE b49=a56
   AND b20=a15
   AND b57=a63
   AND b55=a32
   AND b39=a42
   AND a8=b63
   AND a20=b36
   AND b2=a49
   AND a31=10
   AND b42=a40
   AND a27=b14
   AND a62=b33
   AND a55=b3
   AND a2=b53
   AND b8=a31
   AND a33=b38
   AND a38=b40
   AND b32=a57
   AND b62=a46
   AND b15=a53
   AND b56=a39
   AND a14=b46
   AND a3=b27
----
23 values hashing to 95a86410e178e4d70f5a69807e4d91cb

query TTTTTTTTTTTTTTTTTTTTTTT valuesort join-23-2
SELECT x20,x8,x49,x36,x27,x38,x2,x14,x31,x53,x62,x63,x32,x57,x42,x46,x40,x39,x3,x56,x55,x15,x33
  FROM t39,t14,t36,t15,t40,t42,t20,t8,t27,t56,t49,t55,t38,t32,t62,t46,t31,t53,t57,t3,t63,t33,t2
 WHERE a3=b27
   AND b49=a56
   AND a20=b36
   AND b2=a49
   AND a42=b39
   AND b20=a15
   AND a27=b14
   AND b57=a63
   AND a53=b15
   AND b62=a46
   AND a31=10
   AND a62=b33
   AND a31=b8
   AND b3=a55
   AND a32=b55
   AND b40=a38
   AND b38=a33
   AND b42=a40
   AND a14=b46
   AND b63=a8
   AND a57=b32
   AND b56=a39
   AND b53=a2
----
23 values hashing to 95a86410e178e4d70f5a69807e4d91cb

query TTTTTTTTTTTTTTTTTTTTTTT valuesort join-23-3
SELECT x41,x29,x4,x62,x20,x44,x49,x8,x22,x59,x50,x28,x18,x54,x23,x53,x3,x26,x55,x34,x35,x52,x40
  FROM t34,t62,t22,t35,t54,t50,t4,t18,t29,t52,t23,t8,t44,t53,t3,t59,t49,t55,t40,t28,t26,t41,t20
 WHERE b35=a34
   AND a4=b18
   AND b34=a18
   AND b53=a20
   AND b49=a62
   AND a55=b3
   AND a26=b29
   AND a35=b40
   AND b44=a3
   AND a40=b62
   AND a23=b55
   AND a52=b22
   AND b28=a50
   AND b52=a49
   AND a53=b4
   AND a8=b59
   AND b50=a29
   AND b23=a59
   AND b20=a28
   AND b54=a41
   AND a26=10
   AND a22=b8
   AND a44=b41
----
23 values hashing to 5767fcc24f23fc84b54be0f0f3c57f01

query TTTTTTTTTTTTTTTTTTTTTTT valuesort join-23-3
SELECT x41,x29,x4,x62,x20,x44,x49,x8,x22,x59,x50,x28,x18,x54,x23,x53,x3,x26,x55,x34,x35,x52,x40
  FROM t62,t52,t18,t29,t26,t34,t53,t40,t8,t28,t49,t50,t35,t3,t4,t54,t55,t22,t20,t41,t59,t44,t23
 WHERE a41=b54
   AND b34=a18
   AND b29=a26
   AND a26=10
   AND b59=a8
   AND a62=b49
   AND a55=b3
   AND a40=b62
   AND b4=a53
   AND b23=a59
   AND b44=a3
   AND b53=a20
   AND a28=b20
   AND a52=b22
   AND a4=b18
   AND b40=a35
   AND a22=b8
   AND a23=b55
   AND a49=b52
   AND b28=a50
   AND a44=b41
   AND a29=b50
   AND a34=b35
----
23 values hashing to 5767fcc24f23fc84b54be0f0f3c57f01

query TTTTTTTTTTTTTTTTTTTTTTT valuesort join-23-3
SELECT x41,x29,x4,x62,x20,x44,x49,x8,x22,x59,x50,x28,x18,x54,x23,x53,x3,x26,x55,x34,x35,x52,x40
  FROM t20,t18,t4,t28,t59,t22,t41,t26,t3,t8,t40,t52,t62,t23,t53,t34,t50,t55,t35,t49,t54,t29,t44
 WHERE a41=b54
   AND b59=a8
   AND a4=b18
   AND b50=a29
   AND a62=b49
   AND a26=b29
   AND b23=a59
   AND a26=10
   AND b34=a18
   AND a40=b62
   AND a35=b40
   AND a3=b44
   AND a20=b53
   AND b41=a44
   AND b52=a49
   AND b20=a28
   AND b4=a53
   AND a34=b35
   AND a52=b22
   AND b28=a50
   AND b8=a22
   AND a23=b55
   AND b3=a55
----
23 values hashing to 5767fcc24f23fc84b54be0f0f3c57f01

query TTTTTTTTTTTTTTTTTTTTTTT valuesort join-23-4
SELECT x39,x2,x1,x36,x17,x32,x54,x5,x15,x63,x49,x16,x50,x26,x20,x6,x11,x21,x45,x34,x33,x52,x28
  FROM t32,t39,t63,t21,t36,t6,t15,t49,t17,t52,t33,t5,t16,t26,t50,t34,t20,t2,t11,t28,t1,t45,t54
 WHERE a39=b2
   AND a11=7
   AND a52=b50
   AND a5=b28
   AND b1=a15
   AND a1=b49
   AND b54=a28
   AND a34=b39
   AND b33=a32
   AND a54=b45
   AND b5=a16
   AND b20=a49
   AND b21=a11
   AND b34=a26
   AND b52=a21
   AND b26=a63
   AND b17=a6
   AND b63=a20
   AND b16=a50
   AND a45=b36
   AND a33=b6
   AND a2=b32
   AND a36=b15
----
23 values hashing to ffdf8809f8e92abb23cd7750b355d48c

query TTTTTTTTTTTTTTTTTTTTTTT valuesort join-23-4
SELECT x39,x2,x1,x36,x17,x32,x54,x5,x15,x63,x49,x16,x50,x26,x20,x6,x11,x21,x45,x34,x33,x52,x28
  FROM t17,t34,t1,t26,t33,t63,t49,t52,t36,t32,t21,t6,t45,t11,t50,t2,t20,t54,t39,t28,t16,t5,t15
 WHERE b28=a5
   AND b36=a45
   AND b32=a2
   AND a16=b5
   AND b15=a36
   AND b34=a26
   AND b54=a28
   AND b26=a63
   AND b52=a21
   AND a11=7
   AND b39=a34
   AND b20=a49
   AND b49=a1
   AND a11=b21
   AND a33=b6
   AND a39=b2
   AND b45=a54
   AND b33=a32
   AND a52=b50
   AND a15=b1
   AND a50=b16
   AND a6=b17
   AND b63=a20
----
23 values hashing to ffdf8809f8e92abb23cd7750b355d48c

query TTTTTTTTTTTTTTTTTTTTTTT valuesort join-23-4
SELECT x39,x2,x1,x36,x17,x32,x54,x5,x15,x63,x49,x16,x50,x26,x20,x6,x11,x21,x45,x34,x33,x52,x28
  FROM t21,t26,t15,t17,t32,t34,t39,t16,t49,t33,t1,t20,t6,t36,t50,t28,t5,t63,t54,t52,t2,t45,t11
 WHERE a63=b26
   AND b54=a28
   AND b15=a36
   AND a11=7
   AND a5=b28
   AND a50=b16
   AND a16=b5
   AND b50=a52
   AND a54=b45
   AND a49=b20
   AND a34=b39
   AND b63=a20
   AND a33=b6
   AND a39=b2
   AND b36=a45
   AND b49=a1
   AND a21=b52
   AND b32=a2
   AND b1=a15
   AND a26=b34
   AND a11=b21
   AND b17=a6
   AND b33=a32
----
23 values hashing to ffdf8809f8e92abb23cd7750b355d48c

query TTTTTTTTTTTTTTTTTTTTTTTT valuesort join-24-1
SELECT x13,x20,x6,x32,x54,x39,x28,x47,x43,x24,x30,x25,x2,x53,x40,x23,x52,x5,x18,x63,x31,x59,x11,x51
  FROM t51,t52,t6,t63,t23,t54,t2,t11,t31,t30,t24,t40,t39,t47,t13,t28,t25,t5,t59,t20,t43,t18,t53,t32
 WHERE b2=a51
   AND a5=b59
   AND a47=b54
   AND b32=a54
   AND b39=a59
   AND a18=b43
   AND b5=a28
   AND a31=b52
   AND a28=10
   AND b20=a2
   AND b40=a6
   AND b25=a20
   AND b24=a40
   AND a63=b30
   AND a30=b31
   AND a23=b18
   AND b47=a24
   AND a52=b6
   AND b53=a13
   AND a25=b23
   AND a39=b63
   AND b13=a11
   AND a53=b51
   AND b11=a32
----
24 values hashing to 4b6884f91b871e5a19b86e2bbcdb2f85

query TTTTTTTTTTTTTTTTTTTTTTTT valuesort join-24-1
SELECT x13,x20,x6,x32,x54,x39,x28,x47,x43,x24,x30,x25,x2,x53,x40,x23,x52,x5,x18,x63,x31,x59,x11,x51
  FROM t5,t52,t20,t11,t30,t39,t25,t47,t43,t6,t28,t51,t18,t59,t40,t31,t24,t23,t53,t13,t32,t63,t54,t2
 WHERE a6=b40
   AND a63=b30
   AND a53=b51
   AND b25=a20
   AND a52=b6
   AND b39=a59
   AND a28=10
   AND a39=b63
   AND a2=b20
   AND a5=b59
   AND a11=b13
   AND b32=a54
   AND a24=b47
   AND b11=a32
   AND a40=b24
   AND b31=a30
   AND b18=a23
   AND a13=b53
   AND b54=a47
   AND a28=b5
   AND a25=b23
   AND a31=b52
   AND a18=b43
   AND a51=b2
----
24 values hashing to 4b6884f91b871e5a19b86e2bbcdb2f85

query TTTTTTTTTTTTTTTTTTTTTTTT valuesort join-24-1
SELECT x13,x20,x6,x32,x54,x39,x28,x47,x43,x24,x30,x25,x2,x53,x40,x23,x52,x5,x18,x63,x31,x59,x11,x51
  FROM t43,t52,t32,t53,t28,t5,t47,t51,t31,t13,t40,t18,t24,t20,t63,t30,t59,t39,t54,t25,t23,t11,t6,t2
 WHERE a2=b20
   AND b25=a20
   AND a54=b32
   AND b40=a6
   AND a28=10
   AND a24=b47
   AND a25=b23
   AND b52=a31
   AND a47=b54
   AND b31=a30
   AND b51=a53
   AND b59=a5
   AND a11=b13
   AND a13=b53
   AND a63=b30
   AND b43=a18
   AND a28=b5
   AND b18=a23
   AND b24=a40
   AND b39=a59
   AND a32=b11
   AND a39=b63
   AND b6=a52
   AND b2=a51
----
24 values hashing to 4b6884f91b871e5a19b86e2bbcdb2f85

query TTTTTTTTTTTTTTTTTTTTTTTT valuesort join-24-2
SELECT x20,x48,x32,x44,x22,x49,x25,x21,x62,x19,x3,x56,x2,x8,x51,x46,x24,x52,x55,x23,x45,x14,x9,x5
  FROM t8,t20,t23,t48,t14,t62,t21,t5,t32,t52,t49,t3,t9,t46,t44,t51,t56,t24,t55,t25,t2,t45,t19,t22
 WHERE a2=b55
   AND a21=b52
   AND b3=a19
   AND a52=b51
   AND a22=b20
   AND a5=b23
   AND b56=a3
   AND a44=b32
   AND b46=a48
   AND a62=b19
   AND b9=a56
   AND a32=b25
   AND a46=b22
   AND a45=b24
   AND b49=a8
   AND b8=a20
   AND a48=10
   AND b62=a14
   AND a24=b44
   AND a49=b5
   AND a9=b21
   AND a51=b45
   AND a25=b2
   AND b14=a23
----
24 values hashing to 1062910580fc974315b5721e03bf6334

query TTTTTTTTTTTTTTTTTTTTTTTT valuesort join-24-2
SELECT x20,x48,x32,x44,x22,x49,x25,x21,x62,x19,x3,x56,x2,x8,x51,x46,x24,x52,x55,x23,x45,x14,x9,x5
  FROM t45,t56,t52,t55,t19,t2,t9,t5,t62,t21,t23,t49,t48,t3,t8,t24,t25,t14,t44,t46,t51,t22,t32,t20
 WHERE b52=a21
   AND b23=a5
   AND a56=b9
   AND b55=a2
   AND b19=a62
   AND b2=a25
   AND b25=a32
   AND a9=b21
   AND a51=b45
   AND b5=a49
   AND b32=a44
   AND a24=b44
   AND b3=a19
   AND b22=a46
   AND a48=10
   AND a52=b51
   AND a8=b49
   AND a20=b8
   AND a48=b46
   AND b62=a14
   AND a22=b20
   AND b14=a23
   AND a45=b24
   AND b56=a3
----
24 values hashing to 1062910580fc974315b5721e03bf6334

query TTTTTTTTTTTTTTTTTTTTTTTT valuesort join-24-2
SELECT x20,x48,x32,x44,x22,x49,x25,x21,x62,x19,x3,x56,x2,x8,x51,x46,x24,x52,x55,x23,x45,x14,x9,x5
  FROM t8,t24,t62,t56,t25,t32,t22,t46,t21,t55,t44,t2,t48,t9,t5,t19,t45,t49,t23,t51,t14,t52,t3,t20
 WHERE a48=10
   AND a3=b56
   AND a24=b44
   AND b3=a19
   AND b52=a21
   AND a46=b22
   AND a5=b23
   AND a32=b25
   AND b55=a2
   AND b46=a48
   AND a23=b14
   AND a22=b20
   AND a52=b51
   AND b32=a44
   AND b62=a14
   AND a9=b21
   AND a45=b24
   AND b8=a20
   AND b19=a62
   AND b5=a49
   AND a56=b9
   AND b2=a25
   AND b45=a51
   AND b49=a8
----
24 values hashing to 1062910580fc974315b5721e03bf6334

query TTTTTTTTTTTTTTTTTTTTTTTT valuesort join-24-3
SELECT x61,x16,x59,x6,x29,x53,x31,x12,x56,x50,x27,x54,x24,x22,x13,x58,x42,x2,x17,x4,x19,x55,x63,x34
  FROM t63,t61,t16,t4,t12,t27,t54,t53,t24,t6,t56,t55,t17,t29,t58,t50,t19,t59,t34,t31,t22,t42,t13,t2
 WHERE b22=a54
   AND a63=b4
   AND a13=b55
   AND a2=b54
   AND a58=b24
   AND a27=1
   AND b56=a12
   AND b42=a61
   AND b13=a56
   AND a50=b34
   AND b19=a16
   AND b53=a6
   AND b59=a19
   AND a29=b6
   AND a4=b61
   AND a22=b17
   AND a24=b63
   AND b58=a53
   AND a34=b29
   AND b31=a42
   AND a27=b16
   AND a59=b2
   AND a17=b12
   AND a55=b50
----
24 values hashing to 35916f98b0e92a49a1023e3acf2682c8

query TTTTTTTTTTTTTTTTTTTTTTTT valuesort join-24-3
SELECT x61,x16,x59,x6,x29,x53,x31,x12,x56,x50,x27,x54,x24,x22,x13,x58,x42,x2,x17,x4,x19,x55,x63,x34
  FROM t19,t61,t42,t63,t29,t55,t4,t22,t54,t31,t24,t50,t13,t56,t34,t53,t16,t27,t12,t17,t58,t6,t2,t59
 WHERE b29=a34
   AND a24=b63
   AND b56=a12
   AND b31=a42
   AND b50=a55
   AND b16=a27
   AND b2=a59
   AND a4=b61
   AND a27=1
   AND a50=b34
   AND b17=a22
   AND b4=a63
   AND a2=b54
   AND a17=b12
   AND b13=a56
   AND b59=a19
   AND b22=a54
   AND b6=a29
   AND b24=a58
   AND b58=a53
   AND b19=a16
   AND a61=b42
   AND b55=a13
   AND a6=b53
----
24 values hashing to 35916f98b0e92a49a1023e3acf2682c8

query TTTTTTTTTTTTTTTTTTTTTTTT valuesort join-24-3
SELECT x61,x16,x59,x6,x29,x53,x31,x12,x56,x50,x27,x54,x24,x22,x13,x58,x42,x2,x17,x4,x19,x55,x63,x34
  FROM t17,t59,t42,t61,t12,t34,t6,t16,t54,t19,t22,t27,t55,t24,t50,t29,t56,t53,t31,t58,t4,t2,t13,t63
 WHERE b16=a27
   AND b54=a2
   AND a54=b22
   AND b31=a42
   AND b53=a6
   AND a13=b55
   AND a4=b61
   AND a17=b12
   AND b58=a53
   AND a29=b6
   AND b19=a16
   AND a56=b13
   AND a22=b17
   AND a55=b50
   AND a59=b2
   AND b34=a50
   AND a61=b42
   AND b4=a63
   AND a27=1
   AND a58=b24
   AND a24=b63
   AND a19=b59
   AND a12=b56
   AND a34=b29
----
24 values hashing to 35916f98b0e92a49a1023e3acf2682c8

query TTTTTTTTTTTTTTTTTTTTTTTT valuesort join-24-4
SELECT x20,x47,x38,x18,x10,x22,x37,x3,x63,x8,x30,x43,x54,x9,x21,x25,x2,x61,x55,x32,x52,x29,x50,x12
  FROM t9,t20,t63,t54,t32,t22,t52,t25,t47,t29,t12,t18,t10,t21,t43,t37,t2,t61,t55,t3,t38,t50,t30,t8
 WHERE b3=a18
   AND a25=b38
   AND a54=b8
   AND a61=b47
   AND a43=b29
   AND b18=a12
   AND b32=a30
   AND a22=b43
   AND a29=b21
   AND a10=b25
   AND a12=4
   AND b22=a32
   AND a20=b55
   AND b30=a9
   AND a2=b61
   AND a38=b52
   AND a55=b9
   AND a21=b50
   AND a37=b54
   AND b10=a3
   AND a52=b2
   AND a50=b63
   AND a8=b20
   AND a47=b37
----
24 values hashing to 43b1304a7d508f6323ab0e6f4441a0e6

query TTTTTTTTTTTTTTTTTTTTTTTT valuesort join-24-4
SELECT x20,x47,x38,x18,x10,x22,x37,x3,x63,x8,x30,x43,x54,x9,x21,x25,x2,x61,x55,x32,x52,x29,x50,x12
  FROM t47,t50,t2,t32,t63,t29,t21,t9,t37,t30,t61,t54,t55,t43,t12,t10,t20,t3,t8,t52,t38,t25,t18,t22
 WHERE a22=b43
   AND b29=a43
   AND a10=b25
   AND b30=a9
   AND b63=a50
   AND b3=a18
   AND b54=a37
   AND a38=b52
   AND b10=a3
   AND b9=a55
   AND b38=a25
   AND b50=a21
   AND b37=a47
   AND b22=a32
   AND b55=a20
   AND b18=a12
   AND a29=b21
   AND b8=a54
   AND b61=a2
   AND a61=b47
   AND a12=4
   AND b2=a52
   AND b20=a8
   AND b32=a30
----
24 values hashing to 43b1304a7d508f6323ab0e6f4441a0e6

query TTTTTTTTTTTTTTTTTTTTTTTT valuesort join-24-4
SELECT x20,x47,x38,x18,x10,x22,x37,x3,x63,x8,x30,x43,x54,x9,x21,x25,x2,x61,x55,x32,x52,x29,x50,x12
  FROM t52,t8,t9,t55,t30,t20,t12,t21,t18,t25,t3,t10,t54,t29,t2,t50,t43,t32,t61,t22,t63,t38,t37,t47
 WHERE a18=b3
   AND a8=b20
   AND a37=b54
   AND b9=a55
   AND b47=a61
   AND b30=a9
   AND a32=b22
   AND a29=b21
   AND b63=a50
   AND b61=a2
   AND b10=a3
   AND b43=a22
   AND a12=4
   AND b55=a20
   AND b8=a54
   AND b50=a21
   AND a30=b32
   AND a47=b37
   AND b25=a10
   AND b29=a43
   AND a25=b38
   AND a38=b52
   AND b18=a12
   AND b2=a52
----
24 values hashing to 43b1304a7d508f6323ab0e6f4441a0e6

query TTTTTTTTTTTTTTTTTTTTTTTTT valuesort join-25-1
SELECT x63,x9,x33,x45,x56,x18,x32,x8,x39,x43,x31,x48,x58,x5,x51,x30,x17,x19,x62,x26,x4,x49,x25,x1,x40
  FROM t49,t33,t39,t48,t56,t9,t5,t40,t51,t45,t4,t32,t58,t25,t8,t30,t1,t43,t19,t17,t63,t18,t31,t62,t26
 WHERE b40=a39
   AND a1=b63
   AND a18=b30
   AND b5=a19
   AND a49=b18
   AND a43=b31
   AND b1=a56
   AND b25=a32
   AND b17=a45
   AND a58=b8
   AND a48=b33
   AND a26=b51
   AND a17=b26
   AND a5=b4
   AND a43=10
   AND b48=a8
   AND a63=b58
   AND b45=a62
   AND b62=a31
   AND b49=a9
   AND b19=a33
   AND b39=a30
   AND b56=a25
   AND b32=a51
   AND b9=a4
----
25 values hashing to 88b5bb7c315281ff987eb95dbdb8edd4

query TTTTTTTTTTTTTTTTTTTTTTTTT valuesort join-25-1
SELECT x63,x9,x33,x45,x56,x18,x32,x8,x39,x43,x31,x48,x58,x5,x51,x30,x17,x19,x62,x26,x4,x49,x25,x1,x40
  FROM t25,t8,t33,t17,t31,t48,t40,t49,t26,t1,t4,t56,t39,t58,t19,t43,t45,t62,t30,t32,t5,t51,t9,t63,t18
 WHERE b48=a8
   AND b25=a32
   AND a43=b31
   AND a56=b1
   AND a19=b5
   AND b58=a63
   AND a30=b39
   AND a26=b51
   AND b4=a5
   AND b26=a17
   AND a1=b63
   AND b62=a31
   AND b40=a39
   AND a4=b9
   AND a51=b32
   AND a9=b49
   AND b56=a25
   AND b18=a49
   AND b8=a58
   AND b19=a33
   AND b30=a18
   AND a43=10
   AND b45=a62
   AND b17=a45
   AND b33=a48
----
25 values hashing to 88b5bb7c315281ff987eb95dbdb8edd4

query TTTTTTTTTTTTTTTTTTTTTTTTT valuesort join-25-1
SELECT x63,x9,x33,x45,x56,x18,x32,x8,x39,x43,x31,x48,x58,x5,x51,x30,x17,x19,x62,x26,x4,x49,x25,x1,x40
  FROM t17,t58,t43,t25,t40,t4,t48,t45,t63,t39,t8,t1,t18,t26,t56,t19,t9,t33,t5,t62,t51,t32,t30,t31,t49
 WHERE b40=a39
   AND b62=a31
   AND a30=b39
   AND b17=a45
   AND b31=a43
   AND a1=b63
   AND b32=a51
   AND b45=a62
   AND a5=b4
   AND b58=a63
   AND a19=b5
   AND b49=a9
   AND a43=10
   AND b8=a58
   AND b48=a8
   AND b19=a33
   AND b25=a32
   AND b1=a56
   AND b51=a26
   AND b9=a4
   AND a25=b56
   AND a17=b26
   AND b30=a18
   AND b18=a49
   AND b33=a48
----
25 values hashing to 88b5bb7c315281ff987eb95dbdb8edd4

query TTTTTTTTTTTTTTTTTTTTTTTTT valuesort join-25-2
SELECT x40,x27,x30,x36,x24,x56,x42,x17,x11,x41,x32,x23,x16,x47,x25,x50,x12,x19,x33,x61,x20,x15,x54,x55,x53
  FROM t25,t54,t24,t40,t32,t16,t19,t33,t17,t47,t12,t27,t42,t41,t56,t30,t20,t55,t11,t50,t23,t36,t15,t61,t53
 WHERE b33=a56
   AND a47=b42
   AND b40=a25
   AND b23=a61
   AND b24=a41
   AND b19=a12
   AND b47=a36
   AND a55=b16
   AND a53=b61
   AND b41=a17
   AND b55=a54
   AND a19=b53
   AND a33=b27
   AND b20=a50
   AND a20=b36
   AND a50=7
   AND b12=a30
   AND a40=b54
   AND b56=a32
   AND b11=a16
   AND b17=a15
   AND b32=a24
   AND b30=a11
   AND b25=a42
   AND a23=b15
----
25 values hashing to 628302f23c45f79abd9b0619f6d9095c

query TTTTTTTTTTTTTTTTTTTTTTTTT valuesort join-25-2
SELECT x40,x27,x30,x36,x24,x56,x42,x17,x11,x41,x32,x23,x16,x47,x25,x50,x12,x19,x33,x61,x20,x15,x54,x55,x53
  FROM t53,t50,t41,t15,t54,t30,t19,t56,t32,t55,t17,t40,t33,t11,t61,t12,t25,t23,t47,t20,t16,t36,t42,t27,t24
 WHERE a56=b33
   AND a47=b42
   AND b12=a30
   AND b53=a19
   AND a23=b15
   AND a36=b47
   AND b24=a41
   AND b55=a54
   AND a40=b54
   AND b36=a20
   AND b20=a50
   AND b17=a15
   AND a24=b32
   AND a17=b41
   AND b19=a12
   AND a16=b11
   AND a50=7
   AND b16=a55
   AND b56=a32
   AND b30=a11
   AND a33=b27
   AND a61=b23
   AND b25=a42
   AND b61=a53
   AND b40=a25
----
25 values hashing to 628302f23c45f79abd9b0619f6d9095c

query TTTTTTTTTTTTTTTTTTTTTTTTT valuesort join-25-2
SELECT x40,x27,x30,x36,x24,x56,x42,x17,x11,x41,x32,x23,x16,x47,x25,x50,x12,x19,x33,x61,x20,x15,x54,x55,x53
  FROM t40,t25,t53,t16,t61,t12,t42,t24,t27,t41,t20,t55,t36,t32,t15,t47,t23,t50,t56,t30,t11,t17,t54,t33,t19
 WHERE a25=b40
   AND b27=a33
   AND a53=b61
   AND a40=b54
   AND b16=a55
   AND a11=b30
   AND a24=b32
   AND b56=a32
   AND a20=b36
   AND b24=a41
   AND b15=a23
   AND a50=b20
   AND b55=a54
   AND a15=b17
   AND a56=b33
   AND b47=a36
   AND b41=a17
   AND b23=a61
   AND b42=a47
   AND a19=b53
   AND b25=a42
   AND b12=a30
   AND b11=a16
   AND b19=a12
   AND a50=7
----
25 values hashing to 628302f23c45f79abd9b0619f6d9095c

query TTTTTTTTTTTTTTTTTTTTTTTTT valuesort join-25-3
SELECT x56,x54,x9,x5,x32,x43,x63,x19,x20,x25,x14,x31,x23,x1,x36,x51,x41,x2,x60,x40,x46,x39,x11,x29,x33
  FROM t60,t56,t5,t11,t19,t43,t29,t33,t23,t41,t40,t25,t14,t36,t20,t9,t31,t32,t1,t46,t63,t2,t51,t54,t39
 WHERE a54=b39
   AND a9=5
   AND b25=a20
   AND b46=a56
   AND b2=a23
   AND b41=a5
   AND b56=a1
   AND b33=a31
   AND b19=a51
   AND b32=a39
   AND b51=a43
   AND b40=a29
   AND b23=a19
   AND a14=b43
   AND b31=a60
   AND a11=b29
   AND a46=b54
   AND a33=b14
   AND a9=b36
   AND a40=b63
   AND a25=b60
   AND a2=b1
   AND a32=b11
   AND a41=b20
   AND b5=a36
----
25 values hashing to 7999db1c0d23f3551543775e1bab3b87

query TTTTTTTTTTTTTTTTTTTTTTTTT valuesort join-25-3
SELECT x56,x54,x9,x5,x32,x43,x63,x19,x20,x25,x14,x31,x23,x1,x36,x51,x41,x2,x60,x40,x46,x39,x11,x29,x33
  FROM t41,t2,t25,t63,t14,t20,t29,t11,t43,t39,t51,t33,t23,t56,t31,t36,t9,t54,t5,t1,t32,t60,t19,t46,t40
 WHERE a23=b2
   AND b36=a9
   AND a31=b33
   AND b5=a36
   AND b25=a20
   AND a5=b41
   AND b11=a32
   AND a11=b29
   AND a51=b19
   AND a60=b31
   AND b43=a14
   AND a54=b39
   AND b40=a29
   AND b20=a41
   AND a33=b14
   AND b56=a1
   AND b51=a43
   AND a40=b63
   AND a9=5
   AND b54=a46
   AND b32=a39
   AND a25=b60
   AND a19=b23
   AND b1=a2
   AND b46=a56
----
25 values hashing to 7999db1c0d23f3551543775e1bab3b87

query TTTTTTTTTTTTTTTTTTTTTTTTT valuesort join-25-3
SELECT x56,x54,x9,x5,x32,x43,x63,x19,x20,x25,x14,x31,x23,x1,x36,x51,x41,x2,x60,x40,x46,x39,x11,x29,x33
  FROM t60,t43,t46,t39,t2,t32,t19,t36,t41,t20,t63,t29,t11,t56,t5,t51,t40,t23,t9,t25,t14,t33,t31,t1,t54
 WHERE b39=a54
   AND a23=b2
   AND b1=a2
   AND b56=a1
   AND b11=a32
   AND b51=a43
   AND a36=b5
   AND a31=b33
   AND a9=5
   AND b31=a60
   AND a20=b25
   AND b23=a19
   AND a29=b40
   AND b60=a25
   AND b54=a46
   AND a39=b32
   AND a9=b36
   AND b46=a56
   AND b43=a14
   AND b19=a51
   AND a33=b14
   AND a41=b20
   AND a40=b63
   AND a11=b29
   AND b41=a5
----
25 values hashing to 7999db1c0d23f3551543775e1bab3b87

query TTTTTTTTTTTTTTTTTTTTTTTTT valuesort join-25-4
SELECT x19,x33,x47,x46,x62,x35,x43,x39,x38,x55,x29,x9,x7,x17,x51,x18,x22,x26,x50,x8,x42,x12,x6,x59,x3
  FROM t51,t43,t29,t12,t46,t6,t35,t18,t42,t7,t22,t33,t62,t38,t17,t39,t19,t55,t9,t50,t8,t47,t3,t26,t59
 WHERE a51=b19
   AND a8=b43
   AND b46=a19
   AND b22=a43
   AND b29=a47
   AND a46=b26
   AND b55=a35
   AND b51=a38
   AND b47=a55
   AND b50=a9
   AND b35=a39
   AND a18=b62
   AND a29=b38
   AND a3=b42
   AND b7=a26
   AND a39=3
   AND a6=b12
   AND b6=a22
   AND a7=b8
   AND a17=b3
   AND a62=b33
   AND b9=a42
   AND a59=b17
   AND a12=b59
   AND b18=a50
----
25 values hashing to 55f41bea3c5c2bb34b16b3f9345991ef

query TTTTTTTTTTTTTTTTTTTTTTTTT valuesort join-25-4
SELECT x19,x33,x47,x46,x62,x35,x43,x39,x38,x55,x29,x9,x7,x17,x51,x18,x22,x26,x50,x8,x42,x12,x6,x59,x3
  FROM t7,t3,t50,t35,t17,t9,t19,t62,t33,t51,t55,t38,t26,t6,t43,t59,t12,t46,t47,t8,t22,t18,t39,t29,t42
 WHERE a12=b59
   AND a62=b33
   AND a22=b6
   AND b51=a38
   AND b42=a3
   AND b46=a19
   AND b47=a55
   AND a47=b29
   AND a39=3
   AND b9=a42
   AND b35=a39
   AND b12=a6
   AND b7=a26
   AND a46=b26
   AND b22=a43
   AND a7=b8
   AND b38=a29
   AND b3=a17
   AND b50=a9
   AND a50=b18
   AND a18=b62
   AND b17=a59
   AND a35=b55
   AND b19=a51
   AND b43=a8
----
25 values hashing to 55f41bea3c5c2bb34b16b3f9345991ef

query TTTTTTTTTTTTTTTTTTTTTTTTT valuesort join-25-4
SELECT x19,x33,x47,x46,x62,x35,x43,x39,x38,x55,x29,x9,x7,x17,x51,x18,x22,x26,x50,x8,x42,x12,x6,x59,x3
  FROM t62,t8,t3,t9,t42,t22,t12,t47,t33,t39,t17,t43,t26,t46,t19,t38,t50,t51,t35,t29,t55,t7,t6,t18,t59
 WHERE b47=a55
   AND a22=b6
   AND b17=a59
   AND a39=3
   AND a38=b51
   AND b22=a43
   AND b35=a39
   AND b50=a9
   AND a17=b3
   AND b12=a6
   AND a46=b26
   AND b42=a3
   AND a47=b29
   AND b59=a12
   AND a35=b55
   AND b62=a18
   AND b8=a7
   AND b33=a62
   AND b46=a19
   AND a42=b9
   AND a50=b18
   AND a51=b19
   AND a29=b38
   AND b43=a8
   AND b7=a26
----
25 values hashing to 55f41bea3c5c2bb34b16b3f9345991ef

query TTTTTTTTTTTTTTTTTTTTTTTTTT valuesort join-26-1
SELECT x57,x44,x27,x7,x37,x47,x23,x19,x60,x55,x24,x40,x17,x15,x30,x28,x33,x35,x5,x54,x45,x56,x25,x50,x26,x51
  FROM t25,t23,t54,t44,t27,t24,t47,t17,t5,t7,t26,t50,t33,t55,t60,t56,t19,t30,t35,t51,t40,t57,t45,t28,t37,t15
 WHERE a25=b26
   AND b35=a33
   AND a15=b50
   AND b44=a19
   AND b15=a30
   AND b30=a57
   AND a47=b51
   AND a51=b5
   AND b17=a23
   AND a28=b57
   AND b56=a7
   AND b28=a35
   AND a54=b7
   AND b55=a45
   AND b40=a26
   AND a27=b19
   AND b24=a44
   AND a5=b27
   AND b60=a24
   AND a23=1
   AND a55=b37
   AND b45=a60
   AND b54=a17
   AND a50=b25
   AND b47=a56
   AND b33=a37
----
26 values hashing to 25957b79f966cbdd3dbfd18ec6a5e025

query TTTTTTTTTTTTTTTTTTTTTTTTTT valuesort join-26-1
SELECT x57,x44,x27,x7,x37,x47,x23,x19,x60,x55,x24,x40,x17,x15,x30,x28,x33,x35,x5,x54,x45,x56,x25,x50,x26,x51
  FROM t40,t55,t56,t27,t45,t7,t57,t51,t25,t26,t35,t17,t24,t54,t50,t30,t28,t44,t15,t19,t60,t33,t47,t5,t37,t23
 WHERE a33=b35
   AND a17=b54
   AND b17=a23
   AND a47=b51
   AND a28=b57
   AND a15=b50
   AND a50=b25
   AND a24=b60
   AND a57=b30
   AND a7=b56
   AND a19=b44
   AND a44=b24
   AND a27=b19
   AND a55=b37
   AND b47=a56
   AND a23=1
   AND b40=a26
   AND a45=b55
   AND b33=a37
   AND a51=b5
   AND a54=b7
   AND a25=b26
   AND a5=b27
   AND a35=b28
   AND b45=a60
   AND b15=a30
----
26 values hashing to 25957b79f966cbdd3dbfd18ec6a5e025

query TTTTTTTTTTTTTTTTTTTTTTTTTT valuesort join-26-1
SELECT x57,x44,x27,x7,x37,x47,x23,x19,x60,x55,x24,x40,x17,x15,x30,x28,x33,x35,x5,x54,x45,x56,x25,x50,x26,x51
  FROM t50,t15,t57,t33,t56,t28,t25,t5,t24,t37,t45,t55,t47,t23,t51,t7,t60,t54,t26,t35,t19,t17,t40,t27,t30,t44
 WHERE a25=b26
   AND a33=b35
   AND b40=a26
   AND a5=b27
   AND a7=b56
   AND b37=a55
   AND b60=a24
   AND a23=1
   AND b47=a56
   AND b51=a47
   AND a50=b25
   AND b17=a23
   AND b33=a37
   AND b44=a19
   AND a44=b24
   AND b19=a27
   AND b5=a51
   AND b30=a57
   AND b55=a45
   AND b28=a35
   AND a15=b50
   AND a17=b54
   AND b57=a28
   AND a30=b15
   AND a54=b7
   AND b45=a60
----
26 values hashing to 25957b79f966cbdd3dbfd18ec6a5e025

query TTTTTTTTTTTTTTTTTTTTTTTTTT valuesort join-26-2
SELECT x17,x30,x48,x21,x7,x10,x47,x26,x14,x56,x11,x49,x52,x4,x35,x37,x59,x25,x32,x16,x60,x8,x61,x63,x54,x12
  FROM t21,t48,t52,t25,t37,t63,t11,t56,t7,t49,t30,t4,t54,t12,t26,t60,t8,t17,t32,t47,t35,t59,t14,t16,t10,t61
 WHERE b52=a35
   AND a30=b47
   AND a54=b30
   AND a52=b14
   AND b17=a10
   AND a21=b37
   AND b21=a60
   AND a63=b11
   AND b63=a59
   AND a26=b60
   AND a61=b4
   AND b61=a48
   AND b49=a11
   AND a7=b25
   AND a25=b8
   AND a8=b26
   AND a49=b16
   AND a12=b59
   AND a56=1
   AND b32=a47
   AND a32=b12
   AND b48=a14
   AND b35=a17
   AND b10=a16
   AND a56=b7
   AND a37=b54
----
26 values hashing to c0b3b0a668d303f872376803b2b6fdba

query TTTTTTTTTTTTTTTTTTTTTTTTTT valuesort join-26-2
SELECT x17,x30,x48,x21,x7,x10,x47,x26,x14,x56,x11,x49,x52,x4,x35,x37,x59,x25,x32,x16,x60,x8,x61,x63,x54,x12
  FROM t16,t32,t60,t14,t17,t12,t59,t26,t61,t49,t4,t11,t56,t48,t54,t63,t25,t7,t8,t52,t21,t35,t47,t30,t10,t37
 WHERE a26=b60
   AND a16=b10
   AND b21=a60
   AND b17=a10
   AND a7=b25
   AND b26=a8
   AND b63=a59
   AND a14=b48
   AND b16=a49
   AND a52=b14
   AND b11=a63
   AND b32=a47
   AND b54=a37
   AND a12=b59
   AND b61=a48
   AND b37=a21
   AND b47=a30
   AND b7=a56
   AND a17=b35
   AND a56=1
   AND b12=a32
   AND b30=a54
   AND b8=a25
   AND b49=a11
   AND a35=b52
   AND b4=a61
----
26 values hashing to c0b3b0a668d303f872376803b2b6fdba

query TTTTTTTTTTTTTTTTTTTTTTTTTT valuesort join-26-2
SELECT x17,x30,x48,x21,x7,x10,x47,x26,x14,x56,x11,x49,x52,x4,x35,x37,x59,x25,x32,x16,x60,x8,x61,x63,x54,x12
  FROM t10,t48,t21,t11,t63,t56,t47,t8,t30,t35,t17,t12,t25,t52,t32,t49,t61,t14,t54,t4,t59,t60,t26,t7,t37,t16
 WHERE b26=a8
   AND a48=b61
   AND a56=1
   AND b30=a54
   AND b35=a17
   AND a56=b7
   AND b63=a59
   AND b54=a37
   AND b32=a47
   AND a7=b25
   AND b21=a60
   AND a14=b48
   AND b10=a16
   AND a25=b8
   AND b11=a63
   AND a49=b16
   AND b4=a61
   AND b14=a52
   AND a26=b60
   AND a11=b49
   AND b47=a30
   AND a12=b59
   AND a35=b52
   AND b37=a21
   AND a10=b17
   AND a32=b12
----
26 values hashing to c0b3b0a668d303f872376803b2b6fdba

query TTTTTTTTTTTTTTTTTTTTTTTTTT valuesort join-26-3
SELECT x19,x39,x61,x47,x10,x43,x9,x53,x16,x37,x22,x54,x21,x14,x27,x60,x18,x20,x52,x1,x45,x23,x50,x28,x31,x64
  FROM t53,t28,t31,t18,t52,t47,t54,t37,t1,t14,t61,t9,t10,t64,t16,t45,t50,t60,t19,t20,t43,t27,t21,t39,t22,t23
 WHERE a60=b20
   AND a27=b61
   AND b14=a47
   AND a23=4
   AND a61=b21
   AND b39=a23
   AND a53=b50
   AND b52=a28
   AND a20=b28
   AND b22=a54
   AND a1=b53
   AND a10=b16
   AND b60=a43
   AND b27=a19
   AND a21=b47
   AND b19=a52
   AND b18=a31
   AND a39=b43
   AND b64=a14
   AND a64=b37
   AND b10=a37
   AND a9=b45
   AND b31=a45
   AND a18=b1
   AND a22=b9
   AND b54=a16
----
26 values hashing to 5566fd79b4bc218e272afe4a71c04d54

query TTTTTTTTTTTTTTTTTTTTTTTTTT valuesort join-26-3
SELECT x19,x39,x61,x47,x10,x43,x9,x53,x16,x37,x22,x54,x21,x14,x27,x60,x18,x20,x52,x1,x45,x23,x50,x28,x31,x64
  FROM t22,t52,t16,t43,t20,t19,t18,t10,t31,t14,t37,t27,t54,t1,t23,t21,t9,t45,t28,t39,t50,t47,t53,t60,t64,t61
 WHERE b52=a28
   AND b14=a47
   AND a27=b61
   AND a10=b16
   AND b27=a19
   AND b22=a54
   AND b28=a20
   AND a18=b1
   AND b50=a53
   AND b43=a39
   AND b10=a37
   AND b31=a45
   AND b9=a22
   AND b60=a43
   AND a16=b54
   AND a52=b19
   AND b21=a61
   AND b18=a31
   AND b47=a21
   AND a23=b39
   AND a60=b20
   AND b45=a9
   AND b53=a1
   AND b64=a14
   AND a23=4
   AND a64=b37
----
26 values hashing to 5566fd79b4bc218e272afe4a71c04d54

query TTTTTTTTTTTTTTTTTTTTTTTTTT valuesort join-26-3
SELECT x19,x39,x61,x47,x10,x43,x9,x53,x16,x37,x22,x54,x21,x14,x27,x60,x18,x20,x52,x1,x45,x23,x50,x28,x31,x64
  FROM t50,t39,t61,t45,t28,t52,t43,t53,t31,t14,t64,t10,t18,t27,t23,t20,t16,t60,t22,t37,t47,t19,t21,t54,t1,t9
 WHERE b61=a27
   AND a43=b60
   AND a20=b28
   AND b22=a54
   AND b9=a22
   AND b53=a1
   AND b47=a21
   AND b20=a60
   AND a53=b50
   AND a18=b1
   AND b19=a52
   AND b31=a45
   AND b39=a23
   AND a37=b10
   AND b18=a31
   AND b14=a47
   AND a23=4
   AND b37=a64
   AND a61=b21
   AND a28=b52
   AND a16=b54
   AND b27=a19
   AND b43=a39
   AND a14=b64
   AND b45=a9
   AND b16=a10
----
26 values hashing to 5566fd79b4bc218e272afe4a71c04d54

query TTTTTTTTTTTTTTTTTTTTTTTTTT valuesort join-26-4
SELECT x34,x10,x12,x16,x27,x64,x50,x54,x62,x23,x22,x53,x52,x5,x19,x6,x14,x4,x18,x3,x28,x60,x56,x58,x7,x46
  FROM t27,t4,t53,t3,t62,t23,t14,t54,t6,t12,t7,t16,t10,t56,t46,t28,t22,t58,t50,t64,t5,t19,t60,t52,t18,t34
 WHERE b34=a50
   AND b53=a23
   AND a28=b60
   AND b6=a14
   AND a53=b56
   AND b14=a10
   AND a64=b62
   AND a56=b58
   AND b7=a52
   AND a3=b23
   AND b10=a46
   AND b46=a7
   AND b22=a34
   AND a60=b12
   AND b64=a27
   AND b50=a19
   AND b28=a22
   AND a58=b54
   AND a6=b18
   AND b19=a4
   AND a12=b27
   AND b4=a54
   AND a62=b52
   AND b3=a16
   AND a16=1
   AND a18=b5
----
26 values hashing to 1fc4304d8bd7afe256e5c515eac527ee

query TTTTTTTTTTTTTTTTTTTTTTTTTT valuesort join-26-4
SELECT x34,x10,x12,x16,x27,x64,x50,x54,x62,x23,x22,x53,x52,x5,x19,x6,x14,x4,x18,x3,x28,x60,x56,x58,x7,x46
  FROM t6,t53,t10,t27,t50,t52,t4,t60,t54,t34,t18,t19,t62,t14,t3,t64,t5,t12,t58,t46,t28,t22,t56,t7,t16,t23
 WHERE b7=a52
   AND a56=b58
   AND a16=b3
   AND b50=a19
   AND b52=a62
   AND a64=b62
   AND a12=b27
   AND a54=b4
   AND a46=b10
   AND a58=b54
   AND a6=b18
   AND b14=a10
   AND b19=a4
   AND a22=b28
   AND a18=b5
   AND b6=a14
   AND a16=1
   AND a50=b34
   AND a60=b12
   AND a23=b53
   AND b46=a7
   AND a27=b64
   AND a53=b56
   AND a28=b60
   AND a3=b23
   AND b22=a34
----
26 values hashing to 1fc4304d8bd7afe256e5c515eac527ee

query TTTTTTTTTTTTTTTTTTTTTTTTTT valuesort join-26-4
SELECT x34,x10,x12,x16,x27,x64,x50,x54,x62,x23,x22,x53,x52,x5,x19,x6,x14,x4,x18,x3,x28,x60,x56,x58,x7,x46
  FROM t64,t16,t28,t34,t58,t3,t4,t7,t62,t22,t19,t14,t10,t12,t60,t18,t6,t46,t52,t50,t27,t56,t23,t53,t54,t5
 WHERE b7=a52
   AND a34=b22
   AND b53=a23
   AND b58=a56
   AND b3=a16
   AND a14=b6
   AND a64=b62
   AND a46=b10
   AND b60=a28
   AND a60=b12
   AND b27=a12
   AND a58=b54
   AND a7=b46
   AND a50=b34
   AND a10=b14
   AND a54=b4
   AND a16=1
   AND b50=a19
   AND b52=a62
   AND a4=b19
   AND a53=b56
   AND a27=b64
   AND a6=b18
   AND a22=b28
   AND a18=b5
   AND b23=a3
----
26 values hashing to 1fc4304d8bd7afe256e5c515eac527ee

query TTTTTTTTTTTTTTTTTTTTTTTTTTT valuesort join-27-1
SELECT x53,x13,x23,x59,x33,x25,x54,x50,x62,x8,x38,x4,x63,x64,x47,x10,x37,x35,x29,x60,x61,x34,x15,x2,x57,x26,x43
  FROM t15,t8,t25,t60,t33,t13,t54,t23,t62,t10,t29,t34,t57,t47,t37,t53,t63,t43,t64,t59,t4,t26,t35,t2,t38,t50,t61
 WHERE b53=a8
   AND a60=b10
   AND b60=a54
   AND b50=a61
   AND b8=a35
   AND a63=b35
   AND b23=a64
   AND b37=a59
   AND a43=6
   AND a2=b4
   AND a33=b25
   AND b54=a4
   AND a26=b47
   AND a62=b61
   AND a15=b64
   AND b59=a53
   AND a34=b38
   AND b33=a50
   AND a57=b13
   AND b2=a37
   AND a38=b29
   AND a47=b34
   AND a43=b63
   AND a10=b15
   AND b26=a23
   AND a29=b57
   AND a13=b62
----
27 values hashing to 01f17c9807963cede682878a784c011e

query TTTTTTTTTTTTTTTTTTTTTTTTTTT valuesort join-27-1
SELECT x53,x13,x23,x59,x33,x25,x54,x50,x62,x8,x38,x4,x63,x64,x47,x10,x37,x35,x29,x60,x61,x34,x15,x2,x57,x26,x43
  FROM t50,t23,t8,t54,t25,t62,t10,t13,t53,t38,t61,t33,t47,t35,t37,t60,t63,t57,t4,t43,t34,t29,t26,t64,t2,t15,t59
 WHERE a43=6
   AND a61=b50
   AND b64=a15
   AND b29=a38
   AND a43=b63
   AND a26=b47
   AND a2=b4
   AND b13=a57
   AND b54=a4
   AND a8=b53
   AND b62=a13
   AND a33=b25
   AND b57=a29
   AND a37=b2
   AND a60=b10
   AND b23=a64
   AND b26=a23
   AND a47=b34
   AND a34=b38
   AND b60=a54
   AND a62=b61
   AND b33=a50
   AND a59=b37
   AND a35=b8
   AND b15=a10
   AND a63=b35
   AND b59=a53
----
27 values hashing to 01f17c9807963cede682878a784c011e

query TTTTTTTTTTTTTTTTTTTTTTTTTTT valuesort join-27-1
SELECT x53,x13,x23,x59,x33,x25,x54,x50,x62,x8,x38,x4,x63,x64,x47,x10,x37,x35,x29,x60,x61,x34,x15,x2,x57,x26,x43
  FROM t57,t38,t64,t63,t8,t60,t34,t54,t59,t23,t50,t10,t61,t26,t37,t2,t13,t25,t35,t53,t4,t33,t15,t43,t47,t29,t62
 WHERE a63=b35
   AND b47=a26
   AND b64=a15
   AND a10=b15
   AND a43=6
   AND b63=a43
   AND a13=b62
   AND b54=a4
   AND b59=a53
   AND a38=b29
   AND a2=b4
   AND b34=a47
   AND a35=b8
   AND b38=a34
   AND a37=b2
   AND b26=a23
   AND a8=b53
   AND a29=b57
   AND b50=a61
   AND a62=b61
   AND a64=b23
   AND b37=a59
   AND b10=a60
   AND a57=b13
   AND a50=b33
   AND b60=a54
   AND b25=a33
----
27 values hashing to 01f17c9807963cede682878a784c011e

query TTTTTTTTTTTTTTTTTTTTTTTTTTT valuesort join-27-2
SELECT x6,x9,x61,x49,x33,x14,x24,x28,x10,x5,x23,x63,x31,x19,x25,x15,x13,x35,x18,x62,x47,x46,x51,x27,x60,x36,x26
  FROM t31,t62,t10,t61,t23,t27,t26,t60,t49,t24,t14,t36,t33,t6,t19,t9,t13,t18,t28,t5,t25,t46,t63,t15,t35,t51,t47
 WHERE a14=b61
   AND a27=b25
   AND b31=a24
   AND b9=a25
   AND b14=a63
   AND a62=b60
   AND a19=b33
   AND b49=a46
   AND b35=a61
   AND a60=b27
   AND a18=b13
   AND a26=b19
   AND b10=a5
   AND b23=a49
   AND b28=a36
   AND a18=7
   AND a47=b36
   AND a51=b5
   AND a10=b63
   AND b46=a35
   AND a15=b26
   AND b62=a31
   AND a23=b24
   AND b15=a28
   AND a13=b51
   AND a9=b6
   AND b47=a6
----
27 values hashing to 37ad7a720e2bf0b2d8dbbfd6b952dc52

query TTTTTTTTTTTTTTTTTTTTTTTTTTT valuesort join-27-2
SELECT x6,x9,x61,x49,x33,x14,x24,x28,x10,x5,x23,x63,x31,x19,x25,x15,x13,x35,x18,x62,x47,x46,x51,x27,x60,x36,x26
  FROM t60,t15,t18,t36,t35,t28,t61,t26,t33,t46,t10,t27,t13,t14,t23,t6,t24,t31,t63,t62,t25,t51,t19,t47,t5,t9,t49
 WHERE b10=a5
   AND a35=b46
   AND b31=a24
   AND a13=b51
   AND a26=b19
   AND a18=7
   AND b6=a9
   AND b61=a14
   AND a19=b33
   AND b5=a51
   AND b28=a36
   AND b14=a63
   AND b47=a6
   AND a18=b13
   AND b24=a23
   AND a60=b27
   AND a10=b63
   AND b60=a62
   AND b25=a27
   AND b15=a28
   AND a25=b9
   AND a46=b49
   AND a15=b26
   AND b62=a31
   AND a61=b35
   AND b23=a49
   AND a47=b36
----
27 values hashing to 37ad7a720e2bf0b2d8dbbfd6b952dc52

query TTTTTTTTTTTTTTTTTTTTTTTTTTT valuesort join-27-2
SELECT x6,x9,x61,x49,x33,x14,x24,x28,x10,x5,x23,x63,x31,x19,x25,x15,x13,x35,x18,x62,x47,x46,x51,x27,x60,x36,x26
  FROM t9,t36,t62,t24,t5,t23,t26,t6,t49,t33,t14,t10,t46,t61,t63,t60,t47,t19,t27,t15,t25,t18,t35,t31,t13,t28,t51
 WHERE a18=7
   AND a26=b19
   AND b33=a19
   AND a25=b9
   AND b14=a63
   AND b6=a9
   AND b46=a35
   AND a18=b13
   AND a31=b62
   AND a27=b25
   AND b31=a24
   AND b28=a36
   AND a61=b35
   AND a15=b26
   AND a28=b15
   AND b51=a13
   AND a14=b61
   AND a10=b63
   AND b27=a60
   AND a62=b60
   AND a23=b24
   AND a46=b49
   AND b23=a49
   AND a47=b36
   AND a51=b5
   AND a5=b10
   AND a6=b47
----
27 values hashing to 37ad7a720e2bf0b2d8dbbfd6b952dc52

query TTTTTTTTTTTTTTTTTTTTTTTTTTT valuesort join-27-3
SELECT x60,x27,x51,x39,x55,x9,x19,x34,x21,x28,x47,x49,x64,x16,x45,x44,x17,x8,x50,x32,x40,x48,x13,x4,x3,x52,x54
  FROM t55,t40,t28,t54,t64,t17,t9,t27,t16,t4,t21,t3,t60,t44,t45,t8,t19,t51,t50,t48,t13,t34,t39,t47,t49,t32,t52
 WHERE a45=b49
   AND a21=b4
   AND a55=b39
   AND b3=a9
   AND a47=b44
   AND a64=b13
   AND b60=a27
   AND a60=b50
   AND b55=a16
   AND a44=b32
   AND b64=a54
   AND b51=a48
   AND b19=a50
   AND a17=b52
   AND a13=b8
   AND a49=b9
   AND a8=b17
   AND a28=b54
   AND a34=b16
   AND b47=a51
   AND a19=b48
   AND a40=b27
   AND b28=a39
   AND b21=a32
   AND a34=1
   AND b40=a3
   AND b45=a52
----
27 values hashing to 75d35037e88f324d67b9e98a17eaa9d1

query TTTTTTTTTTTTTTTTTTTTTTTTTTT valuesort join-27-3
SELECT x60,x27,x51,x39,x55,x9,x19,x34,x21,x28,x47,x49,x64,x16,x45,x44,x17,x8,x50,x32,x40,x48,x13,x4,x3,x52,x54
  FROM t16,t55,t32,t45,t50,t40,t27,t52,t28,t44,t49,t19,t9,t34,t54,t51,t47,t13,t3,t8,t39,t4,t21,t17,t60,t64,t48
 WHERE a44=b32
   AND b60=a27
   AND a3=b40
   AND b8=a13
   AND b9=a49
   AND a52=b45
   AND a9=b3
   AND b28=a39
   AND a34=1
   AND a34=b16
   AND a51=b47
   AND a19=b48
   AND b52=a17
   AND b55=a16
   AND b27=a40
   AND b39=a55
   AND a54=b64
   AND a45=b49
   AND b19=a50
   AND b50=a60
   AND b51=a48
   AND a32=b21
   AND a21=b4
   AND a8=b17
   AND a28=b54
   AND a64=b13
   AND a47=b44
----
27 values hashing to 75d35037e88f324d67b9e98a17eaa9d1

query TTTTTTTTTTTTTTTTTTTTTTTTTTT valuesort join-27-3
SELECT x60,x27,x51,x39,x55,x9,x19,x34,x21,x28,x47,x49,x64,x16,x45,x44,x17,x8,x50,x32,x40,x48,x13,x4,x3,x52,x54
  FROM t47,t39,t17,t9,t64,t40,t19,t8,t55,t13,t52,t60,t27,t50,t32,t45,t51,t34,t48,t49,t28,t21,t16,t4,t44,t54,t3
 WHERE a34=1
   AND a3=b40
   AND b16=a34
   AND b9=a49
   AND a52=b45
   AND a64=b13
   AND a50=b19
   AND b17=a8
   AND b50=a60
   AND a28=b54
   AND b4=a21
   AND a17=b52
   AND b55=a16
   AND b51=a48
   AND b60=a27
   AND a13=b8
   AND a32=b21
   AND b39=a55
   AND a9=b3
   AND a39=b28
   AND b48=a19
   AND b32=a44
   AND b49=a45
   AND a47=b44
   AND b64=a54
   AND b27=a40
   AND a51=b47
----
27 values hashing to 75d35037e88f324d67b9e98a17eaa9d1

query TTTTTTTTTTTTTTTTTTTTTTTTTTT valuesort join-27-4
SELECT x47,x17,x20,x6,x30,x46,x3,x51,x32,x34,x16,x40,x33,x48,x9,x35,x43,x49,x5,x52,x60,x19,x41,x14,x22,x10,x24
  FROM t46,t52,t9,t10,t35,t3,t34,t20,t5,t47,t14,t30,t24,t41,t49,t60,t22,t19,t17,t51,t6,t48,t16,t32,t43,t40,t33
 WHERE a16=b60
   AND a22=b5
   AND b30=a19
   AND a46=b40
   AND b20=a40
   AND b51=a10
   AND b24=a52
   AND a14=b19
   AND a6=b41
   AND a33=b35
   AND a49=b52
   AND a9=b48
   AND b6=a17
   AND a5=b34
   AND a43=b3
   AND b43=a41
   AND b16=a35
   AND b46=a32
   AND b47=a60
   AND a34=b49
   AND a24=b9
   AND b33=a3
   AND a17=5
   AND b32=a30
   AND b22=a47
   AND a48=b10
   AND a51=b14
----
27 values hashing to 6718de860d0d72ab4d386f6bb105b91d

query TTTTTTTTTTTTTTTTTTTTTTTTTTT valuesort join-27-4
SELECT x47,x17,x20,x6,x30,x46,x3,x51,x32,x34,x16,x40,x33,x48,x9,x35,x43,x49,x5,x52,x60,x19,x41,x14,x22,x10,x24
  FROM t34,t30,t46,t40,t43,t22,t14,t41,t16,t6,t35,t32,t52,t60,t51,t49,t10,t48,t24,t47,t33,t19,t5,t20,t9,t3,t17
 WHERE a47=b22
   AND b20=a40
   AND a41=b43
   AND b9=a24
   AND a17=5
   AND a49=b52
   AND a6=b41
   AND b5=a22
   AND b33=a3
   AND a30=b32
   AND a52=b24
   AND b47=a60
   AND a35=b16
   AND b3=a43
   AND b51=a10
   AND a17=b6
   AND b34=a5
   AND b35=a33
   AND b40=a46
   AND b49=a34
   AND b19=a14
   AND b14=a51
   AND b48=a9
   AND b46=a32
   AND a19=b30
   AND a48=b10
   AND a16=b60
----
27 values hashing to 6718de860d0d72ab4d386f6bb105b91d

query TTTTTTTTTTTTTTTTTTTTTTTTTTT valuesort join-27-4
SELECT x47,x17,x20,x6,x30,x46,x3,x51,x32,x34,x16,x40,x33,x48,x9,x35,x43,x49,x5,x52,x60,x19,x41,x14,x22,x10,x24
  FROM t48,t5,t60,t32,t3,t20,t24,t47,t51,t14,t52,t33,t43,t6,t41,t16,t19,t35,t22,t10,t46,t34,t40,t17,t49,t9,t30
 WHERE b5=a22
   AND a24=b9
   AND a34=b49
   AND a30=b32
   AND a52=b24
   AND b16=a35
   AND a49=b52
   AND a3=b33
   AND b10=a48
   AND a43=b3
   AND b60=a16
   AND a17=5
   AND a33=b35
   AND b19=a14
   AND b47=a60
   AND a9=b48
   AND b43=a41
   AND a19=b30
   AND b46=a32
   AND a40=b20
   AND b14=a51
   AND b22=a47
   AND b34=a5
   AND b51=a10
   AND a6=b41
   AND b40=a46
   AND b6=a17
----
27 values hashing to 6718de860d0d72ab4d386f6bb105b91d

query TTTTTTTTTTTTTTTTTTTTTTTTTTTT valuesort join-28-1
SELECT x15,x49,x32,x43,x63,x64,x25,x7,x48,x59,x9,x41,x4,x17,x30,x42,x50,x46,x57,x6,x53,x47,x52,x31,x60,x13,x45,x24
  FROM t24,t25,t15,t30,t4,t59,t63,t53,t9,t46,t31,t60,t52,t32,t47,t13,t43,t42,t50,t49,t45,t6,t7,t48,t17,t41,t57,t64
 WHERE a52=b32
   AND a48=b9
   AND a64=b13
   AND a32=b41
   AND a24=b60
   AND b30=a63
   AND a7=b17
   AND a43=b45
   AND a49=5
   AND b42=a17
   AND b63=a46
   AND a31=b50
   AND b59=a4
   AND a42=b24
   AND b46=a45
   AND b47=a50
   AND a59=b64
   AND a15=b48
   AND b15=a30
   AND a47=b43
   AND b6=a53
   AND b4=a25
   AND a41=b53
   AND b52=a49
   AND a6=b7
   AND b57=a9
   AND b31=a60
   AND a57=b25
----
28 values hashing to 2be6595eebb4d80b0257cdd4400ee8ed

query TTTTTTTTTTTTTTTTTTTTTTTTTTTT valuesort join-28-1
SELECT x15,x49,x32,x43,x63,x64,x25,x7,x48,x59,x9,x41,x4,x17,x30,x42,x50,x46,x57,x6,x53,x47,x52,x31,x60,x13,x45,x24
  FROM t25,t64,t24,t63,t59,t42,t46,t6,t17,t49,t15,t47,t31,t32,t30,t41,t52,t13,t45,t9,t7,t53,t48,t60,t4,t50,t43,t57
 WHERE b6=a53
   AND b46=a45
   AND a48=b9
   AND b48=a15
   AND b43=a47
   AND a17=b42
   AND a4=b59
   AND b64=a59
   AND b4=a25
   AND a52=b32
   AND a63=b30
   AND a60=b31
   AND a43=b45
   AND b24=a42
   AND b17=a7
   AND a49=5
   AND b13=a64
   AND a9=b57
   AND a24=b60
   AND a41=b53
   AND a32=b41
   AND b47=a50
   AND b7=a6
   AND a30=b15
   AND b52=a49
   AND a31=b50
   AND b63=a46
   AND b25=a57
----
28 values hashing to 2be6595eebb4d80b0257cdd4400ee8ed

query TTTTTTTTTTTTTTTTTTTTTTTTTTTT valuesort join-28-1
SELECT x15,x49,x32,x43,x63,x64,x25,x7,x48,x59,x9,x41,x4,x17,x30,x42,x50,x46,x57,x6,x53,x47,x52,x31,x60,x13,x45,x24
  FROM t24,t45,t47,t49,t6,t25,t63,t50,t57,t42,t60,t52,t53,t32,t46,t43,t15,t64,t9,t7,t30,t41,t59,t4,t13,t17,t48,t31
 WHERE b13=a64
   AND a59=b64
   AND b32=a52
   AND b7=a6
   AND b43=a47
   AND b9=a48
   AND a42=b24
   AND a32=b41
   AND b63=a46
   AND b42=a17
   AND a63=b30
   AND a60=b31
   AND a49=5
   AND a50=b47
   AND a43=b45
   AND b60=a24
   AND b59=a4
   AND a30=b15
   AND b46=a45
   AND b4=a25
   AND a57=b25
   AND a41=b53
   AND b50=a31
   AND a7=b17
   AND a9=b57
   AND a53=b6
   AND b48=a15
   AND b52=a49
----
28 values hashing to 2be6595eebb4d80b0257cdd4400ee8ed

query TTTTTTTTTTTTTTTTTTTTTTTTTTTT valuesort join-28-2
SELECT x40,x48,x58,x22,x33,x19,x35,x41,x44,x61,x30,x2,x27,x26,x55,x42,x20,x5,x18,x47,x53,x4,x54,x25,x17,x28,x32,x60
  FROM t41,t25,t18,t53,t22,t20,t28,t35,t61,t58,t27,t5,t60,t2,t33,t55,t30,t26,t42,t32,t47,t19,t54,t40,t48,t4,t44,t17
 WHERE a22=b5
   AND b25=a60
   AND b47=a28
   AND b44=a20
   AND a44=b48
   AND b42=a4
   AND b28=a26
   AND b27=a19
   AND a53=b60
   AND b41=a58
   AND a33=b2
   AND a61=b54
   AND a47=b55
   AND a2=b61
   AND b4=a30
   AND b33=a18
   AND b20=a17
   AND b17=a35
   AND a32=b22
   AND a48=b19
   AND a58=6
   AND b26=a54
   AND b53=a5
   AND b32=a41
   AND b30=a25
   AND b35=a42
   AND a55=b40
   AND b18=a27
----
28 values hashing to cd7659311ce5e97eabb228f78fc8b84c

query TTTTTTTTTTTTTTTTTTTTTTTTTTTT valuesort join-28-2
SELECT x40,x48,x58,x22,x33,x19,x35,x41,x44,x61,x30,x2,x27,x26,x55,x42,x20,x5,x18,x47,x53,x4,x54,x25,x17,x28,x32,x60
  FROM t17,t32,t40,t33,t5,t19,t28,t55,t44,t60,t2,t18,t48,t54,t58,t20,t41,t47,t25,t42,t4,t30,t35,t26,t27,t61,t22,t53
 WHERE b2=a33
   AND b30=a25
   AND a48=b19
   AND a28=b47
   AND a44=b48
   AND a18=b33
   AND a60=b25
   AND b41=a58
   AND b54=a61
   AND a32=b22
   AND a19=b27
   AND a58=6
   AND b60=a53
   AND b35=a42
   AND b4=a30
   AND a20=b44
   AND b53=a5
   AND a22=b5
   AND a26=b28
   AND a55=b40
   AND a2=b61
   AND a54=b26
   AND b18=a27
   AND a41=b32
   AND a35=b17
   AND a47=b55
   AND a4=b42
   AND a17=b20
----
28 values hashing to cd7659311ce5e97eabb228f78fc8b84c

query TTTTTTTTTTTTTTTTTTTTTTTTTTTT valuesort join-28-2
SELECT x40,x48,x58,x22,x33,x19,x35,x41,x44,x61,x30,x2,x27,x26,x55,x42,x20,x5,x18,x47,x53,x4,x54,x25,x17,x28,x32,x60
  FROM t35,t55,t4,t27,t28,t54,t20,t60,t61,t42,t25,t44,t17,t53,t33,t47,t41,t32,t5,t18,t26,t40,t2,t58,t19,t22,t30,t48
 WHERE a42=b35
   AND b18=a27
   AND a48=b19
   AND a19=b27
   AND a35=b17
   AND a2=b61
   AND a44=b48
   AND b20=a17
   AND b22=a32
   AND a60=b25
   AND b41=a58
   AND b60=a53
   AND a18=b33
   AND a55=b40
   AND a4=b42
   AND a28=b47
   AND a47=b55
   AND b4=a30
   AND b28=a26
   AND b26=a54
   AND b32=a41
   AND a20=b44
   AND a33=b2
   AND b5=a22
   AND a61=b54
   AND a25=b30
   AND a58=6
   AND a5=b53
----
28 values hashing to cd7659311ce5e97eabb228f78fc8b84c

query TTTTTTTTTTTTTTTTTTTTTTTTTTTT valuesort join-28-3
SELECT x5,x13,x52,x24,x17,x46,x26,x54,x33,x44,x43,x2,x16,x34,x35,x57,x1,x60,x23,x28,x56,x48,x49,x41,x40,x61,x11,x55
  FROM t41,t33,t24,t2,t56,t34,t60,t55,t23,t46,t11,t43,t44,t35,t5,t61,t49,t26,t57,t1,t16,t28,t52,t40,t54,t48,t17,t13
 WHERE b40=a57
   AND a28=b44
   AND b13=a26
   AND a49=b24
   AND b34=a54
   AND b33=a40
   AND a52=b43
   AND b41=a46
   AND b52=a60
   AND b55=a16
   AND a28=5
   AND a17=b11
   AND a34=b5
   AND a41=b26
   AND b2=a13
   AND b1=a55
   AND a11=b56
   AND a35=b54
   AND a1=b60
   AND a48=b57
   AND a56=b46
   AND b61=a23
   AND b49=a33
   AND b16=a44
   AND a61=b48
   AND a24=b17
   AND a43=b23
   AND a2=b35
----
28 values hashing to 8f01d6d05c0d5df39432f2d63657fca4

query TTTTTTTTTTTTTTTTTTTTTTTTTTTT valuesort join-28-3
SELECT x5,x13,x52,x24,x17,x46,x26,x54,x33,x44,x43,x2,x16,x34,x35,x57,x1,x60,x23,x28,x56,x48,x49,x41,x40,x61,x11,x55
  FROM t60,t34,t43,t55,t28,t57,t49,t35,t44,t46,t13,t40,t41,t1,t33,t16,t56,t48,t24,t17,t26,t11,t23,t2,t5,t61,t54,t52
 WHERE a60=b52
   AND b33=a40
   AND a48=b57
   AND b46=a56
   AND a55=b1
   AND b5=a34
   AND b24=a49
   AND b13=a26
   AND a44=b16
   AND b43=a52
   AND b26=a41
   AND b40=a57
   AND a16=b55
   AND a43=b23
   AND b17=a24
   AND a54=b34
   AND b56=a11
   AND b41=a46
   AND a17=b11
   AND b60=a1
   AND a33=b49
   AND a23=b61
   AND b2=a13
   AND a28=5
   AND b35=a2
   AND b54=a35
   AND a61=b48
   AND b44=a28
----
28 values hashing to 8f01d6d05c0d5df39432f2d63657fca4

query TTTTTTTTTTTTTTTTTTTTTTTTTTTT valuesort join-28-3
SELECT x5,x13,x52,x24,x17,x46,x26,x54,x33,x44,x43,x2,x16,x34,x35,x57,x1,x60,x23,x28,x56,x48,x49,x41,x40,x61,x11,x55
  FROM t17,t28,t5,t34,t49,t24,t33,t55,t61,t41,t11,t60,t13,t43,t48,t40,t52,t54,t2,t56,t16,t44,t1,t57,t26,t46,t23,t35
 WHERE b16=a44
   AND a56=b46
   AND b41=a46
   AND a2=b35
   AND a26=b13
   AND a55=b1
   AND b57=a48
   AND b54=a35
   AND a34=b5
   AND b56=a11
   AND b2=a13
   AND b33=a40
   AND b49=a33
   AND b24=a49
   AND a28=b44
   AND a28=5
   AND b55=a16
   AND b17=a24
   AND a57=b40
   AND a52=b43
   AND b48=a61
   AND a17=b11
   AND b34=a54
   AND a23=b61
   AND a1=b60
   AND a60=b52
   AND a41=b26
   AND a43=b23
----
28 values hashing to 8f01d6d05c0d5df39432f2d63657fca4

query TTTTTTTTTTTTTTTTTTTTTTTTTTTT valuesort join-28-4
SELECT x13,x3,x11,x6,x61,x10,x29,x28,x1,x4,x47,x30,x19,x48,x50,x12,x16,x57,x22,x39,x36,x20,x31,x15,x55,x21,x64,x38
  FROM t4,t21,t57,t61,t31,t12,t19,t30,t1,t50,t16,t64,t22,t13,t3,t28,t29,t36,t10,t48,t38,t55,t47,t15,t6,t11,t20,t39
 WHERE a30=b50
   AND a29=b30
   AND b36=a13
   AND b29=a10
   AND a3=b20
   AND a64=b47
   AND a1=b19
   AND b21=a47
   AND a20=b11
   AND b61=a38
   AND b57=a12
   AND a4=b12
   AND a28=b3
   AND b64=a39
   AND a55=b48
   AND b38=a16
   AND b10=a57
   AND b55=a22
   AND b15=a50
   AND a22=1
   AND a6=b16
   AND b6=a36
   AND b31=a21
   AND b28=a15
   AND b1=a11
   AND b13=a31
   AND a48=b39
   AND a61=b4
----
28 values hashing to 8fae83f9fafcb9c434ebd23536761222

query TTTTTTTTTTTTTTTTTTTTTTTTTTTT valuesort join-28-4
SELECT x13,x3,x11,x6,x61,x10,x29,x28,x1,x4,x47,x30,x19,x48,x50,x12,x16,x57,x22,x39,x36,x20,x31,x15,x55,x21,x64,x38
  FROM t15,t16,t19,t30,t64,t50,t11,t10,t20,t39,t38,t61,t4,t21,t31,t36,t6,t22,t48,t1,t28,t13,t57,t47,t12,t29,t55,t3
 WHERE a29=b30
   AND a47=b21
   AND a38=b61
   AND a30=b50
   AND a48=b39
   AND b4=a61
   AND b15=a50
   AND b48=a55
   AND a36=b6
   AND a3=b20
   AND b64=a39
   AND a6=b16
   AND a57=b10
   AND a11=b1
   AND a31=b13
   AND b57=a12
   AND a64=b47
   AND a22=1
   AND b12=a4
   AND a10=b29
   AND b38=a16
   AND a28=b3
   AND b11=a20
   AND a21=b31
   AND b28=a15
   AND b55=a22
   AND a13=b36
   AND a1=b19
----
28 values hashing to 8fae83f9fafcb9c434ebd23536761222

query TTTTTTTTTTTTTTTTTTTTTTTTTTTT valuesort join-28-4
SELECT x13,x3,x11,x6,x61,x10,x29,x28,x1,x4,x47,x30,x19,x48,x50,x12,x16,x57,x22,x39,x36,x20,x31,x15,x55,x21,x64,x38
  FROM t57,t21,t28,t13,t31,t3,t15,t30,t19,t29,t16,t55,t61,t20,t50,t10,t1,t4,t47,t39,t6,t12,t22,t11,t36,t48,t38,t64
 WHERE a20=b11
   AND b57=a12
   AND b1=a11
   AND a36=b6
   AND b15=a50
   AND b55=a22
   AND a57=b10
   AND a48=b39
   AND a55=b48
   AND a47=b21
   AND b12=a4
   AND a15=b28
   AND b64=a39
   AND b3=a28
   AND a22=1
   AND b16=a6
   AND a13=b36
   AND b29=a10
   AND b13=a31
   AND a30=b50
   AND a3=b20
   AND b38=a16
   AND a38=b61
   AND a1=b19
   AND a29=b30
   AND b4=a61
   AND b31=a21
   AND a64=b47
----
28 values hashing to 8fae83f9fafcb9c434ebd23536761222

query TTTTTTTTTTTTTTTTTTTTTTTTTTTTT valuesort join-29-1
SELECT x42,x48,x16,x3,x19,x11,x57,x43,x20,x13,x34,x15,x7,x23,x36,x50,x49,x31,x38,x12,x58,x32,x30,x21,x61,x29,x54,x63,x39
  FROM t23,t48,t31,t50,t36,t20,t19,t63,t43,t7,t29,t16,t21,t13,t58,t12,t61,t49,t32,t42,t57,t39,t54,t30,t3,t11,t15,t34,t38
 WHERE a12=b3
   AND a39=5
   AND b50=a13
   AND b20=a19
   AND a36=b61
   AND a43=b30
   AND a49=b34
   AND a63=b43
   AND a31=b63
   AND a39=b21
   AND a30=b48
   AND b54=a42
   AND b42=a61
   AND a50=b57
   AND a29=b13
   AND b31=a3
   AND b7=a32
   AND b36=a11
   AND a21=b15
   AND b12=a34
   AND b11=a58
   AND a38=b23
   AND a48=b32
   AND b16=a57
   AND b49=a20
   AND a15=b19
   AND a7=b58
   AND a54=b38
   AND a23=b29
----
29 values hashing to e21485a1eda4d23ff37484dc47d3c29a

query TTTTTTTTTTTTTTTTTTTTTTTTTTTTT valuesort join-29-1
SELECT x42,x48,x16,x3,x19,x11,x57,x43,x20,x13,x34,x15,x7,x23,x36,x50,x49,x31,x38,x12,x58,x32,x30,x21,x61,x29,x54,x63,x39
  FROM t61,t13,t31,t16,t54,t43,t21,t50,t29,t15,t12,t20,t38,t57,t48,t42,t49,t3,t34,t11,t63,t23,t19,t36,t32,t39,t58,t7,t30
 WHERE b42=a61
   AND b11=a58
   AND a63=b43
   AND a57=b16
   AND a29=b13
   AND a39=5
   AND a31=b63
   AND b7=a32
   AND b48=a30
   AND a34=b12
   AND a43=b30
   AND b31=a3
   AND b57=a50
   AND b29=a23
   AND b21=a39
   AND a19=b20
   AND a48=b32
   AND a13=b50
   AND a12=b3
   AND a21=b15
   AND a54=b38
   AND a42=b54
   AND b61=a36
   AND b58=a7
   AND b49=a20
   AND a38=b23
   AND a49=b34
   AND a15=b19
   AND b36=a11
----
29 values hashing to e21485a1eda4d23ff37484dc47d3c29a

query TTTTTTTTTTTTTTTTTTTTTTTTTTTTT valuesort join-29-1
SELECT x42,x48,x16,x3,x19,x11,x57,x43,x20,x13,x34,x15,x7,x23,x36,x50,x49,x31,x38,x12,x58,x32,x30,x21,x61,x29,x54,x63,x39
  FROM t58,t29,t43,t16,t34,t21,t61,t11,t15,t42,t32,t12,t7,t39,t36,t38,t48,t50,t19,t57,t23,t13,t20,t54,t3,t31,t30,t49,t63
 WHERE b57=a50
   AND b50=a13
   AND b48=a30
   AND b61=a36
   AND a49=b34
   AND b12=a34
   AND a58=b11
   AND a57=b16
   AND a54=b38
   AND a39=5
   AND a7=b58
   AND b29=a23
   AND b20=a19
   AND a21=b15
   AND a43=b30
   AND b43=a63
   AND b21=a39
   AND a48=b32
   AND b54=a42
   AND b23=a38
   AND b3=a12
   AND b31=a3
   AND b49=a20
   AND a61=b42
   AND b7=a32
   AND b13=a29
   AND a11=b36
   AND a15=b19
   AND a31=b63
----
29 values hashing to e21485a1eda4d23ff37484dc47d3c29a

query TTTTTTTTTTTTTTTTTTTTTTTTTTTTT valuesort join-29-2
SELECT x56,x14,x61,x48,x44,x63,x57,x34,x42,x17,x3,x46,x18,x20,x62,x10,x49,x4,x25,x59,x51,x19,x35,x53,x60,x33,x45,x31,x5
  FROM t25,t44,t56,t62,t53,t4,t33,t31,t17,t48,t5,t10,t42,t60,t3,t14,t45,t61,t18,t20,t49,t57,t35,t46,t51,t63,t19,t59,t34
 WHERE a51=b14
   AND b53=a44
   AND b34=a63
   AND a46=b63
   AND b42=a18
   AND a5=b3
   AND b35=a31
   AND a17=b48
   AND b33=a53
   AND a20=b59
   AND b18=a59
   AND a10=b31
   AND b4=a49
   AND a57=b45
   AND b61=a45
   AND a42=b17
   AND b57=a60
   AND a48=b19
   AND a34=b5
   AND a56=b20
   AND a62=b51
   AND a61=b10
   AND a33=b62
   AND a35=b25
   AND a56=1
   AND b46=a14
   AND b49=a3
   AND b44=a19
   AND a4=b60
----
29 values hashing to 075b22794e90f90ab7cf807f825ec5cb

query TTTTTTTTTTTTTTTTTTTTTTTTTTTTT valuesort join-29-2
SELECT x56,x14,x61,x48,x44,x63,x57,x34,x42,x17,x3,x46,x18,x20,x62,x10,x49,x4,x25,x59,x51,x19,x35,x53,x60,x33,x45,x31,x5
  FROM t25,t35,t61,t45,t34,t18,t63,t42,t4,t51,t49,t62,t60,t3,t33,t31,t46,t59,t10,t14,t57,t17,t44,t5,t19,t48,t20,t53,t56
 WHERE b17=a42
   AND a56=1
   AND a49=b4
   AND a17=b48
   AND a56=b20
   AND a63=b34
   AND a35=b25
   AND a61=b10
   AND a62=b51
   AND b53=a44
   AND a10=b31
   AND b5=a34
   AND a57=b45
   AND a53=b33
   AND a18=b42
   AND b60=a4
   AND b14=a51
   AND b18=a59
   AND b49=a3
   AND a45=b61
   AND b62=a33
   AND b3=a5
   AND b46=a14
   AND a48=b19
   AND a19=b44
   AND a20=b59
   AND a60=b57
   AND b63=a46
   AND b35=a31
----
29 values hashing to 075b22794e90f90ab7cf807f825ec5cb

query TTTTTTTTTTTTTTTTTTTTTTTTTTTTT valuesort join-29-2
SELECT x56,x14,x61,x48,x44,x63,x57,x34,x42,x17,x3,x46,x18,x20,x62,x10,x49,x4,x25,x59,x51,x19,x35,x53,x60,x33,x45,x31,x5
  FROM t42,t45,t20,t44,t57,t31,t5,t25,t34,t19,t56,t3,t60,t4,t17,t63,t46,t61,t49,t14,t51,t33,t59,t18,t10,t62,t35,t48,t53
 WHERE b60=a4
   AND a56=b20
   AND a35=b25
   AND a45=b61
   AND b44=a19
   AND a3=b49
   AND a53=b33
   AND b51=a62
   AND a20=b59
   AND b63=a46
   AND a17=b48
   AND a60=b57
   AND b10=a61
   AND b18=a59
   AND a14=b46
   AND a51=b14
   AND a42=b17
   AND b34=a63
   AND a31=b35
   AND a33=b62
   AND b42=a18
   AND a49=b4
   AND a56=1
   AND b31=a10
   AND b19=a48
   AND a5=b3
   AND b45=a57
   AND b5=a34
   AND a44=b53
----
29 values hashing to 075b22794e90f90ab7cf807f825ec5cb

query TTTTTTTTTTTTTTTTTTTTTTTTTTTTT valuesort join-29-3
SELECT x47,x50,x6,x15,x51,x34,x61,x14,x27,x28,x59,x38,x60,x54,x18,x2,x31,x56,x57,x53,x32,x8,x26,x19,x1,x36,x4,x44,x23
  FROM t61,t2,t53,t18,t15,t54,t14,t31,t51,t4,t34,t56,t59,t57,t8,t38,t47,t1,t32,t26,t50,t6,t36,t19,t27,t44,t60,t28,t23
 WHERE b19=a54
   AND a54=5
   AND a56=b1
   AND a32=b31
   AND a59=b15
   AND b56=a50
   AND b47=a61
   AND b26=a57
   AND a27=b57
   AND b59=a23
   AND a6=b36
   AND b28=a2
   AND a8=b6
   AND a4=b50
   AND a36=b4
   AND b27=a19
   AND b8=a60
   AND a44=b61
   AND a28=b34
   AND b2=a15
   AND a31=b53
   AND b60=a26
   AND a51=b18
   AND b23=a47
   AND a1=b38
   AND b51=a53
   AND b14=a38
   AND a34=b32
   AND a14=b44
----
29 values hashing to c7ce5b7ae8b2c76cb9010386fd7efc7c

query TTTTTTTTTTTTTTTTTTTTTTTTTTTTT valuesort join-29-3
SELECT x47,x50,x6,x15,x51,x34,x61,x14,x27,x28,x59,x38,x60,x54,x18,x2,x31,x56,x57,x53,x32,x8,x26,x19,x1,x36,x4,x44,x23
  FROM t59,t6,t51,t2,t47,t4,t28,t60,t1,t18,t26,t57,t61,t31,t54,t53,t19,t34,t15,t14,t32,t36,t27,t23,t56,t50,t38,t8,t44
 WHERE a54=5
   AND b57=a27
   AND a51=b18
   AND a4=b50
   AND b36=a6
   AND a38=b14
   AND b4=a36
   AND a2=b28
   AND b38=a1
   AND b2=a15
   AND a31=b53
   AND b8=a60
   AND a53=b51
   AND a28=b34
   AND a54=b19
   AND b26=a57
   AND b27=a19
   AND b61=a44
   AND b32=a34
   AND b1=a56
   AND b31=a32
   AND a8=b6
   AND a59=b15
   AND a47=b23
   AND b47=a61
   AND b44=a14
   AND a50=b56
   AND a26=b60
   AND a23=b59
----
29 values hashing to c7ce5b7ae8b2c76cb9010386fd7efc7c

query TTTTTTTTTTTTTTTTTTTTTTTTTTTTT valuesort join-29-3
SELECT x47,x50,x6,x15,x51,x34,x61,x14,x27,x28,x59,x38,x60,x54,x18,x2,x31,x56,x57,x53,x32,x8,x26,x19,x1,x36,x4,x44,x23
  FROM t18,t47,t14,t8,t27,t1,t26,t59,t6,t61,t28,t38,t36,t53,t4,t19,t60,t23,t57,t44,t51,t34,t31,t32,t2,t54,t15,t56,t50
 WHERE a44=b61
   AND b53=a31
   AND b15=a59
   AND a54=b19
   AND b18=a51
   AND a6=b36
   AND a4=b50
   AND b28=a2
   AND b51=a53
   AND b2=a15
   AND a26=b60
   AND a60=b8
   AND b47=a61
   AND b44=a14
   AND b38=a1
   AND b27=a19
   AND a56=b1
   AND b26=a57
   AND a36=b4
   AND b34=a28
   AND b23=a47
   AND b14=a38
   AND a54=5
   AND b57=a27
   AND b31=a32
   AND a8=b6
   AND a23=b59
   AND b56=a50
   AND b32=a34
----
29 values hashing to c7ce5b7ae8b2c76cb9010386fd7efc7c

query TTTTTTTTTTTTTTTTTTTTTTTTTTTTT valuesort join-29-4
SELECT x43,x63,x37,x5,x52,x2,x25,x39,x7,x40,x26,x29,x27,x46,x15,x8,x42,x3,x45,x13,x53,x24,x32,x41,x58,x33,x57,x35,x21
  FROM t46,t26,t25,t3,t5,t15,t13,t33,t63,t2,t52,t7,t37,t43,t40,t27,t39,t45,t35,t41,t29,t42,t53,t8,t24,t21,t32,t57,t58
 WHERE b32=a58
   AND b5=a32
   AND b15=a39
   AND b63=a45
   AND b45=a29
   AND b43=a24
   AND b33=a46
   AND a2=b41
   AND a8=b46
   AND b52=a43
   AND b53=a3
   AND a37=4
   AND b35=a57
   AND a7=b25
   AND a37=b2
   AND a35=b27
   AND a21=b8
   AND b24=a42
   AND b40=a5
   AND a40=b3
   AND a33=b7
   AND a27=b29
   AND b21=a41
   AND a63=b58
   AND a52=b13
   AND b57=a13
   AND b26=a53
   AND b42=a15
   AND a25=b39
----
29 values hashing to 01ea24a43bbbb43c2ba8202d770e7249

query TTTTTTTTTTTTTTTTTTTTTTTTTTTTT valuesort join-29-4
SELECT x43,x63,x37,x5,x52,x2,x25,x39,x7,x40,x26,x29,x27,x46,x15,x8,x42,x3,x45,x13,x53,x24,x32,x41,x58,x33,x57,x35,x21
  FROM t3,t57,t53,t7,t15,t43,t26,t42,t45,t32,t46,t37,t5,t52,t63,t39,t29,t27,t35,t25,t41,t33,t21,t40,t58,t13,t8,t2,t24
 WHERE a33=b7
   AND b53=a3
   AND a32=b5
   AND b58=a63
   AND a52=b13
   AND b63=a45
   AND b40=a5
   AND a13=b57
   AND b21=a41
   AND b29=a27
   AND a43=b52
   AND a40=b3
   AND a37=4
   AND a57=b35
   AND a42=b24
   AND a8=b46
   AND b41=a2
   AND b43=a24
   AND b15=a39
   AND a58=b32
   AND a15=b42
   AND a35=b27
   AND a29=b45
   AND b25=a7
   AND a37=b2
   AND a53=b26
   AND a25=b39
   AND a46=b33
   AND b8=a21
----
29 values hashing to 01ea24a43bbbb43c2ba8202d770e7249

query TTTTTTTTTTTTTTTTTTTTTTTTTTTTT valuesort join-29-4
SELECT x43,x63,x37,x5,x52,x2,x25,x39,x7,x40,x26,x29,x27,x46,x15,x8,x42,x3,x45,x13,x53,x24,x32,x41,x58,x33,x57,x35,x21
  FROM t43,t26,t42,t32,t3,t24,t58,t57,t35,t5,t45,t25,t8,t39,t46,t52,t53,t15,t13,t40,t29,t37,t7,t21,t33,t2,t63,t27,t41
 WHERE a57=b35
   AND b40=a5
   AND a58=b32
   AND a42=b24
   AND b63=a45
   AND a25=b39
   AND a53=b26
   AND b27=a35
   AND a41=b21
   AND a43=b52
   AND a2=b41
   AND b29=a27
   AND b5=a32
   AND b53=a3
   AND b2=a37
   AND b7=a33
   AND b13=a52
   AND a63=b58
   AND a15=b42
   AND a37=4
   AND b46=a8
   AND b15=a39
   AND a21=b8
   AND b57=a13
   AND a7=b25
   AND a46=b33
   AND b43=a24
   AND a40=b3
   AND b45=a29
----
29 values hashing to 01ea24a43bbbb43c2ba8202d770e7249
