statement ok
CREATE TABLE t1(
  a1 INTEGER PRIMARY KEY,
  b1 INTEGER,
  x1 VARCHAR(40)
)

statement ok
INSERT INTO t1 VALUES(1,1,'table t1 row 1')

statement ok
INSERT INTO t1 VALUES(2,9,'table t1 row 2')

statement ok
INSERT INTO t1 VALUES(3,8,'table t1 row 3')

statement ok
INSERT INTO t1 VALUES(4,4,'table t1 row 4')

statement ok
INSERT INTO t1 VALUES(5,2,'table t1 row 5')

statement ok
INSERT INTO t1 VALUES(6,3,'table t1 row 6')

statement ok
INSERT INTO t1 VALUES(7,6,'table t1 row 7')

statement ok
INSERT INTO t1 VALUES(8,7,'table t1 row 8')

statement ok
INSERT INTO t1 VALUES(9,10,'table t1 row 9')

statement ok
INSERT INTO t1 VALUES(10,5,'table t1 row 10')

statement ok
CREATE TABLE t2(
  a2 INTEGER PRIMARY KEY,
  b2 INTEGER,
  x2 VARCHAR(40)
)

statement ok
INSERT INTO t2 VALUES(1,7,'table t2 row 1')

statement ok
INSERT INTO t2 VALUES(2,5,'table t2 row 2')

statement ok
INSERT INTO t2 VALUES(3,9,'table t2 row 3')

statement ok
INSERT INTO t2 VALUES(4,3,'table t2 row 4')

statement ok
INSERT INTO t2 VALUES(5,2,'table t2 row 5')

statement ok
INSERT INTO t2 VALUES(6,10,'table t2 row 6')

statement ok
INSERT INTO t2 VALUES(7,8,'table t2 row 7')

statement ok
INSERT INTO t2 VALUES(8,6,'table t2 row 8')

statement ok
INSERT INTO t2 VALUES(9,4,'table t2 row 9')

statement ok
INSERT INTO t2 VALUES(10,1,'table t2 row 10')

statement ok
CREATE TABLE t3(
  a3 INTEGER PRIMARY KEY,
  b3 INTEGER,
  x3 VARCHAR(40)
)

statement ok
INSERT INTO t3 VALUES(1,6,'table t3 row 1')

statement ok
INSERT INTO t3 VALUES(2,8,'table t3 row 2')

statement ok
INSERT INTO t3 VALUES(3,3,'table t3 row 3')

statement ok
INSERT INTO t3 VALUES(4,2,'table t3 row 4')

statement ok
INSERT INTO t3 VALUES(5,4,'table t3 row 5')

statement ok
INSERT INTO t3 VALUES(6,5,'table t3 row 6')

statement ok
INSERT INTO t3 VALUES(7,9,'table t3 row 7')

statement ok
INSERT INTO t3 VALUES(8,10,'table t3 row 8')

statement ok
INSERT INTO t3 VALUES(9,1,'table t3 row 9')

statement ok
INSERT INTO t3 VALUES(10,7,'table t3 row 10')

statement ok
CREATE TABLE t4(
  a4 INTEGER PRIMARY KEY,
  b4 INTEGER,
  x4 VARCHAR(40)
)

statement ok
INSERT INTO t4 VALUES(1,2,'table t4 row 1')

statement ok
INSERT INTO t4 VALUES(2,6,'table t4 row 2')

statement ok
INSERT INTO t4 VALUES(3,10,'table t4 row 3')

statement ok
INSERT INTO t4 VALUES(4,4,'table t4 row 4')

statement ok
INSERT INTO t4 VALUES(5,1,'table t4 row 5')

statement ok
INSERT INTO t4 VALUES(6,8,'table t4 row 6')

statement ok
INSERT INTO t4 VALUES(7,7,'table t4 row 7')

statement ok
INSERT INTO t4 VALUES(8,5,'table t4 row 8')

statement ok
INSERT INTO t4 VALUES(9,3,'table t4 row 9')

statement ok
INSERT INTO t4 VALUES(10,9,'table t4 row 10')

statement ok
CREATE TABLE t5(
  a5 INTEGER PRIMARY KEY,
  b5 INTEGER,
  x5 VARCHAR(40)
)

statement ok
INSERT INTO t5 VALUES(1,9,'table t5 row 1')

statement ok
INSERT INTO t5 VALUES(2,5,'table t5 row 2')

statement ok
INSERT INTO t5 VALUES(3,10,'table t5 row 3')

statement ok
INSERT INTO t5 VALUES(4,7,'table t5 row 4')

statement ok
INSERT INTO t5 VALUES(5,4,'table t5 row 5')

statement ok
INSERT INTO t5 VALUES(6,2,'table t5 row 6')

statement ok
INSERT INTO t5 VALUES(7,1,'table t5 row 7')

statement ok
INSERT INTO t5 VALUES(8,8,'table t5 row 8')

statement ok
INSERT INTO t5 VALUES(9,3,'table t5 row 9')

statement ok
INSERT INTO t5 VALUES(10,6,'table t5 row 10')

statement ok
CREATE TABLE t6(
  a6 INTEGER PRIMARY KEY,
  b6 INTEGER,
  x6 VARCHAR(40)
)

statement ok
INSERT INTO t6 VALUES(1,2,'table t6 row 1')

statement ok
INSERT INTO t6 VALUES(2,5,'table t6 row 2')

statement ok
INSERT INTO t6 VALUES(3,9,'table t6 row 3')

statement ok
INSERT INTO t6 VALUES(4,3,'table t6 row 4')

statement ok
INSERT INTO t6 VALUES(5,1,'table t6 row 5')

statement ok
INSERT INTO t6 VALUES(6,8,'table t6 row 6')

statement ok
INSERT INTO t6 VALUES(7,10,'table t6 row 7')

statement ok
INSERT INTO t6 VALUES(8,6,'table t6 row 8')

statement ok
INSERT INTO t6 VALUES(9,4,'table t6 row 9')

statement ok
INSERT INTO t6 VALUES(10,7,'table t6 row 10')

statement ok
CREATE TABLE t7(
  a7 INTEGER PRIMARY KEY,
  b7 INTEGER,
  x7 VARCHAR(40)
)

statement ok
INSERT INTO t7 VALUES(1,1,'table t7 row 1')

statement ok
INSERT INTO t7 VALUES(2,5,'table t7 row 2')

statement ok
INSERT INTO t7 VALUES(3,3,'table t7 row 3')

statement ok
INSERT INTO t7 VALUES(4,9,'table t7 row 4')

statement ok
INSERT INTO t7 VALUES(5,8,'table t7 row 5')

statement ok
INSERT INTO t7 VALUES(6,4,'table t7 row 6')

statement ok
INSERT INTO t7 VALUES(7,2,'table t7 row 7')

statement ok
INSERT INTO t7 VALUES(8,10,'table t7 row 8')

statement ok
INSERT INTO t7 VALUES(9,6,'table t7 row 9')

statement ok
INSERT INTO t7 VALUES(10,7,'table t7 row 10')

statement ok
CREATE TABLE t8(
  a8 INTEGER PRIMARY KEY,
  b8 INTEGER,
  x8 VARCHAR(40)
)

statement ok
INSERT INTO t8 VALUES(1,3,'table t8 row 1')

statement ok
INSERT INTO t8 VALUES(2,10,'table t8 row 2')

statement ok
INSERT INTO t8 VALUES(3,8,'table t8 row 3')

statement ok
INSERT INTO t8 VALUES(4,6,'table t8 row 4')

statement ok
INSERT INTO t8 VALUES(5,7,'table t8 row 5')

statement ok
INSERT INTO t8 VALUES(6,4,'table t8 row 6')

statement ok
INSERT INTO t8 VALUES(7,2,'table t8 row 7')

statement ok
INSERT INTO t8 VALUES(8,9,'table t8 row 8')

statement ok
INSERT INTO t8 VALUES(9,5,'table t8 row 9')

statement ok
INSERT INTO t8 VALUES(10,1,'table t8 row 10')

statement ok
CREATE TABLE t9(
  a9 INTEGER PRIMARY KEY,
  b9 INTEGER,
  x9 VARCHAR(40)
)

statement ok
INSERT INTO t9 VALUES(1,3,'table t9 row 1')

statement ok
INSERT INTO t9 VALUES(2,4,'table t9 row 2')

statement ok
INSERT INTO t9 VALUES(3,6,'table t9 row 3')

statement ok
INSERT INTO t9 VALUES(4,5,'table t9 row 4')

statement ok
INSERT INTO t9 VALUES(5,9,'table t9 row 5')

statement ok
INSERT INTO t9 VALUES(6,7,'table t9 row 6')

statement ok
INSERT INTO t9 VALUES(7,2,'table t9 row 7')

statement ok
INSERT INTO t9 VALUES(8,1,'table t9 row 8')

statement ok
INSERT INTO t9 VALUES(9,10,'table t9 row 9')

statement ok
INSERT INTO t9 VALUES(10,8,'table t9 row 10')

statement ok
CREATE TABLE t10(
  a10 INTEGER PRIMARY KEY,
  b10 INTEGER,
  x10 VARCHAR(40)
)

statement ok
INSERT INTO t10 VALUES(1,8,'table t10 row 1')

statement ok
INSERT INTO t10 VALUES(2,10,'table t10 row 2')

statement ok
INSERT INTO t10 VALUES(3,7,'table t10 row 3')

statement ok
INSERT INTO t10 VALUES(4,1,'table t10 row 4')

statement ok
INSERT INTO t10 VALUES(5,5,'table t10 row 5')

statement ok
INSERT INTO t10 VALUES(6,4,'table t10 row 6')

statement ok
INSERT INTO t10 VALUES(7,3,'table t10 row 7')

statement ok
INSERT INTO t10 VALUES(8,9,'table t10 row 8')

statement ok
INSERT INTO t10 VALUES(9,6,'table t10 row 9')

statement ok
INSERT INTO t10 VALUES(10,2,'table t10 row 10')

statement ok
CREATE TABLE t11(
  a11 INTEGER PRIMARY KEY,
  b11 INTEGER,
  x11 VARCHAR(40)
)

statement ok
INSERT INTO t11 VALUES(1,5,'table t11 row 1')

statement ok
INSERT INTO t11 VALUES(2,8,'table t11 row 2')

statement ok
INSERT INTO t11 VALUES(3,3,'table t11 row 3')

statement ok
INSERT INTO t11 VALUES(4,1,'table t11 row 4')

statement ok
INSERT INTO t11 VALUES(5,4,'table t11 row 5')

statement ok
INSERT INTO t11 VALUES(6,7,'table t11 row 6')

statement ok
INSERT INTO t11 VALUES(7,6,'table t11 row 7')

statement ok
INSERT INTO t11 VALUES(8,9,'table t11 row 8')

statement ok
INSERT INTO t11 VALUES(9,2,'table t11 row 9')

statement ok
INSERT INTO t11 VALUES(10,10,'table t11 row 10')

statement ok
CREATE TABLE t12(
  a12 INTEGER PRIMARY KEY,
  b12 INTEGER,
  x12 VARCHAR(40)
)

statement ok
INSERT INTO t12 VALUES(1,4,'table t12 row 1')

statement ok
INSERT INTO t12 VALUES(2,2,'table t12 row 2')

statement ok
INSERT INTO t12 VALUES(3,5,'table t12 row 3')

statement ok
INSERT INTO t12 VALUES(4,6,'table t12 row 4')

statement ok
INSERT INTO t12 VALUES(5,9,'table t12 row 5')

statement ok
INSERT INTO t12 VALUES(6,7,'table t12 row 6')

statement ok
INSERT INTO t12 VALUES(7,10,'table t12 row 7')

statement ok
INSERT INTO t12 VALUES(8,1,'table t12 row 8')

statement ok
INSERT INTO t12 VALUES(9,8,'table t12 row 9')

statement ok
INSERT INTO t12 VALUES(10,3,'table t12 row 10')

statement ok
CREATE TABLE t13(
  a13 INTEGER PRIMARY KEY,
  b13 INTEGER,
  x13 VARCHAR(40)
)

statement ok
INSERT INTO t13 VALUES(1,10,'table t13 row 1')

statement ok
INSERT INTO t13 VALUES(2,7,'table t13 row 2')

statement ok
INSERT INTO t13 VALUES(3,6,'table t13 row 3')

statement ok
INSERT INTO t13 VALUES(4,2,'table t13 row 4')

statement ok
INSERT INTO t13 VALUES(5,8,'table t13 row 5')

statement ok
INSERT INTO t13 VALUES(6,4,'table t13 row 6')

statement ok
INSERT INTO t13 VALUES(7,1,'table t13 row 7')

statement ok
INSERT INTO t13 VALUES(8,9,'table t13 row 8')

statement ok
INSERT INTO t13 VALUES(9,3,'table t13 row 9')

statement ok
INSERT INTO t13 VALUES(10,5,'table t13 row 10')

statement ok
CREATE TABLE t14(
  a14 INTEGER PRIMARY KEY,
  b14 INTEGER,
  x14 VARCHAR(40)
)

statement ok
INSERT INTO t14 VALUES(1,5,'table t14 row 1')

statement ok
INSERT INTO t14 VALUES(2,3,'table t14 row 2')

statement ok
INSERT INTO t14 VALUES(3,9,'table t14 row 3')

statement ok
INSERT INTO t14 VALUES(4,7,'table t14 row 4')

statement ok
INSERT INTO t14 VALUES(5,4,'table t14 row 5')

statement ok
INSERT INTO t14 VALUES(6,1,'table t14 row 6')

statement ok
INSERT INTO t14 VALUES(7,8,'table t14 row 7')

statement ok
INSERT INTO t14 VALUES(8,2,'table t14 row 8')

statement ok
INSERT INTO t14 VALUES(9,10,'table t14 row 9')

statement ok
INSERT INTO t14 VALUES(10,6,'table t14 row 10')

statement ok
CREATE TABLE t15(
  a15 INTEGER PRIMARY KEY,
  b15 INTEGER,
  x15 VARCHAR(40)
)

statement ok
INSERT INTO t15 VALUES(1,7,'table t15 row 1')

statement ok
INSERT INTO t15 VALUES(2,1,'table t15 row 2')

statement ok
INSERT INTO t15 VALUES(3,5,'table t15 row 3')

statement ok
INSERT INTO t15 VALUES(4,2,'table t15 row 4')

statement ok
INSERT INTO t15 VALUES(5,4,'table t15 row 5')

statement ok
INSERT INTO t15 VALUES(6,6,'table t15 row 6')

statement ok
INSERT INTO t15 VALUES(7,3,'table t15 row 7')

statement ok
INSERT INTO t15 VALUES(8,10,'table t15 row 8')

statement ok
INSERT INTO t15 VALUES(9,9,'table t15 row 9')

statement ok
INSERT INTO t15 VALUES(10,8,'table t15 row 10')

statement ok
CREATE TABLE t16(
  a16 INTEGER PRIMARY KEY,
  b16 INTEGER,
  x16 VARCHAR(40)
)

statement ok
INSERT INTO t16 VALUES(1,5,'table t16 row 1')

statement ok
INSERT INTO t16 VALUES(2,3,'table t16 row 2')

statement ok
INSERT INTO t16 VALUES(3,4,'table t16 row 3')

statement ok
INSERT INTO t16 VALUES(4,7,'table t16 row 4')

statement ok
INSERT INTO t16 VALUES(5,6,'table t16 row 5')

statement ok
INSERT INTO t16 VALUES(6,9,'table t16 row 6')

statement ok
INSERT INTO t16 VALUES(7,2,'table t16 row 7')

statement ok
INSERT INTO t16 VALUES(8,10,'table t16 row 8')

statement ok
INSERT INTO t16 VALUES(9,8,'table t16 row 9')

statement ok
INSERT INTO t16 VALUES(10,1,'table t16 row 10')

statement ok
CREATE TABLE t17(
  a17 INTEGER PRIMARY KEY,
  b17 INTEGER,
  x17 VARCHAR(40)
)

statement ok
INSERT INTO t17 VALUES(1,7,'table t17 row 1')

statement ok
INSERT INTO t17 VALUES(2,2,'table t17 row 2')

statement ok
INSERT INTO t17 VALUES(3,3,'table t17 row 3')

statement ok
INSERT INTO t17 VALUES(4,1,'table t17 row 4')

statement ok
INSERT INTO t17 VALUES(5,4,'table t17 row 5')

statement ok
INSERT INTO t17 VALUES(6,5,'table t17 row 6')

statement ok
INSERT INTO t17 VALUES(7,8,'table t17 row 7')

statement ok
INSERT INTO t17 VALUES(8,9,'table t17 row 8')

statement ok
INSERT INTO t17 VALUES(9,6,'table t17 row 9')

statement ok
INSERT INTO t17 VALUES(10,10,'table t17 row 10')

statement ok
CREATE TABLE t18(
  a18 INTEGER PRIMARY KEY,
  b18 INTEGER,
  x18 VARCHAR(40)
)

statement ok
INSERT INTO t18 VALUES(1,1,'table t18 row 1')

statement ok
INSERT INTO t18 VALUES(2,8,'table t18 row 2')

statement ok
INSERT INTO t18 VALUES(3,3,'table t18 row 3')

statement ok
INSERT INTO t18 VALUES(4,5,'table t18 row 4')

statement ok
INSERT INTO t18 VALUES(5,10,'table t18 row 5')

statement ok
INSERT INTO t18 VALUES(6,6,'table t18 row 6')

statement ok
INSERT INTO t18 VALUES(7,9,'table t18 row 7')

statement ok
INSERT INTO t18 VALUES(8,7,'table t18 row 8')

statement ok
INSERT INTO t18 VALUES(9,2,'table t18 row 9')

statement ok
INSERT INTO t18 VALUES(10,4,'table t18 row 10')

statement ok
CREATE TABLE t19(
  a19 INTEGER PRIMARY KEY,
  b19 INTEGER,
  x19 VARCHAR(40)
)

statement ok
INSERT INTO t19 VALUES(1,4,'table t19 row 1')

statement ok
INSERT INTO t19 VALUES(2,7,'table t19 row 2')

statement ok
INSERT INTO t19 VALUES(3,2,'table t19 row 3')

statement ok
INSERT INTO t19 VALUES(4,6,'table t19 row 4')

statement ok
INSERT INTO t19 VALUES(5,9,'table t19 row 5')

statement ok
INSERT INTO t19 VALUES(6,10,'table t19 row 6')

statement ok
INSERT INTO t19 VALUES(7,1,'table t19 row 7')

statement ok
INSERT INTO t19 VALUES(8,5,'table t19 row 8')

statement ok
INSERT INTO t19 VALUES(9,8,'table t19 row 9')

statement ok
INSERT INTO t19 VALUES(10,3,'table t19 row 10')

statement ok
CREATE TABLE t20(
  a20 INTEGER PRIMARY KEY,
  b20 INTEGER,
  x20 VARCHAR(40)
)

statement ok
INSERT INTO t20 VALUES(1,10,'table t20 row 1')

statement ok
INSERT INTO t20 VALUES(2,9,'table t20 row 2')

statement ok
INSERT INTO t20 VALUES(3,3,'table t20 row 3')

statement ok
INSERT INTO t20 VALUES(4,7,'table t20 row 4')

statement ok
INSERT INTO t20 VALUES(5,6,'table t20 row 5')

statement ok
INSERT INTO t20 VALUES(6,2,'table t20 row 6')

statement ok
INSERT INTO t20 VALUES(7,1,'table t20 row 7')

statement ok
INSERT INTO t20 VALUES(8,4,'table t20 row 8')

statement ok
INSERT INTO t20 VALUES(9,5,'table t20 row 9')

statement ok
INSERT INTO t20 VALUES(10,8,'table t20 row 10')

statement ok
CREATE TABLE t21(
  a21 INTEGER PRIMARY KEY,
  b21 INTEGER,
  x21 VARCHAR(40)
)

statement ok
INSERT INTO t21 VALUES(1,7,'table t21 row 1')

statement ok
INSERT INTO t21 VALUES(2,9,'table t21 row 2')

statement ok
INSERT INTO t21 VALUES(3,6,'table t21 row 3')

statement ok
INSERT INTO t21 VALUES(4,3,'table t21 row 4')

statement ok
INSERT INTO t21 VALUES(5,5,'table t21 row 5')

statement ok
INSERT INTO t21 VALUES(6,4,'table t21 row 6')

statement ok
INSERT INTO t21 VALUES(7,1,'table t21 row 7')

statement ok
INSERT INTO t21 VALUES(8,10,'table t21 row 8')

statement ok
INSERT INTO t21 VALUES(9,8,'table t21 row 9')

statement ok
INSERT INTO t21 VALUES(10,2,'table t21 row 10')

statement ok
CREATE TABLE t22(
  a22 INTEGER PRIMARY KEY,
  b22 INTEGER,
  x22 VARCHAR(40)
)

statement ok
INSERT INTO t22 VALUES(1,7,'table t22 row 1')

statement ok
INSERT INTO t22 VALUES(2,3,'table t22 row 2')

statement ok
INSERT INTO t22 VALUES(3,6,'table t22 row 3')

statement ok
INSERT INTO t22 VALUES(4,4,'table t22 row 4')

statement ok
INSERT INTO t22 VALUES(5,2,'table t22 row 5')

statement ok
INSERT INTO t22 VALUES(6,8,'table t22 row 6')

statement ok
INSERT INTO t22 VALUES(7,9,'table t22 row 7')

statement ok
INSERT INTO t22 VALUES(8,10,'table t22 row 8')

statement ok
INSERT INTO t22 VALUES(9,5,'table t22 row 9')

statement ok
INSERT INTO t22 VALUES(10,1,'table t22 row 10')

statement ok
CREATE TABLE t23(
  a23 INTEGER PRIMARY KEY,
  b23 INTEGER,
  x23 VARCHAR(40)
)

statement ok
INSERT INTO t23 VALUES(1,9,'table t23 row 1')

statement ok
INSERT INTO t23 VALUES(2,4,'table t23 row 2')

statement ok
INSERT INTO t23 VALUES(3,2,'table t23 row 3')

statement ok
INSERT INTO t23 VALUES(4,8,'table t23 row 4')

statement ok
INSERT INTO t23 VALUES(5,3,'table t23 row 5')

statement ok
INSERT INTO t23 VALUES(6,6,'table t23 row 6')

statement ok
INSERT INTO t23 VALUES(7,7,'table t23 row 7')

statement ok
INSERT INTO t23 VALUES(8,5,'table t23 row 8')

statement ok
INSERT INTO t23 VALUES(9,10,'table t23 row 9')

statement ok
INSERT INTO t23 VALUES(10,1,'table t23 row 10')

statement ok
CREATE TABLE t24(
  a24 INTEGER PRIMARY KEY,
  b24 INTEGER,
  x24 VARCHAR(40)
)

statement ok
INSERT INTO t24 VALUES(1,10,'table t24 row 1')

statement ok
INSERT INTO t24 VALUES(2,3,'table t24 row 2')

statement ok
INSERT INTO t24 VALUES(3,8,'table t24 row 3')

statement ok
INSERT INTO t24 VALUES(4,2,'table t24 row 4')

statement ok
INSERT INTO t24 VALUES(5,5,'table t24 row 5')

statement ok
INSERT INTO t24 VALUES(6,4,'table t24 row 6')

statement ok
INSERT INTO t24 VALUES(7,6,'table t24 row 7')

statement ok
INSERT INTO t24 VALUES(8,9,'table t24 row 8')

statement ok
INSERT INTO t24 VALUES(9,1,'table t24 row 9')

statement ok
INSERT INTO t24 VALUES(10,7,'table t24 row 10')

statement ok
CREATE TABLE t25(
  a25 INTEGER PRIMARY KEY,
  b25 INTEGER,
  x25 VARCHAR(40)
)

statement ok
INSERT INTO t25 VALUES(1,7,'table t25 row 1')

statement ok
INSERT INTO t25 VALUES(2,6,'table t25 row 2')

statement ok
INSERT INTO t25 VALUES(3,5,'table t25 row 3')

statement ok
INSERT INTO t25 VALUES(4,1,'table t25 row 4')

statement ok
INSERT INTO t25 VALUES(5,8,'table t25 row 5')

statement ok
INSERT INTO t25 VALUES(6,9,'table t25 row 6')

statement ok
INSERT INTO t25 VALUES(7,3,'table t25 row 7')

statement ok
INSERT INTO t25 VALUES(8,2,'table t25 row 8')

statement ok
INSERT INTO t25 VALUES(9,4,'table t25 row 9')

statement ok
INSERT INTO t25 VALUES(10,10,'table t25 row 10')

statement ok
CREATE TABLE t26(
  a26 INTEGER PRIMARY KEY,
  b26 INTEGER,
  x26 VARCHAR(40)
)

statement ok
INSERT INTO t26 VALUES(1,2,'table t26 row 1')

statement ok
INSERT INTO t26 VALUES(2,7,'table t26 row 2')

statement ok
INSERT INTO t26 VALUES(3,5,'table t26 row 3')

statement ok
INSERT INTO t26 VALUES(4,1,'table t26 row 4')

statement ok
INSERT INTO t26 VALUES(5,8,'table t26 row 5')

statement ok
INSERT INTO t26 VALUES(6,6,'table t26 row 6')

statement ok
INSERT INTO t26 VALUES(7,4,'table t26 row 7')

statement ok
INSERT INTO t26 VALUES(8,9,'table t26 row 8')

statement ok
INSERT INTO t26 VALUES(9,3,'table t26 row 9')

statement ok
INSERT INTO t26 VALUES(10,10,'table t26 row 10')

statement ok
CREATE TABLE t27(
  a27 INTEGER PRIMARY KEY,
  b27 INTEGER,
  x27 VARCHAR(40)
)

statement ok
INSERT INTO t27 VALUES(1,8,'table t27 row 1')

statement ok
INSERT INTO t27 VALUES(2,3,'table t27 row 2')

statement ok
INSERT INTO t27 VALUES(3,6,'table t27 row 3')

statement ok
INSERT INTO t27 VALUES(4,7,'table t27 row 4')

statement ok
INSERT INTO t27 VALUES(5,4,'table t27 row 5')

statement ok
INSERT INTO t27 VALUES(6,2,'table t27 row 6')

statement ok
INSERT INTO t27 VALUES(7,10,'table t27 row 7')

statement ok
INSERT INTO t27 VALUES(8,9,'table t27 row 8')

statement ok
INSERT INTO t27 VALUES(9,5,'table t27 row 9')

statement ok
INSERT INTO t27 VALUES(10,1,'table t27 row 10')

statement ok
CREATE TABLE t28(
  a28 INTEGER PRIMARY KEY,
  b28 INTEGER,
  x28 VARCHAR(40)
)

statement ok
INSERT INTO t28 VALUES(1,6,'table t28 row 1')

statement ok
INSERT INTO t28 VALUES(2,10,'table t28 row 2')

statement ok
INSERT INTO t28 VALUES(3,2,'table t28 row 3')

statement ok
INSERT INTO t28 VALUES(4,4,'table t28 row 4')

statement ok
INSERT INTO t28 VALUES(5,5,'table t28 row 5')

statement ok
INSERT INTO t28 VALUES(6,9,'table t28 row 6')

statement ok
INSERT INTO t28 VALUES(7,3,'table t28 row 7')

statement ok
INSERT INTO t28 VALUES(8,8,'table t28 row 8')

statement ok
INSERT INTO t28 VALUES(9,7,'table t28 row 9')

statement ok
INSERT INTO t28 VALUES(10,1,'table t28 row 10')

statement ok
CREATE TABLE t29(
  a29 INTEGER PRIMARY KEY,
  b29 INTEGER,
  x29 VARCHAR(40)
)

statement ok
INSERT INTO t29 VALUES(1,4,'table t29 row 1')

statement ok
INSERT INTO t29 VALUES(2,2,'table t29 row 2')

statement ok
INSERT INTO t29 VALUES(3,9,'table t29 row 3')

statement ok
INSERT INTO t29 VALUES(4,8,'table t29 row 4')

statement ok
INSERT INTO t29 VALUES(5,10,'table t29 row 5')

statement ok
INSERT INTO t29 VALUES(6,3,'table t29 row 6')

statement ok
INSERT INTO t29 VALUES(7,7,'table t29 row 7')

statement ok
INSERT INTO t29 VALUES(8,6,'table t29 row 8')

statement ok
INSERT INTO t29 VALUES(9,5,'table t29 row 9')

statement ok
INSERT INTO t29 VALUES(10,1,'table t29 row 10')

statement ok
CREATE TABLE t30(
  a30 INTEGER PRIMARY KEY,
  b30 INTEGER,
  x30 VARCHAR(40)
)

statement ok
INSERT INTO t30 VALUES(1,5,'table t30 row 1')

statement ok
INSERT INTO t30 VALUES(2,6,'table t30 row 2')

statement ok
INSERT INTO t30 VALUES(3,10,'table t30 row 3')

statement ok
INSERT INTO t30 VALUES(4,3,'table t30 row 4')

statement ok
INSERT INTO t30 VALUES(5,7,'table t30 row 5')

statement ok
INSERT INTO t30 VALUES(6,4,'table t30 row 6')

statement ok
INSERT INTO t30 VALUES(7,9,'table t30 row 7')

statement ok
INSERT INTO t30 VALUES(8,8,'table t30 row 8')

statement ok
INSERT INTO t30 VALUES(9,2,'table t30 row 9')

statement ok
INSERT INTO t30 VALUES(10,1,'table t30 row 10')

statement ok
CREATE TABLE t31(
  a31 INTEGER PRIMARY KEY,
  b31 INTEGER,
  x31 VARCHAR(40)
)

statement ok
INSERT INTO t31 VALUES(1,1,'table t31 row 1')

statement ok
INSERT INTO t31 VALUES(2,6,'table t31 row 2')

statement ok
INSERT INTO t31 VALUES(3,4,'table t31 row 3')

statement ok
INSERT INTO t31 VALUES(4,8,'table t31 row 4')

statement ok
INSERT INTO t31 VALUES(5,2,'table t31 row 5')

statement ok
INSERT INTO t31 VALUES(6,9,'table t31 row 6')

statement ok
INSERT INTO t31 VALUES(7,7,'table t31 row 7')

statement ok
INSERT INTO t31 VALUES(8,3,'table t31 row 8')

statement ok
INSERT INTO t31 VALUES(9,5,'table t31 row 9')

statement ok
INSERT INTO t31 VALUES(10,10,'table t31 row 10')

statement ok
CREATE TABLE t32(
  a32 INTEGER PRIMARY KEY,
  b32 INTEGER,
  x32 VARCHAR(40)
)

statement ok
INSERT INTO t32 VALUES(1,10,'table t32 row 1')

statement ok
INSERT INTO t32 VALUES(2,2,'table t32 row 2')

statement ok
INSERT INTO t32 VALUES(3,6,'table t32 row 3')

statement ok
INSERT INTO t32 VALUES(4,3,'table t32 row 4')

statement ok
INSERT INTO t32 VALUES(5,4,'table t32 row 5')

statement ok
INSERT INTO t32 VALUES(6,1,'table t32 row 6')

statement ok
INSERT INTO t32 VALUES(7,7,'table t32 row 7')

statement ok
INSERT INTO t32 VALUES(8,5,'table t32 row 8')

statement ok
INSERT INTO t32 VALUES(9,9,'table t32 row 9')

statement ok
INSERT INTO t32 VALUES(10,8,'table t32 row 10')

statement ok
CREATE TABLE t33(
  a33 INTEGER PRIMARY KEY,
  b33 INTEGER,
  x33 VARCHAR(40)
)

statement ok
INSERT INTO t33 VALUES(1,8,'table t33 row 1')

statement ok
INSERT INTO t33 VALUES(2,4,'table t33 row 2')

statement ok
INSERT INTO t33 VALUES(3,5,'table t33 row 3')

statement ok
INSERT INTO t33 VALUES(4,1,'table t33 row 4')

statement ok
INSERT INTO t33 VALUES(5,2,'table t33 row 5')

statement ok
INSERT INTO t33 VALUES(6,10,'table t33 row 6')

statement ok
INSERT INTO t33 VALUES(7,3,'table t33 row 7')

statement ok
INSERT INTO t33 VALUES(8,6,'table t33 row 8')

statement ok
INSERT INTO t33 VALUES(9,7,'table t33 row 9')

statement ok
INSERT INTO t33 VALUES(10,9,'table t33 row 10')

statement ok
CREATE TABLE t34(
  a34 INTEGER PRIMARY KEY,
  b34 INTEGER,
  x34 VARCHAR(40)
)

statement ok
INSERT INTO t34 VALUES(1,10,'table t34 row 1')

statement ok
INSERT INTO t34 VALUES(2,1,'table t34 row 2')

statement ok
INSERT INTO t34 VALUES(3,6,'table t34 row 3')

statement ok
INSERT INTO t34 VALUES(4,5,'table t34 row 4')

statement ok
INSERT INTO t34 VALUES(5,9,'table t34 row 5')

statement ok
INSERT INTO t34 VALUES(6,8,'table t34 row 6')

statement ok
INSERT INTO t34 VALUES(7,2,'table t34 row 7')

statement ok
INSERT INTO t34 VALUES(8,4,'table t34 row 8')

statement ok
INSERT INTO t34 VALUES(9,3,'table t34 row 9')

statement ok
INSERT INTO t34 VALUES(10,7,'table t34 row 10')

statement ok
CREATE TABLE t35(
  a35 INTEGER PRIMARY KEY,
  b35 INTEGER,
  x35 VARCHAR(40)
)

statement ok
INSERT INTO t35 VALUES(1,3,'table t35 row 1')

statement ok
INSERT INTO t35 VALUES(2,7,'table t35 row 2')

statement ok
INSERT INTO t35 VALUES(3,6,'table t35 row 3')

statement ok
INSERT INTO t35 VALUES(4,5,'table t35 row 4')

statement ok
INSERT INTO t35 VALUES(5,1,'table t35 row 5')

statement ok
INSERT INTO t35 VALUES(6,4,'table t35 row 6')

statement ok
INSERT INTO t35 VALUES(7,2,'table t35 row 7')

statement ok
INSERT INTO t35 VALUES(8,10,'table t35 row 8')

statement ok
INSERT INTO t35 VALUES(9,8,'table t35 row 9')

statement ok
INSERT INTO t35 VALUES(10,9,'table t35 row 10')

statement ok
CREATE TABLE t36(
  a36 INTEGER PRIMARY KEY,
  b36 INTEGER,
  x36 VARCHAR(40)
)

statement ok
INSERT INTO t36 VALUES(1,7,'table t36 row 1')

statement ok
INSERT INTO t36 VALUES(2,8,'table t36 row 2')

statement ok
INSERT INTO t36 VALUES(3,6,'table t36 row 3')

statement ok
INSERT INTO t36 VALUES(4,4,'table t36 row 4')

statement ok
INSERT INTO t36 VALUES(5,9,'table t36 row 5')

statement ok
INSERT INTO t36 VALUES(6,1,'table t36 row 6')

statement ok
INSERT INTO t36 VALUES(7,2,'table t36 row 7')

statement ok
INSERT INTO t36 VALUES(8,3,'table t36 row 8')

statement ok
INSERT INTO t36 VALUES(9,5,'table t36 row 9')

statement ok
INSERT INTO t36 VALUES(10,10,'table t36 row 10')

statement ok
CREATE TABLE t37(
  a37 INTEGER PRIMARY KEY,
  b37 INTEGER,
  x37 VARCHAR(40)
)

statement ok
INSERT INTO t37 VALUES(1,1,'table t37 row 1')

statement ok
INSERT INTO t37 VALUES(2,9,'table t37 row 2')

statement ok
INSERT INTO t37 VALUES(3,7,'table t37 row 3')

statement ok
INSERT INTO t37 VALUES(4,3,'table t37 row 4')

statement ok
INSERT INTO t37 VALUES(5,8,'table t37 row 5')

statement ok
INSERT INTO t37 VALUES(6,6,'table t37 row 6')

statement ok
INSERT INTO t37 VALUES(7,5,'table t37 row 7')

statement ok
INSERT INTO t37 VALUES(8,2,'table t37 row 8')

statement ok
INSERT INTO t37 VALUES(9,10,'table t37 row 9')

statement ok
INSERT INTO t37 VALUES(10,4,'table t37 row 10')

statement ok
CREATE TABLE t38(
  a38 INTEGER PRIMARY KEY,
  b38 INTEGER,
  x38 VARCHAR(40)
)

statement ok
INSERT INTO t38 VALUES(1,2,'table t38 row 1')

statement ok
INSERT INTO t38 VALUES(2,10,'table t38 row 2')

statement ok
INSERT INTO t38 VALUES(3,5,'table t38 row 3')

statement ok
INSERT INTO t38 VALUES(4,6,'table t38 row 4')

statement ok
INSERT INTO t38 VALUES(5,4,'table t38 row 5')

statement ok
INSERT INTO t38 VALUES(6,1,'table t38 row 6')

statement ok
INSERT INTO t38 VALUES(7,7,'table t38 row 7')

statement ok
INSERT INTO t38 VALUES(8,8,'table t38 row 8')

statement ok
INSERT INTO t38 VALUES(9,9,'table t38 row 9')

statement ok
INSERT INTO t38 VALUES(10,3,'table t38 row 10')

statement ok
CREATE TABLE t39(
  a39 INTEGER PRIMARY KEY,
  b39 INTEGER,
  x39 VARCHAR(40)
)

statement ok
INSERT INTO t39 VALUES(1,9,'table t39 row 1')

statement ok
INSERT INTO t39 VALUES(2,2,'table t39 row 2')

statement ok
INSERT INTO t39 VALUES(3,3,'table t39 row 3')

statement ok
INSERT INTO t39 VALUES(4,10,'table t39 row 4')

statement ok
INSERT INTO t39 VALUES(5,4,'table t39 row 5')

statement ok
INSERT INTO t39 VALUES(6,7,'table t39 row 6')

statement ok
INSERT INTO t39 VALUES(7,6,'table t39 row 7')

statement ok
INSERT INTO t39 VALUES(8,5,'table t39 row 8')

statement ok
INSERT INTO t39 VALUES(9,1,'table t39 row 9')

statement ok
INSERT INTO t39 VALUES(10,8,'table t39 row 10')

statement ok
CREATE TABLE t40(
  a40 INTEGER PRIMARY KEY,
  b40 INTEGER,
  x40 VARCHAR(40)
)

statement ok
INSERT INTO t40 VALUES(1,4,'table t40 row 1')

statement ok
INSERT INTO t40 VALUES(2,3,'table t40 row 2')

statement ok
INSERT INTO t40 VALUES(3,10,'table t40 row 3')

statement ok
INSERT INTO t40 VALUES(4,7,'table t40 row 4')

statement ok
INSERT INTO t40 VALUES(5,8,'table t40 row 5')

statement ok
INSERT INTO t40 VALUES(6,5,'table t40 row 6')

statement ok
INSERT INTO t40 VALUES(7,6,'table t40 row 7')

statement ok
INSERT INTO t40 VALUES(8,2,'table t40 row 8')

statement ok
INSERT INTO t40 VALUES(9,9,'table t40 row 9')

statement ok
INSERT INTO t40 VALUES(10,1,'table t40 row 10')

statement ok
CREATE TABLE t41(
  a41 INTEGER PRIMARY KEY,
  b41 INTEGER,
  x41 VARCHAR(40)
)

statement ok
INSERT INTO t41 VALUES(1,6,'table t41 row 1')

statement ok
INSERT INTO t41 VALUES(2,1,'table t41 row 2')

statement ok
INSERT INTO t41 VALUES(3,3,'table t41 row 3')

statement ok
INSERT INTO t41 VALUES(4,2,'table t41 row 4')

statement ok
INSERT INTO t41 VALUES(5,9,'table t41 row 5')

statement ok
INSERT INTO t41 VALUES(6,5,'table t41 row 6')

statement ok
INSERT INTO t41 VALUES(7,8,'table t41 row 7')

statement ok
INSERT INTO t41 VALUES(8,7,'table t41 row 8')

statement ok
INSERT INTO t41 VALUES(9,10,'table t41 row 9')

statement ok
INSERT INTO t41 VALUES(10,4,'table t41 row 10')

statement ok
CREATE TABLE t42(
  a42 INTEGER PRIMARY KEY,
  b42 INTEGER,
  x42 VARCHAR(40)
)

statement ok
INSERT INTO t42 VALUES(1,10,'table t42 row 1')

statement ok
INSERT INTO t42 VALUES(2,3,'table t42 row 2')

statement ok
INSERT INTO t42 VALUES(3,7,'table t42 row 3')

statement ok
INSERT INTO t42 VALUES(4,6,'table t42 row 4')

statement ok
INSERT INTO t42 VALUES(5,8,'table t42 row 5')

statement ok
INSERT INTO t42 VALUES(6,2,'table t42 row 6')

statement ok
INSERT INTO t42 VALUES(7,5,'table t42 row 7')

statement ok
INSERT INTO t42 VALUES(8,9,'table t42 row 8')

statement ok
INSERT INTO t42 VALUES(9,1,'table t42 row 9')

statement ok
INSERT INTO t42 VALUES(10,4,'table t42 row 10')

statement ok
CREATE TABLE t43(
  a43 INTEGER PRIMARY KEY,
  b43 INTEGER,
  x43 VARCHAR(40)
)

statement ok
INSERT INTO t43 VALUES(1,2,'table t43 row 1')

statement ok
INSERT INTO t43 VALUES(2,3,'table t43 row 2')

statement ok
INSERT INTO t43 VALUES(3,8,'table t43 row 3')

statement ok
INSERT INTO t43 VALUES(4,5,'table t43 row 4')

statement ok
INSERT INTO t43 VALUES(5,10,'table t43 row 5')

statement ok
INSERT INTO t43 VALUES(6,6,'table t43 row 6')

statement ok
INSERT INTO t43 VALUES(7,4,'table t43 row 7')

statement ok
INSERT INTO t43 VALUES(8,1,'table t43 row 8')

statement ok
INSERT INTO t43 VALUES(9,9,'table t43 row 9')

statement ok
INSERT INTO t43 VALUES(10,7,'table t43 row 10')

statement ok
CREATE TABLE t44(
  a44 INTEGER PRIMARY KEY,
  b44 INTEGER,
  x44 VARCHAR(40)
)

statement ok
INSERT INTO t44 VALUES(1,8,'table t44 row 1')

statement ok
INSERT INTO t44 VALUES(2,10,'table t44 row 2')

statement ok
INSERT INTO t44 VALUES(3,5,'table t44 row 3')

statement ok
INSERT INTO t44 VALUES(4,3,'table t44 row 4')

statement ok
INSERT INTO t44 VALUES(5,9,'table t44 row 5')

statement ok
INSERT INTO t44 VALUES(6,6,'table t44 row 6')

statement ok
INSERT INTO t44 VALUES(7,2,'table t44 row 7')

statement ok
INSERT INTO t44 VALUES(8,7,'table t44 row 8')

statement ok
INSERT INTO t44 VALUES(9,1,'table t44 row 9')

statement ok
INSERT INTO t44 VALUES(10,4,'table t44 row 10')

statement ok
CREATE TABLE t45(
  a45 INTEGER PRIMARY KEY,
  b45 INTEGER,
  x45 VARCHAR(40)
)

statement ok
INSERT INTO t45 VALUES(1,2,'table t45 row 1')

statement ok
INSERT INTO t45 VALUES(2,4,'table t45 row 2')

statement ok
INSERT INTO t45 VALUES(3,10,'table t45 row 3')

statement ok
INSERT INTO t45 VALUES(4,9,'table t45 row 4')

statement ok
INSERT INTO t45 VALUES(5,8,'table t45 row 5')

statement ok
INSERT INTO t45 VALUES(6,7,'table t45 row 6')

statement ok
INSERT INTO t45 VALUES(7,3,'table t45 row 7')

statement ok
INSERT INTO t45 VALUES(8,5,'table t45 row 8')

statement ok
INSERT INTO t45 VALUES(9,1,'table t45 row 9')

statement ok
INSERT INTO t45 VALUES(10,6,'table t45 row 10')

statement ok
CREATE TABLE t46(
  a46 INTEGER PRIMARY KEY,
  b46 INTEGER,
  x46 VARCHAR(40)
)

statement ok
INSERT INTO t46 VALUES(1,1,'table t46 row 1')

statement ok
INSERT INTO t46 VALUES(2,8,'table t46 row 2')

statement ok
INSERT INTO t46 VALUES(3,7,'table t46 row 3')

statement ok
INSERT INTO t46 VALUES(4,5,'table t46 row 4')

statement ok
INSERT INTO t46 VALUES(5,9,'table t46 row 5')

statement ok
INSERT INTO t46 VALUES(6,4,'table t46 row 6')

statement ok
INSERT INTO t46 VALUES(7,2,'table t46 row 7')

statement ok
INSERT INTO t46 VALUES(8,10,'table t46 row 8')

statement ok
INSERT INTO t46 VALUES(9,6,'table t46 row 9')

statement ok
INSERT INTO t46 VALUES(10,3,'table t46 row 10')

statement ok
CREATE TABLE t47(
  a47 INTEGER PRIMARY KEY,
  b47 INTEGER,
  x47 VARCHAR(40)
)

statement ok
INSERT INTO t47 VALUES(1,10,'table t47 row 1')

statement ok
INSERT INTO t47 VALUES(2,7,'table t47 row 2')

statement ok
INSERT INTO t47 VALUES(3,6,'table t47 row 3')

statement ok
INSERT INTO t47 VALUES(4,9,'table t47 row 4')

statement ok
INSERT INTO t47 VALUES(5,1,'table t47 row 5')

statement ok
INSERT INTO t47 VALUES(6,4,'table t47 row 6')

statement ok
INSERT INTO t47 VALUES(7,2,'table t47 row 7')

statement ok
INSERT INTO t47 VALUES(8,3,'table t47 row 8')

statement ok
INSERT INTO t47 VALUES(9,5,'table t47 row 9')

statement ok
INSERT INTO t47 VALUES(10,8,'table t47 row 10')

statement ok
CREATE TABLE t48(
  a48 INTEGER PRIMARY KEY,
  b48 INTEGER,
  x48 VARCHAR(40)
)

statement ok
INSERT INTO t48 VALUES(1,5,'table t48 row 1')

statement ok
INSERT INTO t48 VALUES(2,9,'table t48 row 2')

statement ok
INSERT INTO t48 VALUES(3,3,'table t48 row 3')

statement ok
INSERT INTO t48 VALUES(4,6,'table t48 row 4')

statement ok
INSERT INTO t48 VALUES(5,2,'table t48 row 5')

statement ok
INSERT INTO t48 VALUES(6,1,'table t48 row 6')

statement ok
INSERT INTO t48 VALUES(7,7,'table t48 row 7')

statement ok
INSERT INTO t48 VALUES(8,8,'table t48 row 8')

statement ok
INSERT INTO t48 VALUES(9,10,'table t48 row 9')

statement ok
INSERT INTO t48 VALUES(10,4,'table t48 row 10')

statement ok
CREATE TABLE t49(
  a49 INTEGER PRIMARY KEY,
  b49 INTEGER,
  x49 VARCHAR(40)
)

statement ok
INSERT INTO t49 VALUES(1,9,'table t49 row 1')

statement ok
INSERT INTO t49 VALUES(2,10,'table t49 row 2')

statement ok
INSERT INTO t49 VALUES(3,4,'table t49 row 3')

statement ok
INSERT INTO t49 VALUES(4,6,'table t49 row 4')

statement ok
INSERT INTO t49 VALUES(5,5,'table t49 row 5')

statement ok
INSERT INTO t49 VALUES(6,2,'table t49 row 6')

statement ok
INSERT INTO t49 VALUES(7,3,'table t49 row 7')

statement ok
INSERT INTO t49 VALUES(8,1,'table t49 row 8')

statement ok
INSERT INTO t49 VALUES(9,8,'table t49 row 9')

statement ok
INSERT INTO t49 VALUES(10,7,'table t49 row 10')

statement ok
CREATE TABLE t50(
  a50 INTEGER PRIMARY KEY,
  b50 INTEGER,
  x50 VARCHAR(40)
)

statement ok
INSERT INTO t50 VALUES(1,8,'table t50 row 1')

statement ok
INSERT INTO t50 VALUES(2,4,'table t50 row 2')

statement ok
INSERT INTO t50 VALUES(3,6,'table t50 row 3')

statement ok
INSERT INTO t50 VALUES(4,9,'table t50 row 4')

statement ok
INSERT INTO t50 VALUES(5,2,'table t50 row 5')

statement ok
INSERT INTO t50 VALUES(6,7,'table t50 row 6')

statement ok
INSERT INTO t50 VALUES(7,1,'table t50 row 7')

statement ok
INSERT INTO t50 VALUES(8,3,'table t50 row 8')

statement ok
INSERT INTO t50 VALUES(9,5,'table t50 row 9')

statement ok
INSERT INTO t50 VALUES(10,10,'table t50 row 10')

statement ok
CREATE TABLE t51(
  a51 INTEGER PRIMARY KEY,
  b51 INTEGER,
  x51 VARCHAR(40)
)

statement ok
INSERT INTO t51 VALUES(1,5,'table t51 row 1')

statement ok
INSERT INTO t51 VALUES(2,3,'table t51 row 2')

statement ok
INSERT INTO t51 VALUES(3,10,'table t51 row 3')

statement ok
INSERT INTO t51 VALUES(4,7,'table t51 row 4')

statement ok
INSERT INTO t51 VALUES(5,6,'table t51 row 5')

statement ok
INSERT INTO t51 VALUES(6,2,'table t51 row 6')

statement ok
INSERT INTO t51 VALUES(7,9,'table t51 row 7')

statement ok
INSERT INTO t51 VALUES(8,4,'table t51 row 8')

statement ok
INSERT INTO t51 VALUES(9,8,'table t51 row 9')

statement ok
INSERT INTO t51 VALUES(10,1,'table t51 row 10')

statement ok
CREATE TABLE t52(
  a52 INTEGER PRIMARY KEY,
  b52 INTEGER,
  x52 VARCHAR(40)
)

statement ok
INSERT INTO t52 VALUES(1,5,'table t52 row 1')

statement ok
INSERT INTO t52 VALUES(2,8,'table t52 row 2')

statement ok
INSERT INTO t52 VALUES(3,6,'table t52 row 3')

statement ok
INSERT INTO t52 VALUES(4,3,'table t52 row 4')

statement ok
INSERT INTO t52 VALUES(5,4,'table t52 row 5')

statement ok
INSERT INTO t52 VALUES(6,10,'table t52 row 6')

statement ok
INSERT INTO t52 VALUES(7,7,'table t52 row 7')

statement ok
INSERT INTO t52 VALUES(8,1,'table t52 row 8')

statement ok
INSERT INTO t52 VALUES(9,9,'table t52 row 9')

statement ok
INSERT INTO t52 VALUES(10,2,'table t52 row 10')

statement ok
CREATE TABLE t53(
  a53 INTEGER PRIMARY KEY,
  b53 INTEGER,
  x53 VARCHAR(40)
)

statement ok
INSERT INTO t53 VALUES(1,8,'table t53 row 1')

statement ok
INSERT INTO t53 VALUES(2,9,'table t53 row 2')

statement ok
INSERT INTO t53 VALUES(3,5,'table t53 row 3')

statement ok
INSERT INTO t53 VALUES(4,2,'table t53 row 4')

statement ok
INSERT INTO t53 VALUES(5,1,'table t53 row 5')

statement ok
INSERT INTO t53 VALUES(6,6,'table t53 row 6')

statement ok
INSERT INTO t53 VALUES(7,10,'table t53 row 7')

statement ok
INSERT INTO t53 VALUES(8,3,'table t53 row 8')

statement ok
INSERT INTO t53 VALUES(9,7,'table t53 row 9')

statement ok
INSERT INTO t53 VALUES(10,4,'table t53 row 10')

statement ok
CREATE TABLE t54(
  a54 INTEGER PRIMARY KEY,
  b54 INTEGER,
  x54 VARCHAR(40)
)

statement ok
INSERT INTO t54 VALUES(1,6,'table t54 row 1')

statement ok
INSERT INTO t54 VALUES(2,7,'table t54 row 2')

statement ok
INSERT INTO t54 VALUES(3,2,'table t54 row 3')

statement ok
INSERT INTO t54 VALUES(4,9,'table t54 row 4')

statement ok
INSERT INTO t54 VALUES(5,8,'table t54 row 5')

statement ok
INSERT INTO t54 VALUES(6,5,'table t54 row 6')

statement ok
INSERT INTO t54 VALUES(7,4,'table t54 row 7')

statement ok
INSERT INTO t54 VALUES(8,1,'table t54 row 8')

statement ok
INSERT INTO t54 VALUES(9,10,'table t54 row 9')

statement ok
INSERT INTO t54 VALUES(10,3,'table t54 row 10')

statement ok
CREATE TABLE t55(
  a55 INTEGER PRIMARY KEY,
  b55 INTEGER,
  x55 VARCHAR(40)
)

statement ok
INSERT INTO t55 VALUES(1,1,'table t55 row 1')

statement ok
INSERT INTO t55 VALUES(2,3,'table t55 row 2')

statement ok
INSERT INTO t55 VALUES(3,7,'table t55 row 3')

statement ok
INSERT INTO t55 VALUES(4,9,'table t55 row 4')

statement ok
INSERT INTO t55 VALUES(5,5,'table t55 row 5')

statement ok
INSERT INTO t55 VALUES(6,4,'table t55 row 6')

statement ok
INSERT INTO t55 VALUES(7,10,'table t55 row 7')

statement ok
INSERT INTO t55 VALUES(8,8,'table t55 row 8')

statement ok
INSERT INTO t55 VALUES(9,6,'table t55 row 9')

statement ok
INSERT INTO t55 VALUES(10,2,'table t55 row 10')

statement ok
CREATE TABLE t56(
  a56 INTEGER PRIMARY KEY,
  b56 INTEGER,
  x56 VARCHAR(40)
)

statement ok
INSERT INTO t56 VALUES(1,7,'table t56 row 1')

statement ok
INSERT INTO t56 VALUES(2,3,'table t56 row 2')

statement ok
INSERT INTO t56 VALUES(3,6,'table t56 row 3')

statement ok
INSERT INTO t56 VALUES(4,9,'table t56 row 4')

statement ok
INSERT INTO t56 VALUES(5,2,'table t56 row 5')

statement ok
INSERT INTO t56 VALUES(6,8,'table t56 row 6')

statement ok
INSERT INTO t56 VALUES(7,5,'table t56 row 7')

statement ok
INSERT INTO t56 VALUES(8,1,'table t56 row 8')

statement ok
INSERT INTO t56 VALUES(9,10,'table t56 row 9')

statement ok
INSERT INTO t56 VALUES(10,4,'table t56 row 10')

statement ok
CREATE TABLE t57(
  a57 INTEGER PRIMARY KEY,
  b57 INTEGER,
  x57 VARCHAR(40)
)

statement ok
INSERT INTO t57 VALUES(1,9,'table t57 row 1')

statement ok
INSERT INTO t57 VALUES(2,5,'table t57 row 2')

statement ok
INSERT INTO t57 VALUES(3,4,'table t57 row 3')

statement ok
INSERT INTO t57 VALUES(4,8,'table t57 row 4')

statement ok
INSERT INTO t57 VALUES(5,2,'table t57 row 5')

statement ok
INSERT INTO t57 VALUES(6,3,'table t57 row 6')

statement ok
INSERT INTO t57 VALUES(7,10,'table t57 row 7')

statement ok
INSERT INTO t57 VALUES(8,7,'table t57 row 8')

statement ok
INSERT INTO t57 VALUES(9,1,'table t57 row 9')

statement ok
INSERT INTO t57 VALUES(10,6,'table t57 row 10')

statement ok
CREATE TABLE t58(
  a58 INTEGER PRIMARY KEY,
  b58 INTEGER,
  x58 VARCHAR(40)
)

statement ok
INSERT INTO t58 VALUES(1,10,'table t58 row 1')

statement ok
INSERT INTO t58 VALUES(2,3,'table t58 row 2')

statement ok
INSERT INTO t58 VALUES(3,2,'table t58 row 3')

statement ok
INSERT INTO t58 VALUES(4,8,'table t58 row 4')

statement ok
INSERT INTO t58 VALUES(5,4,'table t58 row 5')

statement ok
INSERT INTO t58 VALUES(6,1,'table t58 row 6')

statement ok
INSERT INTO t58 VALUES(7,5,'table t58 row 7')

statement ok
INSERT INTO t58 VALUES(8,6,'table t58 row 8')

statement ok
INSERT INTO t58 VALUES(9,7,'table t58 row 9')

statement ok
INSERT INTO t58 VALUES(10,9,'table t58 row 10')

statement ok
CREATE TABLE t59(
  a59 INTEGER PRIMARY KEY,
  b59 INTEGER,
  x59 VARCHAR(40)
)

statement ok
INSERT INTO t59 VALUES(1,9,'table t59 row 1')

statement ok
INSERT INTO t59 VALUES(2,10,'table t59 row 2')

statement ok
INSERT INTO t59 VALUES(3,4,'table t59 row 3')

statement ok
INSERT INTO t59 VALUES(4,2,'table t59 row 4')

statement ok
INSERT INTO t59 VALUES(5,1,'table t59 row 5')

statement ok
INSERT INTO t59 VALUES(6,3,'table t59 row 6')

statement ok
INSERT INTO t59 VALUES(7,7,'table t59 row 7')

statement ok
INSERT INTO t59 VALUES(8,5,'table t59 row 8')

statement ok
INSERT INTO t59 VALUES(9,8,'table t59 row 9')

statement ok
INSERT INTO t59 VALUES(10,6,'table t59 row 10')

statement ok
CREATE TABLE t60(
  a60 INTEGER PRIMARY KEY,
  b60 INTEGER,
  x60 VARCHAR(40)
)

statement ok
INSERT INTO t60 VALUES(1,8,'table t60 row 1')

statement ok
INSERT INTO t60 VALUES(2,10,'table t60 row 2')

statement ok
INSERT INTO t60 VALUES(3,1,'table t60 row 3')

statement ok
INSERT INTO t60 VALUES(4,7,'table t60 row 4')

statement ok
INSERT INTO t60 VALUES(5,5,'table t60 row 5')

statement ok
INSERT INTO t60 VALUES(6,9,'table t60 row 6')

statement ok
INSERT INTO t60 VALUES(7,3,'table t60 row 7')

statement ok
INSERT INTO t60 VALUES(8,2,'table t60 row 8')

statement ok
INSERT INTO t60 VALUES(9,6,'table t60 row 9')

statement ok
INSERT INTO t60 VALUES(10,4,'table t60 row 10')

statement ok
CREATE TABLE t61(
  a61 INTEGER PRIMARY KEY,
  b61 INTEGER,
  x61 VARCHAR(40)
)

statement ok
INSERT INTO t61 VALUES(1,9,'table t61 row 1')

statement ok
INSERT INTO t61 VALUES(2,1,'table t61 row 2')

statement ok
INSERT INTO t61 VALUES(3,7,'table t61 row 3')

statement ok
INSERT INTO t61 VALUES(4,4,'table t61 row 4')

statement ok
INSERT INTO t61 VALUES(5,2,'table t61 row 5')

statement ok
INSERT INTO t61 VALUES(6,5,'table t61 row 6')

statement ok
INSERT INTO t61 VALUES(7,8,'table t61 row 7')

statement ok
INSERT INTO t61 VALUES(8,10,'table t61 row 8')

statement ok
INSERT INTO t61 VALUES(9,3,'table t61 row 9')

statement ok
INSERT INTO t61 VALUES(10,6,'table t61 row 10')

statement ok
CREATE TABLE t62(
  a62 INTEGER PRIMARY KEY,
  b62 INTEGER,
  x62 VARCHAR(40)
)

statement ok
INSERT INTO t62 VALUES(1,10,'table t62 row 1')

statement ok
INSERT INTO t62 VALUES(2,1,'table t62 row 2')

statement ok
INSERT INTO t62 VALUES(3,2,'table t62 row 3')

statement ok
INSERT INTO t62 VALUES(4,3,'table t62 row 4')

statement ok
INSERT INTO t62 VALUES(5,5,'table t62 row 5')

statement ok
INSERT INTO t62 VALUES(6,7,'table t62 row 6')

statement ok
INSERT INTO t62 VALUES(7,8,'table t62 row 7')

statement ok
INSERT INTO t62 VALUES(8,6,'table t62 row 8')

statement ok
INSERT INTO t62 VALUES(9,9,'table t62 row 9')

statement ok
INSERT INTO t62 VALUES(10,4,'table t62 row 10')

statement ok
CREATE TABLE t63(
  a63 INTEGER PRIMARY KEY,
  b63 INTEGER,
  x63 VARCHAR(40)
)

statement ok
INSERT INTO t63 VALUES(1,4,'table t63 row 1')

statement ok
INSERT INTO t63 VALUES(2,5,'table t63 row 2')

statement ok
INSERT INTO t63 VALUES(3,1,'table t63 row 3')

statement ok
INSERT INTO t63 VALUES(4,9,'table t63 row 4')

statement ok
INSERT INTO t63 VALUES(5,6,'table t63 row 5')

statement ok
INSERT INTO t63 VALUES(6,2,'table t63 row 6')

statement ok
INSERT INTO t63 VALUES(7,10,'table t63 row 7')

statement ok
INSERT INTO t63 VALUES(8,8,'table t63 row 8')

statement ok
INSERT INTO t63 VALUES(9,3,'table t63 row 9')

statement ok
INSERT INTO t63 VALUES(10,7,'table t63 row 10')

statement ok
CREATE TABLE t64(
  a64 INTEGER PRIMARY KEY,
  b64 INTEGER,
  x64 VARCHAR(40)
)

statement ok
INSERT INTO t64 VALUES(1,4,'table t64 row 1')

statement ok
INSERT INTO t64 VALUES(2,2,'table t64 row 2')

statement ok
INSERT INTO t64 VALUES(3,6,'table t64 row 3')

statement ok
INSERT INTO t64 VALUES(4,10,'table t64 row 4')

statement ok
INSERT INTO t64 VALUES(5,9,'table t64 row 5')

statement ok
INSERT INTO t64 VALUES(6,1,'table t64 row 6')

statement ok
INSERT INTO t64 VALUES(7,5,'table t64 row 7')

statement ok
INSERT INTO t64 VALUES(8,7,'table t64 row 8')

statement ok
INSERT INTO t64 VALUES(9,8,'table t64 row 9')

statement ok
INSERT INTO t64 VALUES(10,3,'table t64 row 10')

query TTTTTTTTTTTTTTTTTTTTTTTTTTTTTTTTTTTTTTTTTTTTTTTTTTTTTTTTTT valuesort join-58-1
SELECT x37,x17,x2,x34,x30,x43,x50,x57,x1,x15,x35,x10,x40,x16,x21,x13,x29,x42,x14,x41,x26,x12,x38,x19,x36,x5,x54,x25,x9,x46,x56,x44,x58,x6,x3,x18,x24,x4,x20,x61,x27,x7,x33,x53,x55,x60,x11,x52,x39,x23,x8,x31,x48,x64,x63,x59,x22,x47
  FROM t42,t19,t56,t7,t18,t58,t29,t22,t52,t53,t24,t31,t36,t2,t23,t30,t13,t38,t15,t60,t34,t8,t63,t25,t39,t48,t46,t5,t40,t37,t3,t55,t9,t1,t59,t16,t33,t14,t6,t4,t57,t20,t35,t47,t44,t12,t50,t64,t61,t43,t27,t41,t21,t26,t10,t17,t11,t54
 WHERE a44=b42
   AND b22=a38
   AND a35=b20
   AND b40=a64
   AND b47=a30
   AND b2=a56
   AND b46=a48
   AND b31=a12
   AND b16=a63
   AND b4=a47
   AND a13=b6
   AND b1=a42
   AND b54=a33
   AND b8=a15
   AND a34=b25
   AND a2=b3
   AND b27=a14
   AND a16=b53
   AND b29=a23
   AND a46=b52
   AND a61=b34
   AND a25=b48
   AND a22=b13
   AND a6=b19
   AND a37=b23
   AND a7=b41
   AND a5=b43
   AND a3=b5
   AND b64=a4
   AND b11=a39
   AND a31=b37
   AND a43=b17
   AND b7=a40
   AND a50=b38
   AND a27=b24
   AND a1=b50
   AND b55=a59
   AND b39=a20
   AND a10=b30
   AND a14=9
   AND b56=a29
   AND b12=a53
   AND a9=b18
   AND b9=a41
   AND a19=b15
   AND a55=b35
   AND a36=b21
   AND b61=a60
   AND b44=a54
   AND b10=a58
   AND b59=a26
   AND b33=a11
   AND a17=b36
   AND b26=a24
   AND a52=b63
   AND a21=b58
   AND b60=a57
   AND b57=a8
----
58 values hashing to 782359593c2088312dd557b0d7226113

query TTTTTTTTTTTTTTTTTTTTTTTTTTTTTTTTTTTTTTTTTTTTTTTTTTTTTTTTTT valuesort join-58-1
SELECT x37,x17,x2,x34,x30,x43,x50,x57,x1,x15,x35,x10,x40,x16,x21,x13,x29,x42,x14,x41,x26,x12,x38,x19,x36,x5,x54,x25,x9,x46,x56,x44,x58,x6,x3,x18,x24,x4,x20,x61,x27,x7,x33,x53,x55,x60,x11,x52,x39,x23,x8,x31,x48,x64,x63,x59,x22,x47
  FROM t21,t64,t47,t36,t12,t3,t55,t38,t31,t5,t18,t37,t30,t50,t48,t8,t23,t41,t17,t40,t13,t52,t19,t58,t15,t29,t56,t24,t7,t53,t35,t2,t43,t44,t57,t22,t42,t6,t9,t46,t1,t60,t16,t27,t25,t20,t34,t11,t39,t26,t14,t10,t4,t54,t59,t61,t33,t63
 WHERE b52=a46
   AND a30=b47
   AND a57=b60
   AND a44=b42
   AND a13=b6
   AND a52=b63
   AND a56=b2
   AND b57=a8
   AND a29=b56
   AND a15=b8
   AND a27=b24
   AND b33=a11
   AND b21=a36
   AND b55=a59
   AND a38=b22
   AND a17=b36
   AND b25=a34
   AND b50=a1
   AND b30=a10
   AND a7=b41
   AND b26=a24
   AND a21=b58
   AND b17=a43
   AND b48=a25
   AND a37=b23
   AND b39=a20
   AND b53=a16
   AND a54=b44
   AND b9=a41
   AND a33=b54
   AND b1=a42
   AND b13=a22
   AND a35=b20
   AND a64=b40
   AND b34=a61
   AND a60=b61
   AND a47=b4
   AND a39=b11
   AND a14=b27
   AND a53=b12
   AND b38=a50
   AND a55=b35
   AND a12=b31
   AND a48=b46
   AND b37=a31
   AND b18=a9
   AND b29=a23
   AND b10=a58
   AND b19=a6
   AND b59=a26
   AND b43=a5
   AND a3=b5
   AND b16=a63
   AND a4=b64
   AND a40=b7
   AND a14=9
   AND b15=a19
   AND a2=b3
----
58 values hashing to 782359593c2088312dd557b0d7226113

query TTTTTTTTTTTTTTTTTTTTTTTTTTTTTTTTTTTTTTTTTTTTTTTTTTTTTTTTTT valuesort join-58-1
SELECT x37,x17,x2,x34,x30,x43,x50,x57,x1,x15,x35,x10,x40,x16,x21,x13,x29,x42,x14,x41,x26,x12,x38,x19,x36,x5,x54,x25,x9,x46,x56,x44,x58,x6,x3,x18,x24,x4,x20,x61,x27,x7,x33,x53,x55,x60,x11,x52,x39,x23,x8,x31,x48,x64,x63,x59,x22,x47
  FROM t57,t3,t55,t35,t30,t19,t6,t2,t60,t40,t63,t64,t58,t46,t18,t20,t54,t21,t37,t44,t53,t14,t47,t7,t25,t5,t9,t15,t39,t26,t56,t52,t17,t31,t13,t43,t36,t61,t8,t42,t1,t10,t33,t11,t23,t24,t16,t59,t29,t27,t4,t50,t38,t41,t34,t12,t22,t48
 WHERE a27=b24
   AND a47=b4
   AND a60=b61
   AND a21=b58
   AND b21=a36
   AND a53=b12
   AND a31=b37
   AND a17=b36
   AND b63=a52
   AND a50=b38
   AND a41=b9
   AND a39=b11
   AND b40=a64
   AND a14=9
   AND a20=b39
   AND a8=b57
   AND b47=a30
   AND b15=a19
   AND a48=b46
   AND b2=a56
   AND b42=a44
   AND a38=b22
   AND b35=a55
   AND a40=b7
   AND a15=b8
   AND b59=a26
   AND b30=a10
   AND a63=b16
   AND b29=a23
   AND a34=b25
   AND a16=b53
   AND a46=b52
   AND b19=a6
   AND b6=a13
   AND b41=a7
   AND b5=a3
   AND a43=b17
   AND a35=b20
   AND a1=b50
   AND a12=b31
   AND b3=a2
   AND b60=a57
   AND b55=a59
   AND a22=b13
   AND b44=a54
   AND b33=a11
   AND a14=b27
   AND b56=a29
   AND b34=a61
   AND b10=a58
   AND a4=b64
   AND b23=a37
   AND b26=a24
   AND a33=b54
   AND b48=a25
   AND b43=a5
   AND a9=b18
   AND b1=a42
----
58 values hashing to 782359593c2088312dd557b0d7226113

query TTTTTTTTTTTTTTTTTTTTTTTTTTTTTTTTTTTTTTTTTTTTTTTTTTTTTTTTTT valuesort join-58-2
SELECT x16,x22,x19,x44,x38,x51,x26,x39,x5,x7,x55,x24,x18,x6,x56,x17,x36,x40,x61,x42,x50,x10,x20,x47,x37,x64,x52,x28,x27,x34,x63,x53,x25,x59,x35,x14,x2,x62,x3,x48,x4,x57,x41,x23,x12,x8,x9,x46,x32,x45,x1,x43,x54,x49,x11,x30,x33,x21
  FROM t26,t3,t25,t63,t9,t8,t52,t32,t38,t41,t44,t50,t23,t54,t18,t10,t40,t56,t4,t12,t28,t55,t24,t39,t46,t34,t37,t6,t16,t45,t36,t5,t43,t14,t51,t42,t20,t57,t11,t21,t62,t2,t49,t1,t17,t48,t22,t33,t53,t61,t59,t30,t64,t7,t27,t19,t47,t35
 WHERE a48=b3
   AND a40=b9
   AND b4=a32
   AND b41=a25
   AND b18=a30
   AND a42=b62
   AND a21=b39
   AND a50=b5
   AND a12=b37
   AND b50=a55
   AND a56=b36
   AND a57=b25
   AND b28=a43
   AND b27=a39
   AND a4=b10
   AND b23=a51
   AND a52=3
   AND a33=b64
   AND a64=b21
   AND a52=b17
   AND a23=b20
   AND a20=b30
   AND b56=a37
   AND a28=b26
   AND b49=a36
   AND a5=b44
   AND b47=a1
   AND a18=b14
   AND a22=b57
   AND b22=a59
   AND b19=a41
   AND b55=a6
   AND a7=b40
   AND b7=a11
   AND b45=a3
   AND b11=a38
   AND a47=b63
   AND a53=b6
   AND b32=a2
   AND a61=b16
   AND b35=a54
   AND a16=b46
   AND b1=a26
   AND b59=a44
   AND b38=a17
   AND a19=b24
   AND a62=b12
   AND a63=b42
   AND b34=a14
   AND a24=b54
   AND b51=a10
   AND a45=b8
   AND a49=b33
   AND a46=b2
   AND b43=a9
   AND a27=b61
   AND b53=a8
   AND a34=b48
----
58 values hashing to cae8c5904da7c2205ba1cf927ea241d7

query TTTTTTTTTTTTTTTTTTTTTTTTTTTTTTTTTTTTTTTTTTTTTTTTTTTTTTTTTT valuesort join-58-2
SELECT x16,x22,x19,x44,x38,x51,x26,x39,x5,x7,x55,x24,x18,x6,x56,x17,x36,x40,x61,x42,x50,x10,x20,x47,x37,x64,x52,x28,x27,x34,x63,x53,x25,x59,x35,x14,x2,x62,x3,x48,x4,x57,x41,x23,x12,x8,x9,x46,x32,x45,x1,x43,x54,x49,x11,x30,x33,x21
  FROM t18,t17,t64,t55,t52,t51,t11,t25,t53,t62,t59,t34,t4,t48,t42,t56,t32,t26,t10,t41,t40,t63,t44,t35,t47,t54,t12,t24,t27,t9,t19,t30,t22,t45,t6,t8,t57,t36,t61,t2,t23,t3,t21,t28,t38,t16,t39,t5,t20,t49,t37,t1,t46,t33,t7,t14,t50,t43
 WHERE a44=b59
   AND b39=a21
   AND b24=a19
   AND a57=b25
   AND b2=a46
   AND a20=b30
   AND b12=a62
   AND a37=b56
   AND a23=b20
   AND b36=a56
   AND a50=b5
   AND b37=a12
   AND b40=a7
   AND a39=b27
   AND b32=a2
   AND a55=b50
   AND b42=a63
   AND b49=a36
   AND a54=b35
   AND a53=b6
   AND a27=b61
   AND b21=a64
   AND a24=b54
   AND a1=b47
   AND a32=b4
   AND a52=3
   AND a51=b23
   AND b34=a14
   AND a43=b28
   AND b44=a5
   AND b41=a25
   AND a38=b11
   AND a52=b17
   AND a11=b7
   AND a48=b3
   AND b1=a26
   AND b16=a61
   AND a16=b46
   AND b45=a3
   AND a17=b38
   AND b14=a18
   AND b22=a59
   AND b63=a47
   AND a10=b51
   AND a4=b10
   AND b33=a49
   AND b8=a45
   AND b18=a30
   AND a42=b62
   AND a28=b26
   AND a8=b53
   AND a40=b9
   AND a9=b43
   AND b55=a6
   AND b19=a41
   AND b48=a34
   AND b64=a33
   AND a22=b57
----
58 values hashing to cae8c5904da7c2205ba1cf927ea241d7

query TTTTTTTTTTTTTTTTTTTTTTTTTTTTTTTTTTTTTTTTTTTTTTTTTTTTTTTTTT valuesort join-58-2
SELECT x16,x22,x19,x44,x38,x51,x26,x39,x5,x7,x55,x24,x18,x6,x56,x17,x36,x40,x61,x42,x50,x10,x20,x47,x37,x64,x52,x28,x27,x34,x63,x53,x25,x59,x35,x14,x2,x62,x3,x48,x4,x57,x41,x23,x12,x8,x9,x46,x32,x45,x1,x43,x54,x49,x11,x30,x33,x21
  FROM t9,t27,t55,t49,t30,t62,t18,t47,t14,t28,t51,t20,t40,t3,t35,t10,t34,t17,t4,t19,t1,t8,t64,t56,t45,t39,t6,t37,t52,t50,t48,t36,t46,t44,t11,t5,t43,t41,t42,t32,t22,t61,t12,t23,t38,t26,t54,t24,t59,t25,t16,t33,t21,t63,t7,t57,t2,t53
 WHERE b7=a11
   AND a55=b50
   AND b44=a5
   AND b47=a1
   AND b61=a27
   AND b30=a20
   AND a9=b43
   AND b34=a14
   AND b20=a23
   AND a4=b10
   AND b3=a48
   AND a26=b1
   AND a36=b49
   AND b59=a44
   AND b14=a18
   AND b19=a41
   AND b41=a25
   AND b17=a52
   AND b57=a22
   AND a49=b33
   AND b24=a19
   AND a47=b63
   AND b42=a63
   AND a30=b18
   AND a21=b39
   AND a2=b32
   AND a33=b64
   AND a12=b37
   AND b46=a16
   AND a61=b16
   AND a28=b26
   AND a42=b62
   AND a54=b35
   AND b2=a46
   AND a38=b11
   AND a17=b38
   AND b54=a24
   AND b22=a59
   AND b55=a6
   AND b6=a53
   AND a34=b48
   AND a64=b21
   AND b8=a45
   AND b45=a3
   AND b28=a43
   AND a57=b25
   AND b27=a39
   AND b36=a56
   AND a7=b40
   AND a40=b9
   AND b51=a10
   AND a52=3
   AND a51=b23
   AND a50=b5
   AND a62=b12
   AND b4=a32
   AND a8=b53
   AND a37=b56
----
58 values hashing to cae8c5904da7c2205ba1cf927ea241d7

query TTTTTTTTTTTTTTTTTTTTTTTTTTTTTTTTTTTTTTTTTTTTTTTTTTTTTTTTTT valuesort join-58-3
SELECT x25,x22,x30,x34,x21,x6,x47,x12,x29,x31,x14,x32,x33,x51,x17,x9,x3,x57,x1,x11,x8,x5,x63,x44,x62,x46,x24,x56,x4,x40,x16,x61,x52,x38,x20,x59,x55,x58,x60,x2,x18,x28,x49,x23,x26,x64,x10,x39,x54,x15,x35,x13,x53,x43,x19,x42,x27,x36
  FROM t43,t49,t57,t53,t18,t21,t2,t29,t1,t22,t47,t5,t10,t62,t9,t23,t6,t51,t25,t61,t8,t17,t64,t58,t60,t34,t30,t27,t12,t63,t35,t46,t42,t11,t33,t26,t56,t32,t54,t24,t36,t38,t4,t14,t59,t15,t16,t28,t55,t20,t44,t40,t19,t31,t39,t13,t52,t3
 WHERE b36=a4
   AND a19=b25
   AND b52=a29
   AND a32=b2
   AND a6=b55
   AND a13=b4
   AND b3=a27
   AND a30=b31
   AND b61=a62
   AND a20=b53
   AND a57=b22
   AND a56=b5
   AND a1=b28
   AND a34=b44
   AND a3=b32
   AND a64=b40
   AND b15=a60
   AND a43=b26
   AND b51=a46
   AND a23=b9
   AND b23=a44
   AND a53=b1
   AND b35=a36
   AND b56=a40
   AND b46=a14
   AND a38=b10
   AND a57=10
   AND b12=a24
   AND b29=a51
   AND a55=b39
   AND b34=a17
   AND a39=b33
   AND b30=a61
   AND b14=a42
   AND a9=b64
   AND b21=a59
   AND a15=b62
   AND b54=a11
   AND b58=a63
   AND b60=a21
   AND b24=a28
   AND b13=a18
   AND b19=a26
   AND a25=b27
   AND a12=b43
   AND b47=a2
   AND b17=a35
   AND b49=a22
   AND b42=a33
   AND a54=b20
   AND b63=a10
   AND b6=a49
   AND b11=a58
   AND a5=b16
   AND a47=b8
   AND b38=a52
   AND b18=a8
   AND b59=a16
----
58 values hashing to cfd91d824041afbde2ba326aa89e4ade

query TTTTTTTTTTTTTTTTTTTTTTTTTTTTTTTTTTTTTTTTTTTTTTTTTTTTTTTTTT valuesort join-58-3
SELECT x25,x22,x30,x34,x21,x6,x47,x12,x29,x31,x14,x32,x33,x51,x17,x9,x3,x57,x1,x11,x8,x5,x63,x44,x62,x46,x24,x56,x4,x40,x16,x61,x52,x38,x20,x59,x55,x58,x60,x2,x18,x28,x49,x23,x26,x64,x10,x39,x54,x15,x35,x13,x53,x43,x19,x42,x27,x36
  FROM t39,t27,t19,t63,t32,t46,t21,t17,t55,t1,t25,t36,t33,t20,t18,t56,t29,t49,t26,t38,t11,t47,t35,t14,t2,t54,t31,t24,t62,t13,t59,t10,t22,t5,t3,t42,t53,t34,t4,t8,t61,t12,t9,t30,t16,t15,t40,t60,t52,t58,t51,t43,t28,t64,t57,t44,t23,t6
 WHERE a9=b64
   AND a24=b12
   AND b36=a4
   AND a38=b10
   AND b26=a43
   AND b43=a12
   AND b40=a64
   AND a27=b3
   AND a46=b51
   AND a5=b16
   AND b17=a35
   AND b62=a15
   AND a11=b54
   AND b18=a8
   AND b30=a61
   AND a21=b60
   AND a40=b56
   AND a62=b61
   AND a57=10
   AND b8=a47
   AND b9=a23
   AND b44=a34
   AND a14=b46
   AND a1=b28
   AND b58=a63
   AND a56=b5
   AND b59=a16
   AND b35=a36
   AND a13=b4
   AND b27=a25
   AND a3=b32
   AND b29=a51
   AND a10=b63
   AND b52=a29
   AND a28=b24
   AND a26=b19
   AND a54=b20
   AND a57=b22
   AND a6=b55
   AND a33=b42
   AND b21=a59
   AND b13=a18
   AND a58=b11
   AND b1=a53
   AND b15=a60
   AND a30=b31
   AND a17=b34
   AND b6=a49
   AND b23=a44
   AND b39=a55
   AND a20=b53
   AND a42=b14
   AND b47=a2
   AND b2=a32
   AND b38=a52
   AND a19=b25
   AND b49=a22
   AND b33=a39
----
58 values hashing to cfd91d824041afbde2ba326aa89e4ade

query TTTTTTTTTTTTTTTTTTTTTTTTTTTTTTTTTTTTTTTTTTTTTTTTTTTTTTTTTT valuesort join-58-3
SELECT x25,x22,x30,x34,x21,x6,x47,x12,x29,x31,x14,x32,x33,x51,x17,x9,x3,x57,x1,x11,x8,x5,x63,x44,x62,x46,x24,x56,x4,x40,x16,x61,x52,x38,x20,x59,x55,x58,x60,x2,x18,x28,x49,x23,x26,x64,x10,x39,x54,x15,x35,x13,x53,x43,x19,x42,x27,x36
  FROM t62,t55,t40,t6,t3,t30,t13,t52,t24,t29,t56,t33,t12,t35,t44,t59,t39,t51,t16,t4,t14,t20,t28,t36,t46,t58,t64,t1,t27,t23,t61,t34,t60,t25,t8,t18,t47,t15,t19,t63,t22,t57,t53,t49,t17,t5,t10,t43,t31,t11,t26,t54,t42,t9,t32,t21,t38,t2
 WHERE b12=a24
   AND a16=b59
   AND a3=b32
   AND b13=a18
   AND a58=b11
   AND a21=b60
   AND a42=b14
   AND a12=b43
   AND b1=a53
   AND b18=a8
   AND b21=a59
   AND b22=a57
   AND a46=b51
   AND b47=a2
   AND a20=b53
   AND b8=a47
   AND a60=b15
   AND a57=10
   AND b49=a22
   AND b36=a4
   AND a14=b46
   AND a40=b56
   AND b28=a1
   AND a52=b38
   AND a35=b17
   AND b19=a26
   AND a9=b64
   AND b42=a33
   AND b44=a34
   AND a63=b58
   AND b27=a25
   AND b9=a23
   AND b31=a30
   AND a6=b55
   AND a10=b63
   AND a49=b6
   AND a43=b26
   AND a64=b40
   AND a5=b16
   AND a61=b30
   AND a36=b35
   AND b3=a27
   AND a39=b33
   AND a54=b20
   AND a62=b61
   AND a17=b34
   AND b54=a11
   AND a13=b4
   AND b23=a44
   AND b39=a55
   AND b5=a56
   AND a19=b25
   AND b10=a38
   AND a32=b2
   AND b24=a28
   AND b52=a29
   AND a15=b62
   AND a51=b29
----
58 values hashing to cfd91d824041afbde2ba326aa89e4ade

query TTTTTTTTTTTTTTTTTTTTTTTTTTTTTTTTTTTTTTTTTTTTTTTTTTTTTTTTTT valuesort join-58-4
SELECT x14,x13,x36,x33,x50,x23,x27,x15,x55,x10,x4,x34,x29,x62,x22,x43,x3,x7,x26,x28,x19,x39,x45,x24,x42,x2,x25,x53,x51,x31,x58,x47,x64,x56,x37,x9,x63,x49,x6,x18,x17,x59,x48,x41,x60,x5,x46,x1,x32,x20,x38,x40,x30,x52,x8,x35,x57,x61
  FROM t40,t57,t9,t37,t18,t25,t51,t10,t19,t26,t60,t47,t22,t31,t32,t58,t52,t35,t50,t6,t2,t28,t24,t49,t14,t55,t59,t7,t46,t4,t42,t63,t53,t41,t33,t20,t3,t29,t45,t5,t61,t38,t39,t17,t30,t62,t13,t43,t64,t56,t23,t36,t8,t27,t1,t34,t15,t48
 WHERE b38=a58
   AND b46=a14
   AND a23=b56
   AND b28=a60
   AND b55=a30
   AND a48=b49
   AND a24=b52
   AND a19=b36
   AND a64=b27
   AND b37=a9
   AND b42=a59
   AND b20=a7
   AND a63=b15
   AND b59=a17
   AND a13=b30
   AND b18=a29
   AND a38=b1
   AND a37=b50
   AND a10=b33
   AND a8=b31
   AND a34=b32
   AND a62=b39
   AND a41=b4
   AND b47=a1
   AND a43=b45
   AND b29=a46
   AND b24=a57
   AND a4=b22
   AND b60=a61
   AND a55=b9
   AND a53=b26
   AND a25=b62
   AND a32=b61
   AND a35=b34
   AND a31=b19
   AND b10=a51
   AND a15=b14
   AND b25=a56
   AND a35=8
   AND a33=b43
   AND b40=a6
   AND b7=a5
   AND b17=a28
   AND b23=a45
   AND b53=a2
   AND a50=b8
   AND a18=b48
   AND a40=b13
   AND a39=b6
   AND a47=b5
   AND b64=a36
   AND a20=b51
   AND a42=b41
   AND a52=b63
   AND b2=a22
   AND a27=b3
   AND b57=a26
   AND b58=a49
----
58 values hashing to 14cec6cf257f6c4bc97a922bf0fa83d7

query TTTTTTTTTTTTTTTTTTTTTTTTTTTTTTTTTTTTTTTTTTTTTTTTTTTTTTTTTT valuesort join-58-4
SELECT x14,x13,x36,x33,x50,x23,x27,x15,x55,x10,x4,x34,x29,x62,x22,x43,x3,x7,x26,x28,x19,x39,x45,x24,x42,x2,x25,x53,x51,x31,x58,x47,x64,x56,x37,x9,x63,x49,x6,x18,x17,x59,x48,x41,x60,x5,x46,x1,x32,x20,x38,x40,x30,x52,x8,x35,x57,x61
  FROM t19,t13,t8,t24,t9,t30,t28,t59,t37,t56,t34,t63,t50,t22,t51,t49,t48,t1,t47,t5,t57,t29,t25,t6,t52,t20,t43,t26,t31,t64,t15,t33,t18,t7,t2,t55,t32,t38,t60,t40,t45,t10,t41,t14,t4,t39,t46,t61,t58,t23,t3,t53,t36,t35,t42,t17,t62,t27
 WHERE b51=a20
   AND b48=a18
   AND b18=a29
   AND b7=a5
   AND a42=b41
   AND b25=a56
   AND a26=b57
   AND b30=a13
   AND b61=a32
   AND a57=b24
   AND a39=b6
   AND b23=a45
   AND a35=b34
   AND a35=8
   AND a53=b26
   AND b43=a33
   AND a15=b14
   AND a60=b28
   AND b15=a63
   AND a6=b40
   AND a47=b5
   AND a55=b9
   AND b46=a14
   AND b62=a25
   AND a50=b8
   AND b19=a31
   AND a22=b2
   AND a8=b31
   AND a28=b17
   AND b37=a9
   AND a40=b13
   AND b45=a43
   AND b22=a4
   AND b20=a7
   AND b49=a48
   AND a19=b36
   AND b59=a17
   AND a36=b64
   AND b3=a27
   AND a24=b52
   AND b53=a2
   AND a64=b27
   AND a49=b58
   AND a1=b47
   AND a61=b60
   AND a41=b4
   AND b55=a30
   AND b38=a58
   AND a37=b50
   AND a46=b29
   AND a52=b63
   AND a59=b42
   AND b56=a23
   AND b39=a62
   AND b32=a34
   AND a38=b1
   AND b10=a51
   AND b33=a10
----
58 values hashing to 14cec6cf257f6c4bc97a922bf0fa83d7

query TTTTTTTTTTTTTTTTTTTTTTTTTTTTTTTTTTTTTTTTTTTTTTTTTTTTTTTTTT valuesort join-58-4
SELECT x14,x13,x36,x33,x50,x23,x27,x15,x55,x10,x4,x34,x29,x62,x22,x43,x3,x7,x26,x28,x19,x39,x45,x24,x42,x2,x25,x53,x51,x31,x58,x47,x64,x56,x37,x9,x63,x49,x6,x18,x17,x59,x48,x41,x60,x5,x46,x1,x32,x20,x38,x40,x30,x52,x8,x35,x57,x61
  FROM t24,t61,t6,t27,t1,t34,t7,t46,t38,t4,t55,t47,t32,t48,t15,t3,t26,t50,t36,t45,t41,t57,t43,t63,t42,t53,t58,t56,t5,t35,t14,t62,t33,t28,t10,t64,t19,t51,t39,t59,t49,t60,t22,t13,t31,t25,t37,t9,t30,t20,t2,t40,t17,t29,t23,t18,t52,t8
 WHERE b30=a13
   AND a56=b25
   AND b50=a37
   AND a25=b62
   AND a32=b61
   AND a6=b40
   AND a55=b9
   AND b2=a22
   AND b22=a4
   AND a35=8
   AND a52=b63
   AND a64=b27
   AND a1=b47
   AND b15=a63
   AND b55=a30
   AND a14=b46
   AND b6=a39
   AND a10=b33
   AND a27=b3
   AND b56=a23
   AND b42=a59
   AND b18=a29
   AND b58=a49
   AND a8=b31
   AND b49=a48
   AND a2=b53
   AND a58=b38
   AND b45=a43
   AND a40=b13
   AND a41=b4
   AND b7=a5
   AND a57=b24
   AND b29=a46
   AND b10=a51
   AND a36=b64
   AND a53=b26
   AND a35=b34
   AND a28=b17
   AND a47=b5
   AND b43=a33
   AND b1=a38
   AND b51=a20
   AND a24=b52
   AND a62=b39
   AND a9=b37
   AND a61=b60
   AND a26=b57
   AND a18=b48
   AND b23=a45
   AND a7=b20
   AND b36=a19
   AND a15=b14
   AND b32=a34
   AND a42=b41
   AND a60=b28
   AND a50=b8
   AND a31=b19
   AND a17=b59
----
58 values hashing to 14cec6cf257f6c4bc97a922bf0fa83d7

query TTTTTTTTTTTTTTTTTTTTTTTTTTTTTTTTTTTTTTTTTTTTTTTTTTTTTTTTTTT valuesort join-59-1
SELECT x2,x26,x12,x28,x37,x51,x21,x25,x42,x13,x55,x45,x39,x20,x34,x54,x46,x64,x60,x43,x58,x48,x36,x63,x38,x44,x14,x15,x18,x23,x41,x56,x57,x8,x30,x49,x35,x40,x50,x11,x4,x29,x27,x17,x3,x33,x62,x19,x59,x1,x10,x7,x6,x16,x24,x47,x32,x9,x22
  FROM t10,t36,t17,t23,t50,t56,t60,t34,t18,t20,t2,t45,t30,t4,t26,t37,t47,t12,t59,t11,t38,t1,t58,t22,t57,t43,t14,t6,t62,t54,t63,t40,t9,t42,t48,t3,t7,t33,t41,t21,t28,t27,t46,t64,t15,t49,t39,t35,t29,t44,t32,t13,t19,t24,t51,t16,t8,t55,t25
 WHERE b22=a57
   AND b9=a48
   AND b8=a35
   AND a6=b32
   AND b42=a11
   AND a46=b54
   AND a15=b37
   AND b19=a42
   AND b51=a54
   AND b25=a33
   AND a2=5
   AND b11=a16
   AND a27=b26
   AND b18=a45
   AND b56=a47
   AND a30=b59
   AND a59=b3
   AND a55=b17
   AND b39=a23
   AND a1=b29
   AND a2=b36
   AND a32=b64
   AND a62=b34
   AND b4=a36
   AND a51=b35
   AND b55=a34
   AND a60=b28
   AND b62=a10
   AND b40=a4
   AND a44=b6
   AND a26=b41
   AND b47=a20
   AND a25=b23
   AND b49=a21
   AND b50=a58
   AND a3=b13
   AND b12=a8
   AND b46=a9
   AND b60=a24
   AND b44=a41
   AND a63=b33
   AND a29=b27
   AND a19=b43
   AND a18=b10
   AND a22=b24
   AND a49=b58
   AND a7=b38
   AND a50=b7
   AND b21=a37
   AND b63=a12
   AND a17=b16
   AND a40=b14
   AND a28=b45
   AND a13=b1
   AND b15=a64
   AND b30=a56
   AND b57=a39
   AND a14=b48
   AND a43=b20
----
59 values hashing to 4b5049f0b2a283bc95ef20b1340e7c05

query TTTTTTTTTTTTTTTTTTTTTTTTTTTTTTTTTTTTTTTTTTTTTTTTTTTTTTTTTTT valuesort join-59-1
SELECT x2,x26,x12,x28,x37,x51,x21,x25,x42,x13,x55,x45,x39,x20,x34,x54,x46,x64,x60,x43,x58,x48,x36,x63,x38,x44,x14,x15,x18,x23,x41,x56,x57,x8,x30,x49,x35,x40,x50,x11,x4,x29,x27,x17,x3,x33,x62,x19,x59,x1,x10,x7,x6,x16,x24,x47,x32,x9,x22
  FROM t50,t26,t4,t10,t62,t3,t45,t51,t1,t37,t28,t59,t7,t21,t9,t19,t55,t14,t15,t18,t29,t11,t33,t38,t44,t57,t30,t20,t43,t40,t49,t63,t32,t46,t54,t39,t36,t6,t64,t41,t25,t47,t24,t8,t35,t16,t34,t56,t2,t42,t13,t23,t17,t22,t12,t58,t48,t60,t27
 WHERE b30=a56
   AND a28=b45
   AND a59=b3
   AND b14=a40
   AND b42=a11
   AND a2=b36
   AND a29=b27
   AND b60=a24
   AND a14=b48
   AND b15=a64
   AND a23=b39
   AND a2=5
   AND b50=a58
   AND b37=a15
   AND b44=a41
   AND a63=b33
   AND a49=b58
   AND a6=b32
   AND b41=a26
   AND b54=a46
   AND b57=a39
   AND a47=b56
   AND b19=a42
   AND b40=a4
   AND b49=a21
   AND a30=b59
   AND a22=b24
   AND a37=b21
   AND b23=a25
   AND a57=b22
   AND b13=a3
   AND a50=b7
   AND b63=a12
   AND b20=a43
   AND b1=a13
   AND b34=a62
   AND b29=a1
   AND a16=b11
   AND a17=b16
   AND a48=b9
   AND a8=b12
   AND b55=a34
   AND b25=a33
   AND a60=b28
   AND a35=b8
   AND a18=b10
   AND a55=b17
   AND b47=a20
   AND a32=b64
   AND b18=a45
   AND b43=a19
   AND b51=a54
   AND b62=a10
   AND b26=a27
   AND a36=b4
   AND b46=a9
   AND a7=b38
   AND b6=a44
   AND b35=a51
----
59 values hashing to 4b5049f0b2a283bc95ef20b1340e7c05

query TTTTTTTTTTTTTTTTTTTTTTTTTTTTTTTTTTTTTTTTTTTTTTTTTTTTTTTTTTT valuesort join-59-1
SELECT x2,x26,x12,x28,x37,x51,x21,x25,x42,x13,x55,x45,x39,x20,x34,x54,x46,x64,x60,x43,x58,x48,x36,x63,x38,x44,x14,x15,x18,x23,x41,x56,x57,x8,x30,x49,x35,x40,x50,x11,x4,x29,x27,x17,x3,x33,x62,x19,x59,x1,x10,x7,x6,x16,x24,x47,x32,x9,x22
  FROM t48,t18,t26,t37,t54,t15,t42,t22,t49,t25,t39,t51,t56,t46,t28,t63,t58,t27,t36,t1,t17,t60,t38,t7,t32,t40,t35,t41,t43,t10,t64,t33,t20,t11,t3,t19,t2,t21,t34,t14,t47,t23,t57,t4,t30,t29,t6,t12,t8,t62,t13,t9,t24,t16,t59,t55,t45,t44,t50
 WHERE b4=a36
   AND a28=b45
   AND b33=a63
   AND a22=b24
   AND b63=a12
   AND b32=a6
   AND a24=b60
   AND a45=b18
   AND a9=b46
   AND b64=a32
   AND b41=a26
   AND b1=a13
   AND a34=b55
   AND b25=a33
   AND a59=b3
   AND a49=b58
   AND a10=b62
   AND a18=b10
   AND a27=b26
   AND b12=a8
   AND a2=5
   AND b19=a42
   AND a46=b54
   AND b9=a48
   AND a16=b11
   AND b15=a64
   AND b20=a43
   AND a25=b23
   AND a57=b22
   AND b36=a2
   AND a11=b42
   AND b35=a51
   AND b59=a30
   AND b16=a17
   AND b37=a15
   AND a23=b39
   AND b43=a19
   AND b49=a21
   AND b56=a47
   AND b44=a41
   AND b21=a37
   AND a35=b8
   AND b38=a7
   AND b17=a55
   AND a29=b27
   AND b51=a54
   AND b30=a56
   AND b6=a44
   AND b29=a1
   AND a50=b7
   AND b28=a60
   AND a40=b14
   AND b57=a39
   AND a62=b34
   AND b48=a14
   AND a4=b40
   AND a3=b13
   AND b47=a20
   AND b50=a58
----
59 values hashing to 4b5049f0b2a283bc95ef20b1340e7c05

query TTTTTTTTTTTTTTTTTTTTTTTTTTTTTTTTTTTTTTTTTTTTTTTTTTTTTTTTTTT valuesort join-59-2
SELECT x19,x12,x35,x9,x58,x38,x5,x32,x60,x13,x8,x17,x1,x27,x25,x39,x59,x34,x51,x47,x54,x6,x7,x45,x30,x55,x33,x31,x48,x24,x20,x36,x43,x3,x11,x4,x44,x28,x10,x61,x52,x14,x46,x50,x37,x41,x21,x23,x49,x16,x57,x64,x22,x62,x56,x29,x26,x53,x2
  FROM t14,t43,t21,t61,t55,t16,t37,t5,t45,t10,t52,t39,t38,t36,t13,t41,t58,t35,t48,t33,t24,t28,t59,t31,t20,t47,t29,t51,t30,t64,t53,t12,t49,t57,t27,t17,t56,t54,t6,t3,t2,t62,t34,t19,t1,t23,t60,t46,t9,t4,t44,t32,t50,t26,t7,t8,t11,t22,t25
 WHERE b2=a41
   AND a11=b9
   AND a30=b61
   AND a52=b16
   AND a7=b19
   AND b59=a56
   AND a60=b5
   AND b46=a57
   AND a5=b37
   AND b33=a32
   AND a24=b48
   AND b21=a8
   AND a4=b60
   AND b28=a35
   AND a16=b26
   AND a53=b50
   AND a17=b31
   AND b8=a50
   AND a38=b45
   AND b29=a26
   AND b44=a43
   AND a21=b36
   AND a34=b53
   AND b32=a36
   AND b13=a20
   AND b17=a10
   AND b56=a9
   AND b58=a51
   AND b22=a64
   AND a49=8
   AND a33=b62
   AND a49=b10
   AND b24=a2
   AND b35=a12
   AND b54=a1
   AND b30=a48
   AND a37=b27
   AND a54=b41
   AND a19=b1
   AND b34=a13
   AND a55=b39
   AND a25=b64
   AND b11=a29
   AND a27=b3
   AND a61=b4
   AND b38=a6
   AND a3=b6
   AND a44=b25
   AND b23=a39
   AND a14=b43
   AND a46=b47
   AND b51=a28
   AND b57=a58
   AND a31=b7
   AND b14=a47
   AND a45=b55
   AND a22=b52
   AND a62=b12
   AND b20=a23
----
59 values hashing to 4ec3911c1d64702275256564a4d33286

query TTTTTTTTTTTTTTTTTTTTTTTTTTTTTTTTTTTTTTTTTTTTTTTTTTTTTTTTTTT valuesort join-59-2
SELECT x19,x12,x35,x9,x58,x38,x5,x32,x60,x13,x8,x17,x1,x27,x25,x39,x59,x34,x51,x47,x54,x6,x7,x45,x30,x55,x33,x31,x48,x24,x20,x36,x43,x3,x11,x4,x44,x28,x10,x61,x52,x14,x46,x50,x37,x41,x21,x23,x49,x16,x57,x64,x22,x62,x56,x29,x26,x53,x2
  FROM t37,t28,t20,t48,t25,t19,t57,t9,t5,t54,t44,t39,t60,t47,t21,t24,t33,t31,t46,t55,t52,t8,t12,t53,t36,t16,t32,t45,t34,t11,t10,t64,t29,t23,t56,t17,t22,t41,t27,t38,t49,t51,t3,t26,t13,t1,t2,t14,t59,t6,t50,t30,t62,t7,t43,t4,t58,t61,t35
 WHERE a23=b20
   AND a9=b56
   AND b14=a47
   AND a39=b23
   AND b54=a1
   AND b32=a36
   AND b57=a58
   AND a57=b46
   AND b58=a51
   AND b51=a28
   AND a55=b39
   AND a49=8
   AND b52=a22
   AND a3=b6
   AND b8=a50
   AND a21=b36
   AND a53=b50
   AND b47=a46
   AND b28=a35
   AND b29=a26
   AND a41=b2
   AND b1=a19
   AND a38=b45
   AND b9=a11
   AND a6=b38
   AND a13=b34
   AND b16=a52
   AND b64=a25
   AND a34=b53
   AND b24=a2
   AND b10=a49
   AND a48=b30
   AND a43=b44
   AND b37=a5
   AND b27=a37
   AND b48=a24
   AND b11=a29
   AND a10=b17
   AND a33=b62
   AND b43=a14
   AND b26=a16
   AND a4=b60
   AND b3=a27
   AND a30=b61
   AND a60=b5
   AND a7=b19
   AND b55=a45
   AND a32=b33
   AND b7=a31
   AND a64=b22
   AND a44=b25
   AND b13=a20
   AND b41=a54
   AND b12=a62
   AND a8=b21
   AND b4=a61
   AND a12=b35
   AND b31=a17
   AND a56=b59
----
59 values hashing to 4ec3911c1d64702275256564a4d33286

query TTTTTTTTTTTTTTTTTTTTTTTTTTTTTTTTTTTTTTTTTTTTTTTTTTTTTTTTTTT valuesort join-59-2
SELECT x19,x12,x35,x9,x58,x38,x5,x32,x60,x13,x8,x17,x1,x27,x25,x39,x59,x34,x51,x47,x54,x6,x7,x45,x30,x55,x33,x31,x48,x24,x20,x36,x43,x3,x11,x4,x44,x28,x10,x61,x52,x14,x46,x50,x37,x41,x21,x23,x49,x16,x57,x64,x22,x62,x56,x29,x26,x53,x2
  FROM t13,t38,t3,t36,t30,t53,t61,t37,t9,t62,t28,t12,t34,t22,t41,t23,t35,t10,t46,t59,t2,t19,t5,t51,t52,t26,t8,t54,t16,t4,t11,t1,t21,t31,t48,t32,t20,t25,t24,t17,t45,t7,t33,t49,t39,t60,t64,t14,t58,t44,t50,t43,t27,t55,t6,t29,t56,t47,t57
 WHERE a17=b31
   AND b47=a46
   AND a31=b7
   AND b10=a49
   AND b46=a57
   AND a39=b23
   AND b54=a1
   AND a44=b25
   AND a50=b8
   AND a5=b37
   AND b64=a25
   AND a11=b9
   AND a36=b32
   AND b5=a60
   AND b13=a20
   AND b41=a54
   AND a3=b6
   AND a21=b36
   AND b22=a64
   AND b35=a12
   AND a48=b30
   AND a13=b34
   AND b52=a22
   AND b20=a23
   AND b56=a9
   AND b4=a61
   AND a45=b55
   AND b16=a52
   AND a56=b59
   AND b45=a38
   AND b60=a4
   AND a51=b58
   AND a53=b50
   AND a41=b2
   AND a47=b14
   AND a27=b3
   AND a2=b24
   AND b62=a33
   AND a14=b43
   AND b21=a8
   AND b26=a16
   AND b28=a35
   AND a19=b1
   AND b17=a10
   AND b38=a6
   AND b19=a7
   AND b57=a58
   AND a49=8
   AND b48=a24
   AND b39=a55
   AND b53=a34
   AND a28=b51
   AND b12=a62
   AND a37=b27
   AND b29=a26
   AND b61=a30
   AND a29=b11
   AND a43=b44
   AND a32=b33
----
59 values hashing to 4ec3911c1d64702275256564a4d33286

query TTTTTTTTTTTTTTTTTTTTTTTTTTTTTTTTTTTTTTTTTTTTTTTTTTTTTTTTTTT valuesort join-59-3
SELECT x64,x7,x36,x33,x8,x58,x5,x4,x38,x48,x25,x46,x44,x30,x6,x16,x47,x56,x54,x41,x43,x3,x60,x13,x22,x9,x59,x18,x19,x34,x50,x28,x53,x26,x27,x23,x63,x40,x20,x12,x11,x42,x10,x32,x49,x39,x51,x37,x1,x29,x62,x15,x52,x17,x61,x55,x57,x14,x2
  FROM t13,t6,t47,t61,t29,t27,t41,t40,t32,t19,t5,t33,t34,t57,t62,t22,t20,t8,t16,t50,t64,t46,t43,t2,t15,t37,t26,t60,t38,t55,t54,t3,t11,t9,t18,t39,t59,t14,t48,t30,t7,t17,t1,t42,t49,t36,t52,t12,t28,t53,t10,t25,t4,t44,t56,t51,t63,t23,t58
 WHERE b51=a12
   AND b18=a44
   AND a52=b38
   AND a23=b10
   AND b4=a3
   AND b6=a36
   AND b16=a20
   AND a49=b48
   AND a13=b49
   AND b2=a64
   AND a29=b61
   AND b28=a33
   AND a9=b13
   AND a22=b55
   AND b17=a10
   AND b60=a6
   AND b7=a47
   AND a4=b53
   AND a48=b3
   AND a8=b63
   AND a42=b58
   AND b33=a27
   AND a61=b12
   AND a28=b15
   AND a30=b47
   AND a38=b64
   AND a32=b30
   AND a54=b40
   AND a25=b52
   AND b29=a37
   AND b42=a50
   AND a11=2
   AND b20=a57
   AND b44=a43
   AND b41=a7
   AND a17=b39
   AND a56=b8
   AND a62=b14
   AND a2=b59
   AND a41=b36
   AND a39=b54
   AND a5=b34
   AND b46=a63
   AND a19=b26
   AND b43=a46
   AND a15=b22
   AND b32=a53
   AND a58=b57
   AND b27=a1
   AND b5=a18
   AND b25=a40
   AND a60=b62
   AND a26=b50
   AND a14=b23
   AND b1=a34
   AND b19=a55
   AND a51=b56
   AND b37=a11
   AND a16=b9
----
59 values hashing to d105b965c4d3052cc36083f1e9470210

query TTTTTTTTTTTTTTTTTTTTTTTTTTTTTTTTTTTTTTTTTTTTTTTTTTTTTTTTTTT valuesort join-59-3
SELECT x64,x7,x36,x33,x8,x58,x5,x4,x38,x48,x25,x46,x44,x30,x6,x16,x47,x56,x54,x41,x43,x3,x60,x13,x22,x9,x59,x18,x19,x34,x50,x28,x53,x26,x27,x23,x63,x40,x20,x12,x11,x42,x10,x32,x49,x39,x51,x37,x1,x29,x62,x15,x52,x17,x61,x55,x57,x14,x2
  FROM t39,t6,t55,t29,t49,t40,t3,t23,t63,t61,t1,t51,t44,t17,t11,t32,t25,t58,t12,t7,t57,t62,t14,t59,t41,t56,t16,t48,t26,t5,t18,t19,t15,t37,t38,t34,t4,t50,t60,t53,t27,t33,t28,t20,t2,t8,t52,t47,t30,t43,t64,t22,t9,t36,t42,t13,t10,t46,t54
 WHERE b59=a2
   AND a11=2
   AND b9=a16
   AND a46=b43
   AND a52=b38
   AND a58=b57
   AND a61=b12
   AND a19=b26
   AND b44=a43
   AND b5=a18
   AND a41=b36
   AND b13=a9
   AND b46=a63
   AND a40=b25
   AND b19=a55
   AND b8=a56
   AND b6=a36
   AND b41=a7
   AND a49=b48
   AND b33=a27
   AND a13=b49
   AND a29=b61
   AND b15=a28
   AND a32=b30
   AND b64=a38
   AND b52=a25
   AND a4=b53
   AND b62=a60
   AND a10=b17
   AND b23=a14
   AND a26=b50
   AND b27=a1
   AND a51=b56
   AND a8=b63
   AND b16=a20
   AND b55=a22
   AND a50=b42
   AND a42=b58
   AND b39=a17
   AND b20=a57
   AND a39=b54
   AND b4=a3
   AND b28=a33
   AND b40=a54
   AND b51=a12
   AND a6=b60
   AND a44=b18
   AND a15=b22
   AND b37=a11
   AND a23=b10
   AND a37=b29
   AND b34=a5
   AND a30=b47
   AND a34=b1
   AND b2=a64
   AND b3=a48
   AND a47=b7
   AND b14=a62
   AND b32=a53
----
59 values hashing to d105b965c4d3052cc36083f1e9470210

query TTTTTTTTTTTTTTTTTTTTTTTTTTTTTTTTTTTTTTTTTTTTTTTTTTTTTTTTTTT valuesort join-59-3
SELECT x64,x7,x36,x33,x8,x58,x5,x4,x38,x48,x25,x46,x44,x30,x6,x16,x47,x56,x54,x41,x43,x3,x60,x13,x22,x9,x59,x18,x19,x34,x50,x28,x53,x26,x27,x23,x63,x40,x20,x12,x11,x42,x10,x32,x49,x39,x51,x37,x1,x29,x62,x15,x52,x17,x61,x55,x57,x14,x2
  FROM t42,t9,t60,t19,t48,t38,t17,t4,t23,t29,t47,t25,t44,t27,t40,t41,t30,t59,t58,t10,t26,t49,t8,t53,t55,t32,t13,t56,t28,t54,t15,t62,t3,t14,t51,t5,t18,t2,t20,t64,t11,t16,t37,t36,t33,t46,t63,t43,t57,t7,t1,t61,t52,t50,t6,t34,t39,t12,t22
 WHERE b12=a61
   AND a11=2
   AND a8=b63
   AND b14=a62
   AND b13=a9
   AND b42=a50
   AND b54=a39
   AND b9=a16
   AND b38=a52
   AND a7=b41
   AND a28=b15
   AND b7=a47
   AND a37=b29
   AND b44=a43
   AND a15=b22
   AND b46=a63
   AND b20=a57
   AND b10=a23
   AND b27=a1
   AND a51=b56
   AND a44=b18
   AND a27=b33
   AND a25=b52
   AND a64=b2
   AND a55=b19
   AND a22=b55
   AND b43=a46
   AND a19=b26
   AND b40=a54
   AND b23=a14
   AND a18=b5
   AND b50=a26
   AND b64=a38
   AND a56=b8
   AND b32=a53
   AND a60=b62
   AND b48=a49
   AND a40=b25
   AND b3=a48
   AND a6=b60
   AND b61=a29
   AND a32=b30
   AND a41=b36
   AND a3=b4
   AND a33=b28
   AND a58=b57
   AND b53=a4
   AND b37=a11
   AND a30=b47
   AND a34=b1
   AND a12=b51
   AND a10=b17
   AND b39=a17
   AND a36=b6
   AND a2=b59
   AND b16=a20
   AND b58=a42
   AND b34=a5
   AND a13=b49
----
59 values hashing to d105b965c4d3052cc36083f1e9470210

query TTTTTTTTTTTTTTTTTTTTTTTTTTTTTTTTTTTTTTTTTTTTTTTTTTTTTTTTTTT valuesort join-59-4
SELECT x41,x1,x9,x39,x64,x52,x47,x10,x23,x54,x33,x57,x18,x53,x29,x27,x21,x28,x36,x51,x26,x61,x16,x59,x12,x24,x44,x14,x6,x58,x17,x8,x7,x49,x56,x5,x40,x50,x15,x60,x37,x46,x43,x11,x55,x32,x4,x48,x38,x22,x63,x20,x3,x45,x25,x34,x2,x42,x13
  FROM t13,t44,t52,t18,t39,t7,t59,t14,t20,t26,t27,t12,t54,t58,t63,t5,t60,t3,t1,t8,t56,t6,t46,t2,t32,t47,t29,t49,t28,t51,t38,t55,t9,t33,t42,t64,t25,t15,t37,t41,t34,t17,t57,t16,t23,t40,t10,t11,t36,t24,t21,t43,t4,t53,t50,t61,t48,t45,t22
 WHERE b1=a29
   AND b48=a34
   AND b45=a10
   AND a6=b57
   AND a37=b32
   AND a43=b3
   AND b13=a22
   AND b8=a64
   AND b21=a50
   AND b11=a63
   AND a40=b24
   AND a11=b36
   AND b46=a51
   AND a46=b52
   AND b42=a9
   AND b28=a5
   AND b64=a38
   AND b40=a49
   AND b63=a48
   AND a3=b4
   AND b14=a61
   AND b33=a1
   AND b16=a21
   AND b56=a44
   AND a7=b41
   AND b47=a39
   AND b29=a15
   AND a12=b61
   AND b59=a18
   AND a57=b5
   AND a45=b9
   AND b23=a56
   AND a60=b27
   AND b2=a59
   AND a24=b15
   AND a14=b55
   AND a52=b39
   AND a32=b26
   AND a27=b51
   AND b58=a8
   AND a41=b22
   AND b49=a17
   AND b6=a20
   AND b20=a16
   AND b43=a47
   AND a42=b17
   AND a28=b60
   AND a36=b37
   AND a54=b7
   AND b25=a58
   AND b53=a13
   AND a44=5
   AND b54=a4
   AND b38=a55
   AND a26=b10
   AND a23=b34
   AND a33=b50
   AND b18=a53
   AND a2=b12
----
59 values hashing to d423f0996f858054534dc49f2bc251f7

query TTTTTTTTTTTTTTTTTTTTTTTTTTTTTTTTTTTTTTTTTTTTTTTTTTTTTTTTTTT valuesort join-59-4
SELECT x41,x1,x9,x39,x64,x52,x47,x10,x23,x54,x33,x57,x18,x53,x29,x27,x21,x28,x36,x51,x26,x61,x16,x59,x12,x24,x44,x14,x6,x58,x17,x8,x7,x49,x56,x5,x40,x50,x15,x60,x37,x46,x43,x11,x55,x32,x4,x48,x38,x22,x63,x20,x3,x45,x25,x34,x2,x42,x13
  FROM t18,t28,t50,t54,t33,t48,t26,t23,t21,t52,t41,t34,t4,t27,t6,t24,t43,t53,t47,t29,t38,t63,t22,t32,t10,t37,t16,t45,t40,t58,t13,t1,t11,t57,t5,t9,t36,t2,t60,t25,t44,t15,t56,t39,t42,t8,t7,t61,t55,t64,t12,t49,t17,t14,t51,t3,t20,t46,t59
 WHERE b3=a43
   AND a3=b4
   AND a40=b24
   AND a17=b49
   AND a57=b5
   AND a45=b9
   AND a51=b46
   AND b53=a13
   AND a10=b45
   AND a5=b28
   AND a16=b20
   AND b7=a54
   AND a50=b21
   AND b50=a33
   AND b63=a48
   AND b23=a56
   AND b61=a12
   AND b22=a41
   AND a4=b54
   AND b27=a60
   AND a9=b42
   AND a44=5
   AND b33=a1
   AND a61=b14
   AND a34=b48
   AND a27=b51
   AND a14=b55
   AND a58=b25
   AND b34=a23
   AND a6=b57
   AND b58=a8
   AND a20=b6
   AND b15=a24
   AND a53=b18
   AND a44=b56
   AND b38=a55
   AND b12=a2
   AND a37=b32
   AND b8=a64
   AND a15=b29
   AND a52=b39
   AND b43=a47
   AND a26=b10
   AND b16=a21
   AND b52=a46
   AND b36=a11
   AND b41=a7
   AND b2=a59
   AND b47=a39
   AND a42=b17
   AND b59=a18
   AND b26=a32
   AND b1=a29
   AND a49=b40
   AND a63=b11
   AND a36=b37
   AND b60=a28
   AND a22=b13
   AND a38=b64
----
59 values hashing to d423f0996f858054534dc49f2bc251f7

query TTTTTTTTTTTTTTTTTTTTTTTTTTTTTTTTTTTTTTTTTTTTTTTTTTTTTTTTTTT valuesort join-59-4
SELECT x41,x1,x9,x39,x64,x52,x47,x10,x23,x54,x33,x57,x18,x53,x29,x27,x21,x28,x36,x51,x26,x61,x16,x59,x12,x24,x44,x14,x6,x58,x17,x8,x7,x49,x56,x5,x40,x50,x15,x60,x37,x46,x43,x11,x55,x32,x4,x48,x38,x22,x63,x20,x3,x45,x25,x34,x2,x42,x13
  FROM t2,t56,t43,t28,t33,t60,t63,t53,t4,t9,t64,t14,t24,t13,t54,t17,t7,t55,t22,t15,t52,t6,t11,t25,t41,t44,t3,t50,t47,t48,t8,t37,t36,t27,t46,t10,t12,t38,t16,t42,t5,t57,t18,t26,t20,t61,t23,t49,t59,t39,t51,t21,t58,t34,t45,t29,t40,t1,t32
 WHERE b34=a23
   AND b32=a37
   AND a46=b52
   AND a47=b43
   AND b39=a52
   AND b20=a16
   AND a48=b63
   AND b18=a53
   AND b60=a28
   AND b61=a12
   AND b33=a1
   AND b55=a14
   AND a63=b11
   AND a45=b9
   AND a49=b40
   AND a39=b47
   AND a61=b14
   AND a13=b53
   AND a32=b26
   AND b59=a18
   AND b38=a55
   AND a6=b57
   AND a41=b22
   AND a60=b27
   AND b24=a40
   AND b6=a20
   AND b17=a42
   AND b23=a56
   AND a44=b56
   AND a29=b1
   AND a9=b42
   AND a11=b36
   AND b58=a8
   AND a15=b29
   AND a59=b2
   AND a44=5
   AND b13=a22
   AND b10=a26
   AND b50=a33
   AND a57=b5
   AND b45=a10
   AND a7=b41
   AND b15=a24
   AND a43=b3
   AND a38=b64
   AND b46=a51
   AND a5=b28
   AND a64=b8
   AND a58=b25
   AND a54=b7
   AND a2=b12
   AND a36=b37
   AND b54=a4
   AND b16=a21
   AND b4=a3
   AND a34=b48
   AND a50=b21
   AND a17=b49
   AND b51=a27
----
59 values hashing to d423f0996f858054534dc49f2bc251f7

query TTTTTTTTTTTTTTTTTTTTTTTTTTTTTTTTTTTTTTTTTTTTTTTTTTTTTTTTTTTT valuesort join-60-1
SELECT x19,x8,x9,x55,x20,x60,x15,x35,x26,x18,x4,x16,x13,x53,x22,x32,x34,x59,x43,x31,x21,x30,x29,x63,x41,x46,x57,x62,x44,x45,x42,x36,x50,x56,x64,x24,x39,x37,x7,x52,x38,x51,x33,x14,x47,x11,x49,x40,x17,x54,x28,x61,x12,x23,x5,x48,x10,x27,x58,x1
  FROM t17,t63,t35,t32,t9,t37,t46,t61,t29,t15,t28,t52,t48,t47,t31,t22,t20,t62,t51,t36,t11,t49,t64,t39,t5,t21,t54,t53,t14,t33,t7,t8,t27,t16,t23,t24,t58,t34,t18,t1,t57,t38,t42,t41,t4,t45,t30,t55,t60,t56,t12,t13,t40,t19,t10,t26,t43,t50,t44,t59
 WHERE a60=b24
   AND b49=a56
   AND a29=b64
   AND a14=b17
   AND a61=b18
   AND a37=b42
   AND b53=a17
   AND b9=a48
   AND a52=b12
   AND b33=a31
   AND a13=b40
   AND b43=a62
   AND b16=a35
   AND a4=b51
   AND b36=a20
   AND a45=b38
   AND b26=a18
   AND b48=a1
   AND a9=b8
   AND b41=a63
   AND b5=a26
   AND b30=a50
   AND a54=b34
   AND a8=b35
   AND b39=a53
   AND b54=a40
   AND b46=a44
   AND b28=a10
   AND a57=b63
   AND b29=a47
   AND b32=a5
   AND b57=a19
   AND b22=a36
   AND b4=a64
   AND b1=a55
   AND a15=b59
   AND b52=a59
   AND b45=a33
   AND a32=b37
   AND b62=a39
   AND a46=b23
   AND b19=a43
   AND a21=b13
   AND b10=a16
   AND a34=b58
   AND a49=b61
   AND a12=b47
   AND b60=a7
   AND a24=b55
   AND a58=b56
   AND a41=b27
   AND a30=b21
   AND a38=b7
   AND a20=6
   AND b14=a11
   AND a23=b31
   AND b15=a28
   AND a27=b50
   AND a22=b11
   AND b44=a42
----
60 values hashing to 4250f03b2fc30b1cbff32d5c5408c0fd

query TTTTTTTTTTTTTTTTTTTTTTTTTTTTTTTTTTTTTTTTTTTTTTTTTTTTTTTTTTTT valuesort join-60-1
SELECT x19,x8,x9,x55,x20,x60,x15,x35,x26,x18,x4,x16,x13,x53,x22,x32,x34,x59,x43,x31,x21,x30,x29,x63,x41,x46,x57,x62,x44,x45,x42,x36,x50,x56,x64,x24,x39,x37,x7,x52,x38,x51,x33,x14,x47,x11,x49,x40,x17,x54,x28,x61,x12,x23,x5,x48,x10,x27,x58,x1
  FROM t40,t26,t54,t11,t41,t56,t5,t59,t37,t29,t14,t39,t27,t12,t42,t28,t16,t1,t10,t17,t15,t45,t4,t38,t23,t22,t9,t62,t13,t36,t49,t58,t48,t47,t55,t8,t32,t33,t57,t34,t51,t44,t46,t19,t35,t31,t18,t63,t20,t60,t53,t61,t30,t24,t64,t50,t52,t7,t43,t21
 WHERE b47=a12
   AND b49=a56
   AND b37=a32
   AND b8=a9
   AND a28=b15
   AND a58=b56
   AND b11=a22
   AND b17=a14
   AND b35=a8
   AND a39=b62
   AND b32=a5
   AND a35=b16
   AND a4=b51
   AND a47=b29
   AND a59=b52
   AND b5=a26
   AND a44=b46
   AND a19=b57
   AND a63=b41
   AND b43=a62
   AND b33=a31
   AND a33=b45
   AND b13=a21
   AND a37=b42
   AND a11=b14
   AND b27=a41
   AND a16=b10
   AND b38=a45
   AND a64=b4
   AND a20=6
   AND b60=a7
   AND a18=b26
   AND b39=a53
   AND b63=a57
   AND b34=a54
   AND a20=b36
   AND b54=a40
   AND a1=b48
   AND b23=a46
   AND b64=a29
   AND b59=a15
   AND a60=b24
   AND a52=b12
   AND a43=b19
   AND b40=a13
   AND b18=a61
   AND b55=a24
   AND b50=a27
   AND a49=b61
   AND b53=a17
   AND a55=b1
   AND b7=a38
   AND a23=b31
   AND a48=b9
   AND a50=b30
   AND a10=b28
   AND b44=a42
   AND a34=b58
   AND b21=a30
   AND b22=a36
----
60 values hashing to 4250f03b2fc30b1cbff32d5c5408c0fd

query TTTTTTTTTTTTTTTTTTTTTTTTTTTTTTTTTTTTTTTTTTTTTTTTTTTTTTTTTTTT valuesort join-60-1
SELECT x19,x8,x9,x55,x20,x60,x15,x35,x26,x18,x4,x16,x13,x53,x22,x32,x34,x59,x43,x31,x21,x30,x29,x63,x41,x46,x57,x62,x44,x45,x42,x36,x50,x56,x64,x24,x39,x37,x7,x52,x38,x51,x33,x14,x47,x11,x49,x40,x17,x54,x28,x61,x12,x23,x5,x48,x10,x27,x58,x1
  FROM t36,t55,t61,t37,t57,t40,t56,t46,t29,t32,t15,t42,t63,t49,t41,t43,t64,t51,t18,t50,t19,t44,t33,t54,t12,t8,t48,t22,t27,t62,t52,t39,t31,t10,t28,t24,t26,t20,t53,t4,t11,t60,t1,t7,t35,t16,t59,t9,t5,t38,t47,t34,t14,t58,t17,t23,t13,t45,t30,t21
 WHERE b55=a24
   AND b28=a10
   AND b45=a33
   AND b59=a15
   AND b19=a43
   AND a63=b41
   AND b60=a7
   AND a62=b43
   AND b9=a48
   AND b23=a46
   AND b53=a17
   AND b37=a32
   AND a20=6
   AND b54=a40
   AND a13=b40
   AND b52=a59
   AND a22=b11
   AND b4=a64
   AND b24=a60
   AND a20=b36
   AND b50=a27
   AND b31=a23
   AND a19=b57
   AND b16=a35
   AND b51=a4
   AND b17=a14
   AND a39=b62
   AND a1=b48
   AND b8=a9
   AND b42=a37
   AND b15=a28
   AND a26=b5
   AND b27=a41
   AND a11=b14
   AND a52=b12
   AND b61=a49
   AND a21=b13
   AND a30=b21
   AND b34=a54
   AND a50=b30
   AND b7=a38
   AND b47=a12
   AND a8=b35
   AND a44=b46
   AND b39=a53
   AND a57=b63
   AND b22=a36
   AND b18=a61
   AND a29=b64
   AND b44=a42
   AND b56=a58
   AND a31=b33
   AND b1=a55
   AND a5=b32
   AND b10=a16
   AND a34=b58
   AND a56=b49
   AND a45=b38
   AND a47=b29
   AND b26=a18
----
60 values hashing to 4250f03b2fc30b1cbff32d5c5408c0fd

query TTTTTTTTTTTTTTTTTTTTTTTTTTTTTTTTTTTTTTTTTTTTTTTTTTTTTTTTTTTT valuesort join-60-2
SELECT x51,x17,x56,x13,x62,x8,x10,x15,x34,x4,x53,x3,x60,x20,x11,x54,x31,x32,x33,x6,x28,x7,x12,x35,x21,x36,x16,x39,x14,x63,x49,x50,x40,x18,x26,x64,x61,x47,x45,x46,x37,x58,x22,x57,x2,x1,x23,x48,x27,x9,x25,x29,x5,x19,x24,x43,x41,x30,x59,x52
  FROM t27,t23,t9,t18,t45,t3,t62,t50,t34,t11,t52,t56,t26,t1,t20,t35,t49,t43,t58,t57,t47,t54,t41,t39,t25,t4,t14,t32,t31,t6,t51,t46,t5,t60,t13,t28,t22,t37,t53,t40,t7,t64,t29,t2,t30,t48,t33,t21,t59,t12,t10,t19,t8,t16,t36,t15,t24,t63,t17,t61
 WHERE b52=a18
   AND b46=a12
   AND b49=a9
   AND a16=b3
   AND a19=b33
   AND a43=b12
   AND b5=a1
   AND a8=b21
   AND b2=a59
   AND a3=b1
   AND b19=a37
   AND a7=b56
   AND a52=b37
   AND a49=b35
   AND b16=a39
   AND b60=a29
   AND a35=b29
   AND b40=a11
   AND b45=a40
   AND a58=b15
   AND b17=a14
   AND a30=b54
   AND b63=a36
   AND a4=b57
   AND a61=b43
   AND a45=b47
   AND b14=a15
   AND b59=a20
   AND b8=a13
   AND a56=b31
   AND b62=a22
   AND a50=4
   AND a28=b22
   AND a31=b36
   AND a51=b34
   AND b30=a57
   AND b9=a41
   AND a54=b25
   AND a32=b41
   AND b23=a2
   AND a27=b13
   AND a53=b10
   AND b27=a50
   AND a23=b24
   AND b39=a62
   AND b6=a10
   AND a33=b7
   AND b18=a24
   AND b28=a47
   AND a6=b51
   AND a17=b4
   AND a46=b20
   AND a21=b53
   AND b48=a64
   AND a34=b26
   AND a60=b61
   AND a5=b64
   AND a48=b32
   AND a26=b58
   AND b11=a25
----
60 values hashing to 2f3a94c5452b2f91b33ecd39dea2cd5a

query TTTTTTTTTTTTTTTTTTTTTTTTTTTTTTTTTTTTTTTTTTTTTTTTTTTTTTTTTTTT valuesort join-60-2
SELECT x51,x17,x56,x13,x62,x8,x10,x15,x34,x4,x53,x3,x60,x20,x11,x54,x31,x32,x33,x6,x28,x7,x12,x35,x21,x36,x16,x39,x14,x63,x49,x50,x40,x18,x26,x64,x61,x47,x45,x46,x37,x58,x22,x57,x2,x1,x23,x48,x27,x9,x25,x29,x5,x19,x24,x43,x41,x30,x59,x52
  FROM t9,t39,t50,t28,t25,t51,t40,t34,t17,t16,t3,t29,t20,t2,t31,t19,t60,t61,t48,t8,t54,t23,t58,t15,t52,t1,t24,t47,t21,t27,t64,t4,t56,t53,t10,t22,t12,t45,t36,t5,t26,t18,t43,t49,t35,t30,t62,t11,t14,t37,t57,t41,t59,t13,t46,t63,t7,t32,t33,t6
 WHERE b48=a64
   AND b40=a11
   AND a31=b36
   AND b4=a17
   AND a15=b14
   AND a40=b45
   AND a12=b46
   AND b10=a53
   AND a27=b13
   AND b9=a41
   AND a19=b33
   AND a25=b11
   AND a56=b31
   AND b19=a37
   AND a16=b3
   AND b47=a45
   AND a9=b49
   AND b24=a23
   AND a57=b30
   AND a4=b57
   AND a43=b12
   AND a48=b32
   AND a52=b37
   AND b23=a2
   AND a50=4
   AND a51=b34
   AND b29=a35
   AND a10=b6
   AND b28=a47
   AND b59=a20
   AND a62=b39
   AND b60=a29
   AND b63=a36
   AND a6=b51
   AND b62=a22
   AND b22=a28
   AND b20=a46
   AND b15=a58
   AND b64=a5
   AND a61=b43
   AND b27=a50
   AND a49=b35
   AND b25=a54
   AND a8=b21
   AND a59=b2
   AND b52=a18
   AND a26=b58
   AND a3=b1
   AND b7=a33
   AND a60=b61
   AND b41=a32
   AND b53=a21
   AND a24=b18
   AND a1=b5
   AND b54=a30
   AND a7=b56
   AND b8=a13
   AND b26=a34
   AND b16=a39
   AND b17=a14
----
60 values hashing to 2f3a94c5452b2f91b33ecd39dea2cd5a

query TTTTTTTTTTTTTTTTTTTTTTTTTTTTTTTTTTTTTTTTTTTTTTTTTTTTTTTTTTTT valuesort join-60-2
SELECT x51,x17,x56,x13,x62,x8,x10,x15,x34,x4,x53,x3,x60,x20,x11,x54,x31,x32,x33,x6,x28,x7,x12,x35,x21,x36,x16,x39,x14,x63,x49,x50,x40,x18,x26,x64,x61,x47,x45,x46,x37,x58,x22,x57,x2,x1,x23,x48,x27,x9,x25,x29,x5,x19,x24,x43,x41,x30,x59,x52
  FROM t23,t48,t3,t6,t64,t37,t49,t9,t26,t32,t11,t29,t41,t60,t46,t22,t50,t31,t4,t56,t47,t30,t16,t51,t19,t2,t53,t52,t27,t43,t17,t10,t40,t33,t13,t58,t45,t5,t18,t54,t63,t62,t28,t39,t24,t15,t7,t14,t12,t8,t25,t1,t20,t36,t57,t35,t21,t34,t59,t61
 WHERE b54=a30
   AND b33=a19
   AND a28=b22
   AND a34=b26
   AND b20=a46
   AND b18=a24
   AND a36=b63
   AND a56=b31
   AND a14=b17
   AND a52=b37
   AND b41=a32
   AND a31=b36
   AND b48=a64
   AND a60=b61
   AND a11=b40
   AND a58=b15
   AND a41=b9
   AND b46=a12
   AND b7=a33
   AND a62=b39
   AND b64=a5
   AND a47=b28
   AND a35=b29
   AND b34=a51
   AND b10=a53
   AND b12=a43
   AND a40=b45
   AND b24=a23
   AND b8=a13
   AND b49=a9
   AND b27=a50
   AND b14=a15
   AND b16=a39
   AND a29=b60
   AND b59=a20
   AND a8=b21
   AND b3=a16
   AND b32=a48
   AND a27=b13
   AND a26=b58
   AND a45=b47
   AND b11=a25
   AND b2=a59
   AND b25=a54
   AND a2=b23
   AND a1=b5
   AND a57=b30
   AND a17=b4
   AND b19=a37
   AND a6=b51
   AND b56=a7
   AND a3=b1
   AND b43=a61
   AND a10=b6
   AND b57=a4
   AND b62=a22
   AND b53=a21
   AND b35=a49
   AND a50=4
   AND b52=a18
----
60 values hashing to 2f3a94c5452b2f91b33ecd39dea2cd5a

query TTTTTTTTTTTTTTTTTTTTTTTTTTTTTTTTTTTTTTTTTTTTTTTTTTTTTTTTTTTT valuesort join-60-3
SELECT x36,x32,x40,x55,x38,x49,x46,x7,x53,x14,x48,x44,x12,x22,x42,x8,x10,x18,x21,x64,x43,x26,x35,x45,x24,x25,x57,x13,x11,x9,x62,x37,x30,x59,x50,x15,x63,x31,x61,x3,x34,x54,x16,x33,x60,x17,x39,x47,x6,x2,x56,x20,x5,x41,x51,x28,x23,x19,x1,x58
  FROM t58,t45,t54,t46,t61,t5,t48,t64,t16,t23,t12,t56,t41,t62,t59,t10,t19,t37,t57,t18,t22,t15,t47,t8,t63,t50,t14,t53,t31,t43,t35,t51,t33,t39,t28,t17,t26,t36,t25,t7,t44,t42,t9,t21,t30,t24,t20,t11,t38,t32,t60,t49,t34,t3,t1,t55,t2,t13,t6,t40
 WHERE a9=b19
   AND a31=b28
   AND a43=b24
   AND a59=b41
   AND b7=a48
   AND a12=b64
   AND a60=b18
   AND a19=b48
   AND a56=b20
   AND b22=a47
   AND b23=a5
   AND b3=a15
   AND a46=b26
   AND b6=a23
   AND b9=a40
   AND a42=b11
   AND b63=a44
   AND a51=b62
   AND a55=b8
   AND b60=a34
   AND b56=a38
   AND b12=a37
   AND b36=a26
   AND a7=b59
   AND a8=b47
   AND b57=a21
   AND a58=b14
   AND a30=b16
   AND b34=a62
   AND b42=a64
   AND b17=a13
   AND b35=a41
   AND b13=a39
   AND b37=a25
   AND b50=a63
   AND b5=a57
   AND b51=a28
   AND b39=a32
   AND a20=b33
   AND a11=b38
   AND a10=b54
   AND a18=b15
   AND a35=b25
   AND a61=b44
   AND a50=b58
   AND a45=b1
   AND b46=a17
   AND a16=b32
   AND b30=a6
   AND b45=a3
   AND b43=a36
   AND a24=b55
   AND a31=6
   AND a2=b40
   AND b49=a33
   AND b21=a54
   AND a53=b61
   AND a1=b10
   AND b2=a14
   AND a22=b53
----
60 values hashing to 7c33495c7a2f213192b202601d149741

query TTTTTTTTTTTTTTTTTTTTTTTTTTTTTTTTTTTTTTTTTTTTTTTTTTTTTTTTTTTT valuesort join-60-3
SELECT x36,x32,x40,x55,x38,x49,x46,x7,x53,x14,x48,x44,x12,x22,x42,x8,x10,x18,x21,x64,x43,x26,x35,x45,x24,x25,x57,x13,x11,x9,x62,x37,x30,x59,x50,x15,x63,x31,x61,x3,x34,x54,x16,x33,x60,x17,x39,x47,x6,x2,x56,x20,x5,x41,x51,x28,x23,x19,x1,x58
  FROM t1,t60,t17,t46,t10,t23,t12,t54,t32,t13,t58,t16,t59,t7,t15,t14,t21,t18,t6,t48,t43,t47,t53,t57,t25,t24,t55,t35,t34,t20,t42,t63,t51,t33,t19,t26,t45,t40,t49,t36,t8,t28,t39,t56,t5,t31,t37,t38,t62,t30,t2,t41,t22,t9,t50,t64,t44,t11,t3,t61
 WHERE b35=a41
   AND b28=a31
   AND a54=b21
   AND b54=a10
   AND a45=b1
   AND b64=a12
   AND a55=b8
   AND a15=b3
   AND b6=a23
   AND b30=a6
   AND b37=a25
   AND a24=b55
   AND b14=a58
   AND a32=b39
   AND a35=b25
   AND a21=b57
   AND b49=a33
   AND a62=b34
   AND a39=b13
   AND a9=b19
   AND a13=b17
   AND b7=a48
   AND a60=b18
   AND a14=b2
   AND a47=b22
   AND b36=a26
   AND b11=a42
   AND a5=b23
   AND b51=a28
   AND a59=b41
   AND b61=a53
   AND a17=b46
   AND a34=b60
   AND a8=b47
   AND a51=b62
   AND a18=b15
   AND b42=a64
   AND a50=b58
   AND a16=b32
   AND b12=a37
   AND b53=a22
   AND b56=a38
   AND b50=a63
   AND b45=a3
   AND a61=b44
   AND a1=b10
   AND b20=a56
   AND b38=a11
   AND a57=b5
   AND b59=a7
   AND b33=a20
   AND a19=b48
   AND a40=b9
   AND a31=6
   AND a2=b40
   AND b63=a44
   AND b43=a36
   AND b24=a43
   AND b26=a46
   AND b16=a30
----
60 values hashing to 7c33495c7a2f213192b202601d149741

query TTTTTTTTTTTTTTTTTTTTTTTTTTTTTTTTTTTTTTTTTTTTTTTTTTTTTTTTTTTT valuesort join-60-3
SELECT x36,x32,x40,x55,x38,x49,x46,x7,x53,x14,x48,x44,x12,x22,x42,x8,x10,x18,x21,x64,x43,x26,x35,x45,x24,x25,x57,x13,x11,x9,x62,x37,x30,x59,x50,x15,x63,x31,x61,x3,x34,x54,x16,x33,x60,x17,x39,x47,x6,x2,x56,x20,x5,x41,x51,x28,x23,x19,x1,x58
  FROM t54,t49,t18,t60,t23,t50,t7,t3,t22,t56,t53,t31,t17,t20,t28,t43,t12,t24,t61,t33,t34,t13,t51,t8,t59,t25,t16,t6,t40,t46,t58,t38,t32,t26,t5,t63,t36,t42,t21,t48,t55,t1,t37,t2,t57,t41,t35,t10,t47,t11,t44,t45,t30,t39,t19,t15,t14,t64,t62,t9
 WHERE b45=a3
   AND b57=a21
   AND b54=a10
   AND b26=a46
   AND a13=b17
   AND b49=a33
   AND b38=a11
   AND b63=a44
   AND a42=b11
   AND a40=b9
   AND b46=a17
   AND a38=b56
   AND b35=a41
   AND a28=b51
   AND b6=a23
   AND a64=b42
   AND a30=b16
   AND b24=a43
   AND b25=a35
   AND b64=a12
   AND a50=b58
   AND b23=a5
   AND b47=a8
   AND a14=b2
   AND a2=b40
   AND a24=b55
   AND a7=b59
   AND b3=a15
   AND b10=a1
   AND a54=b21
   AND a20=b33
   AND a59=b41
   AND b18=a60
   AND a22=b53
   AND b62=a51
   AND a62=b34
   AND a31=b28
   AND b14=a58
   AND b61=a53
   AND a39=b13
   AND a16=b32
   AND a57=b5
   AND a34=b60
   AND a45=b1
   AND a56=b20
   AND b7=a48
   AND b37=a25
   AND b8=a55
   AND a19=b48
   AND a31=6
   AND a36=b43
   AND a26=b36
   AND b12=a37
   AND b50=a63
   AND a9=b19
   AND b39=a32
   AND b15=a18
   AND a47=b22
   AND a6=b30
   AND b44=a61
----
60 values hashing to 7c33495c7a2f213192b202601d149741

query TTTTTTTTTTTTTTTTTTTTTTTTTTTTTTTTTTTTTTTTTTTTTTTTTTTTTTTTTTTT valuesort join-60-4
SELECT x7,x18,x26,x58,x37,x30,x31,x55,x3,x23,x54,x59,x8,x41,x27,x50,x44,x16,x48,x9,x56,x46,x29,x42,x14,x24,x22,x17,x10,x13,x35,x20,x49,x4,x47,x33,x45,x34,x19,x32,x43,x60,x15,x53,x5,x52,x63,x57,x28,x64,x1,x51,x21,x6,x11,x40,x2,x62,x25,x61
  FROM t49,t26,t25,t24,t57,t3,t55,t11,t22,t53,t4,t13,t64,t60,t30,t14,t21,t23,t33,t45,t5,t62,t27,t56,t9,t16,t44,t20,t31,t50,t51,t2,t52,t47,t35,t40,t7,t17,t48,t19,t41,t8,t32,t43,t46,t6,t37,t18,t28,t63,t29,t59,t42,t1,t34,t58,t10,t54,t15,t61
 WHERE b26=a29
   AND a27=b18
   AND b30=a41
   AND b35=a57
   AND a52=b43
   AND b10=a16
   AND a25=9
   AND b40=a13
   AND a11=b7
   AND a49=b3
   AND a17=b20
   AND a19=b42
   AND a1=b16
   AND a7=b64
   AND a43=b27
   AND a47=b51
   AND b34=a32
   AND b44=a59
   AND b23=a51
   AND b5=a21
   AND a6=b13
   AND a20=b45
   AND b21=a40
   AND a8=b48
   AND b60=a35
   AND b49=a45
   AND a15=b56
   AND b57=a61
   AND b6=a48
   AND b33=a26
   AND b47=a34
   AND a18=b41
   AND b4=a5
   AND a2=b52
   AND b54=a25
   AND a23=b37
   AND a42=b29
   AND b62=a4
   AND b22=a14
   AND a31=b59
   AND a46=b31
   AND b24=a33
   AND b11=a58
   AND b58=a22
   AND a63=b46
   AND b17=a37
   AND b9=a3
   AND b28=a10
   AND a56=b2
   AND b8=a44
   AND a64=b50
   AND a30=b19
   AND a50=b53
   AND b63=a28
   AND a60=b1
   AND b14=a54
   AND b15=a53
   AND b32=a24
   AND b61=a55
   AND b55=a9
----
60 values hashing to 4aa53c01a0ee3aa9fa132695696d8010

query TTTTTTTTTTTTTTTTTTTTTTTTTTTTTTTTTTTTTTTTTTTTTTTTTTTTTTTTTTTT valuesort join-60-4
SELECT x7,x18,x26,x58,x37,x30,x31,x55,x3,x23,x54,x59,x8,x41,x27,x50,x44,x16,x48,x9,x56,x46,x29,x42,x14,x24,x22,x17,x10,x13,x35,x20,x49,x4,x47,x33,x45,x34,x19,x32,x43,x60,x15,x53,x5,x52,x63,x57,x28,x64,x1,x51,x21,x6,x11,x40,x2,x62,x25,x61
  FROM t46,t34,t6,t54,t51,t45,t49,t13,t5,t1,t56,t25,t15,t47,t41,t21,t40,t22,t4,t29,t31,t35,t3,t19,t7,t10,t64,t27,t50,t30,t53,t18,t9,t55,t28,t20,t26,t59,t2,t48,t8,t60,t58,t14,t32,t16,t42,t62,t57,t61,t33,t44,t43,t11,t17,t63,t37,t24,t23,t52
 WHERE b14=a54
   AND b53=a50
   AND b57=a61
   AND a49=b3
   AND b20=a17
   AND b4=a5
   AND a31=b59
   AND b17=a37
   AND a18=b41
   AND a33=b24
   AND a16=b10
   AND a52=b43
   AND b29=a42
   AND a30=b19
   AND b5=a21
   AND b34=a32
   AND b58=a22
   AND b64=a7
   AND a10=b28
   AND a47=b51
   AND a13=b40
   AND b60=a35
   AND b26=a29
   AND b54=a25
   AND a40=b21
   AND a64=b50
   AND b30=a41
   AND a57=b35
   AND a24=b32
   AND b55=a9
   AND b2=a56
   AND b47=a34
   AND a27=b18
   AND b1=a60
   AND b52=a2
   AND a51=b23
   AND b49=a45
   AND a28=b63
   AND a23=b37
   AND b44=a59
   AND a53=b15
   AND a1=b16
   AND b56=a15
   AND b45=a20
   AND b8=a44
   AND b13=a6
   AND b6=a48
   AND a19=b42
   AND a4=b62
   AND b61=a55
   AND a8=b48
   AND a58=b11
   AND a25=9
   AND a63=b46
   AND a11=b7
   AND b33=a26
   AND b31=a46
   AND b9=a3
   AND b22=a14
   AND b27=a43
----
60 values hashing to 4aa53c01a0ee3aa9fa132695696d8010

query TTTTTTTTTTTTTTTTTTTTTTTTTTTTTTTTTTTTTTTTTTTTTTTTTTTTTTTTTTTT valuesort join-60-4
SELECT x7,x18,x26,x58,x37,x30,x31,x55,x3,x23,x54,x59,x8,x41,x27,x50,x44,x16,x48,x9,x56,x46,x29,x42,x14,x24,x22,x17,x10,x13,x35,x20,x49,x4,x47,x33,x45,x34,x19,x32,x43,x60,x15,x53,x5,x52,x63,x57,x28,x64,x1,x51,x21,x6,x11,x40,x2,x62,x25,x61
  FROM t23,t31,t34,t30,t52,t25,t16,t10,t37,t60,t64,t45,t56,t35,t27,t26,t63,t51,t61,t33,t22,t43,t40,t19,t28,t18,t55,t50,t11,t53,t9,t24,t47,t8,t15,t41,t3,t48,t29,t2,t17,t57,t5,t6,t20,t13,t14,t59,t62,t44,t42,t21,t32,t46,t58,t1,t54,t49,t7,t4
 WHERE a16=b10
   AND a32=b34
   AND a25=9
   AND a49=b3
   AND a6=b13
   AND a64=b50
   AND a22=b58
   AND b41=a18
   AND b37=a23
   AND b49=a45
   AND b42=a19
   AND b63=a28
   AND a4=b62
   AND a7=b64
   AND b32=a24
   AND b29=a42
   AND a9=b55
   AND b6=a48
   AND b20=a17
   AND b54=a25
   AND b52=a2
   AND b18=a27
   AND b30=a41
   AND a34=b47
   AND a29=b26
   AND b27=a43
   AND a59=b44
   AND a61=b57
   AND a58=b11
   AND b15=a53
   AND b7=a11
   AND a37=b17
   AND a35=b60
   AND a15=b56
   AND b28=a10
   AND b21=a40
   AND a13=b40
   AND a31=b59
   AND b23=a51
   AND b4=a5
   AND a44=b8
   AND b61=a55
   AND b31=a46
   AND a63=b46
   AND a8=b48
   AND a21=b5
   AND a60=b1
   AND b53=a50
   AND b16=a1
   AND b35=a57
   AND b22=a14
   AND b45=a20
   AND a52=b43
   AND b2=a56
   AND a47=b51
   AND a33=b24
   AND b19=a30
   AND a26=b33
   AND b9=a3
   AND b14=a54
----
60 values hashing to 4aa53c01a0ee3aa9fa132695696d8010

query TTTTTTTTTTTTTTTTTTTTTTTTTTTTTTTTTTTTTTTTTTTTTTTTTTTTTTTTTTTTT valuesort join-61-1
SELECT x1,x40,x5,x2,x25,x47,x4,x60,x42,x15,x62,x57,x8,x24,x16,x41,x34,x21,x13,x11,x44,x59,x64,x52,x56,x32,x61,x63,x27,x30,x45,x46,x19,x33,x48,x18,x53,x6,x17,x35,x49,x36,x55,x7,x10,x20,x12,x29,x38,x23,x43,x37,x3,x54,x14,x50,x9,x28,x31,x58,x51
  FROM t64,t41,t6,t40,t37,t5,t43,t31,t16,t54,t48,t63,t10,t53,t45,t9,t19,t47,t2,t24,t21,t32,t14,t17,t11,t50,t38,t25,t62,t36,t3,t35,t8,t57,t44,t30,t1,t13,t49,t4,t33,t52,t34,t20,t7,t60,t42,t27,t56,t61,t23,t15,t46,t12,t28,t29,t55,t51,t58,t59,t18
 WHERE b9=a19
   AND a28=b15
   AND b49=a30
   AND a6=b7
   AND a7=b45
   AND b32=a23
   AND a55=b8
   AND a50=b13
   AND b59=a38
   AND b64=a47
   AND b56=a42
   AND a18=b1
   AND a16=b10
   AND b27=a43
   AND b44=a27
   AND b46=a49
   AND b3=a52
   AND a37=b43
   AND b36=a56
   AND a48=b52
   AND a57=b47
   AND a15=b41
   AND a20=b34
   AND a40=b4
   AND a36=b20
   AND b58=a46
   AND b16=a3
   AND a5=b2
   AND a41=b55
   AND a51=b38
   AND a64=b30
   AND b40=a21
   AND a59=b62
   AND b37=a4
   AND a44=b28
   AND a24=b63
   AND b25=a1
   AND b17=a10
   AND b31=a60
   AND b61=a63
   AND b60=a17
   AND b35=a11
   AND a48=7
   AND a45=b42
   AND b54=a33
   AND a14=b50
   AND b23=a13
   AND b57=a35
   AND a53=b24
   AND b18=a9
   AND b14=a62
   AND b21=a32
   AND a34=b11
   AND b5=a29
   AND a2=b12
   AND a31=b51
   AND a25=b53
   AND b33=a61
   AND a58=b29
   AND a8=b6
   AND b19=a12
----
61 values hashing to ea8e84212cf42b6fa87a7c3b19e5b60c

query TTTTTTTTTTTTTTTTTTTTTTTTTTTTTTTTTTTTTTTTTTTTTTTTTTTTTTTTTTTTT valuesort join-61-1
SELECT x1,x40,x5,x2,x25,x47,x4,x60,x42,x15,x62,x57,x8,x24,x16,x41,x34,x21,x13,x11,x44,x59,x64,x52,x56,x32,x61,x63,x27,x30,x45,x46,x19,x33,x48,x18,x53,x6,x17,x35,x49,x36,x55,x7,x10,x20,x12,x29,x38,x23,x43,x37,x3,x54,x14,x50,x9,x28,x31,x58,x51
  FROM t12,t52,t11,t56,t55,t58,t28,t57,t34,t40,t64,t24,t63,t16,t51,t53,t14,t42,t48,t29,t50,t45,t35,t27,t43,t54,t33,t37,t3,t19,t60,t15,t44,t18,t49,t8,t2,t36,t21,t7,t1,t46,t6,t17,t23,t25,t4,t41,t5,t47,t59,t32,t62,t30,t10,t9,t31,t61,t13,t20,t38
 WHERE b29=a58
   AND a44=b28
   AND a20=b34
   AND a12=b19
   AND b2=a5
   AND a37=b43
   AND b42=a45
   AND b8=a55
   AND b17=a10
   AND b6=a8
   AND b24=a53
   AND a2=b12
   AND a61=b33
   AND b63=a24
   AND a42=b56
   AND b25=a1
   AND a29=b5
   AND b40=a21
   AND b32=a23
   AND a48=b52
   AND a25=b53
   AND b7=a6
   AND b38=a51
   AND b11=a34
   AND a63=b61
   AND a18=b1
   AND b55=a41
   AND b59=a38
   AND a62=b14
   AND b37=a4
   AND b60=a17
   AND a14=b50
   AND a9=b18
   AND a27=b44
   AND a13=b23
   AND a46=b58
   AND b57=a35
   AND a43=b27
   AND b3=a52
   AND a33=b54
   AND a36=b20
   AND a59=b62
   AND b13=a50
   AND a31=b51
   AND a56=b36
   AND a48=7
   AND b9=a19
   AND b64=a47
   AND b15=a28
   AND b21=a32
   AND a15=b41
   AND a16=b10
   AND a3=b16
   AND a57=b47
   AND a11=b35
   AND a60=b31
   AND a40=b4
   AND a30=b49
   AND b30=a64
   AND a49=b46
   AND a7=b45
----
61 values hashing to ea8e84212cf42b6fa87a7c3b19e5b60c

query TTTTTTTTTTTTTTTTTTTTTTTTTTTTTTTTTTTTTTTTTTTTTTTTTTTTTTTTTTTTT valuesort join-61-1
SELECT x1,x40,x5,x2,x25,x47,x4,x60,x42,x15,x62,x57,x8,x24,x16,x41,x34,x21,x13,x11,x44,x59,x64,x52,x56,x32,x61,x63,x27,x30,x45,x46,x19,x33,x48,x18,x53,x6,x17,x35,x49,x36,x55,x7,x10,x20,x12,x29,x38,x23,x43,x37,x3,x54,x14,x50,x9,x28,x31,x58,x51
  FROM t44,t61,t19,t55,t58,t7,t28,t6,t63,t51,t24,t25,t16,t49,t47,t43,t46,t59,t12,t30,t4,t53,t1,t29,t45,t57,t31,t11,t35,t52,t20,t18,t23,t38,t14,t32,t9,t17,t54,t36,t40,t13,t5,t33,t2,t8,t15,t41,t10,t37,t3,t48,t56,t50,t27,t34,t64,t42,t21,t62,t60
 WHERE b35=a11
   AND a49=b46
   AND b44=a27
   AND b25=a1
   AND a7=b45
   AND b29=a58
   AND b38=a51
   AND b40=a21
   AND b49=a30
   AND a48=7
   AND a53=b24
   AND b51=a31
   AND b43=a37
   AND a10=b17
   AND a24=b63
   AND b4=a40
   AND b10=a16
   AND b60=a17
   AND b54=a33
   AND a4=b37
   AND b33=a61
   AND b57=a35
   AND b16=a3
   AND a45=b42
   AND a5=b2
   AND b5=a29
   AND a43=b27
   AND b62=a59
   AND a23=b32
   AND b3=a52
   AND a14=b50
   AND b56=a42
   AND b55=a41
   AND b13=a50
   AND a25=b53
   AND a64=b30
   AND a44=b28
   AND a15=b41
   AND b20=a36
   AND a9=b18
   AND a20=b34
   AND b64=a47
   AND a13=b23
   AND b31=a60
   AND b1=a18
   AND a57=b47
   AND a12=b19
   AND a8=b6
   AND a46=b58
   AND b14=a62
   AND a6=b7
   AND b11=a34
   AND a32=b21
   AND b15=a28
   AND b59=a38
   AND a19=b9
   AND b12=a2
   AND b36=a56
   AND b61=a63
   AND a55=b8
   AND b52=a48
----
61 values hashing to ea8e84212cf42b6fa87a7c3b19e5b60c

query TTTTTTTTTTTTTTTTTTTTTTTTTTTTTTTTTTTTTTTTTTTTTTTTTTTTTTTTTTTTT valuesort join-61-2
SELECT x26,x15,x30,x33,x5,x42,x4,x40,x52,x53,x58,x55,x64,x21,x35,x54,x61,x24,x19,x2,x59,x34,x1,x8,x16,x41,x57,x49,x11,x38,x12,x56,x17,x29,x37,x32,x18,x44,x27,x39,x48,x45,x47,x20,x50,x3,x62,x7,x13,x36,x46,x6,x23,x25,x60,x9,x22,x14,x10,x43,x63
  FROM t60,t46,t1,t26,t35,t48,t6,t5,t15,t19,t62,t63,t42,t45,t16,t11,t47,t56,t38,t36,t20,t14,t18,t54,t39,t25,t24,t64,t23,t49,t22,t32,t50,t2,t55,t44,t17,t57,t37,t58,t10,t53,t30,t7,t27,t13,t61,t12,t52,t41,t43,t59,t4,t8,t21,t29,t9,t33,t34,t3,t40
 WHERE a18=b6
   AND b17=a16
   AND b45=a15
   AND a22=b61
   AND a53=b46
   AND a54=b35
   AND a42=b55
   AND a40=b64
   AND a26=1
   AND a33=b48
   AND a37=b39
   AND b24=a5
   AND a47=b2
   AND b60=a23
   AND a48=b25
   AND b59=a30
   AND a3=b10
   AND a60=b49
   AND b40=a52
   AND b21=a34
   AND a35=b44
   AND a26=b30
   AND a29=b23
   AND a25=b27
   AND a4=b54
   AND b53=a57
   AND b13=a17
   AND b41=a13
   AND a43=b16
   AND b7=a44
   AND a20=b3
   AND b18=a32
   AND a64=b12
   AND a11=b33
   AND a10=b8
   AND a24=b15
   AND a58=b5
   AND b50=a61
   AND b29=a21
   AND b34=a12
   AND a14=b4
   AND a27=b52
   AND b43=a8
   AND b42=a36
   AND a2=b22
   AND a59=b57
   AND a19=b36
   AND b37=a63
   AND b19=a46
   AND b14=a9
   AND b32=a1
   AND b56=a45
   AND a39=b1
   AND a38=b20
   AND b63=a55
   AND b62=a6
   AND b58=a41
   AND b11=a50
   AND b38=a49
   AND b47=a7
   AND a62=b9
----
61 values hashing to 053e93d30757fbeaac6322b0b6b36834

query TTTTTTTTTTTTTTTTTTTTTTTTTTTTTTTTTTTTTTTTTTTTTTTTTTTTTTTTTTTTT valuesort join-61-2
SELECT x26,x15,x30,x33,x5,x42,x4,x40,x52,x53,x58,x55,x64,x21,x35,x54,x61,x24,x19,x2,x59,x34,x1,x8,x16,x41,x57,x49,x11,x38,x12,x56,x17,x29,x37,x32,x18,x44,x27,x39,x48,x45,x47,x20,x50,x3,x62,x7,x13,x36,x46,x6,x23,x25,x60,x9,x22,x14,x10,x43,x63
  FROM t14,t61,t52,t35,t48,t27,t16,t7,t42,t26,t34,t37,t33,t63,t43,t8,t24,t47,t3,t2,t46,t55,t59,t9,t4,t32,t11,t40,t19,t30,t44,t22,t53,t5,t12,t49,t10,t56,t58,t62,t1,t38,t15,t36,t45,t18,t6,t23,t57,t64,t41,t60,t29,t50,t13,t54,t17,t21,t20,t25,t39
 WHERE b24=a5
   AND a8=b43
   AND a43=b16
   AND b36=a19
   AND a11=b33
   AND a35=b44
   AND a49=b38
   AND b1=a39
   AND b60=a23
   AND b4=a14
   AND b3=a20
   AND b56=a45
   AND a26=1
   AND b7=a44
   AND a58=b5
   AND b8=a10
   AND b25=a48
   AND a40=b64
   AND a18=b6
   AND a1=b32
   AND b39=a37
   AND b19=a46
   AND a30=b59
   AND b20=a38
   AND b12=a64
   AND b11=a50
   AND a52=b40
   AND a29=b23
   AND a12=b34
   AND b14=a9
   AND b37=a63
   AND a2=b22
   AND b41=a13
   AND a42=b55
   AND a59=b57
   AND a62=b9
   AND a34=b21
   AND b52=a27
   AND a61=b50
   AND a54=b35
   AND b29=a21
   AND b49=a60
   AND a4=b54
   AND b45=a15
   AND a47=b2
   AND b61=a22
   AND b30=a26
   AND b42=a36
   AND a53=b46
   AND b47=a7
   AND b17=a16
   AND b48=a33
   AND b18=a32
   AND b13=a17
   AND a25=b27
   AND b58=a41
   AND b63=a55
   AND a3=b10
   AND a6=b62
   AND a24=b15
   AND a57=b53
----
61 values hashing to 053e93d30757fbeaac6322b0b6b36834

query TTTTTTTTTTTTTTTTTTTTTTTTTTTTTTTTTTTTTTTTTTTTTTTTTTTTTTTTTTTTT valuesort join-61-2
SELECT x26,x15,x30,x33,x5,x42,x4,x40,x52,x53,x58,x55,x64,x21,x35,x54,x61,x24,x19,x2,x59,x34,x1,x8,x16,x41,x57,x49,x11,x38,x12,x56,x17,x29,x37,x32,x18,x44,x27,x39,x48,x45,x47,x20,x50,x3,x62,x7,x13,x36,x46,x6,x23,x25,x60,x9,x22,x14,x10,x43,x63
  FROM t41,t62,t47,t33,t20,t11,t23,t63,t26,t34,t22,t64,t24,t13,t49,t46,t16,t56,t12,t42,t61,t32,t44,t30,t2,t17,t27,t53,t29,t57,t10,t58,t7,t3,t9,t48,t19,t55,t59,t35,t18,t37,t14,t25,t8,t43,t39,t38,t54,t60,t15,t21,t52,t40,t36,t50,t45,t5,t1,t4,t6
 WHERE a33=b48
   AND a47=b2
   AND a61=b50
   AND a52=b40
   AND b56=a45
   AND b60=a23
   AND a13=b41
   AND b9=a62
   AND b6=a18
   AND b55=a42
   AND a55=b63
   AND b61=a22
   AND a36=b42
   AND a15=b45
   AND b4=a14
   AND b29=a21
   AND b52=a27
   AND a64=b12
   AND b23=a29
   AND b22=a2
   AND b15=a24
   AND b8=a10
   AND b39=a37
   AND b5=a58
   AND a26=b30
   AND b21=a34
   AND a53=b46
   AND b27=a25
   AND a8=b43
   AND a6=b62
   AND b57=a59
   AND b58=a41
   AND a48=b25
   AND b38=a49
   AND a46=b19
   AND a20=b3
   AND a39=b1
   AND a43=b16
   AND b34=a12
   AND b53=a57
   AND a38=b20
   AND a50=b11
   AND a9=b14
   AND b49=a60
   AND a40=b64
   AND b47=a7
   AND b44=a35
   AND a30=b59
   AND a26=1
   AND b10=a3
   AND b35=a54
   AND a63=b37
   AND a19=b36
   AND a5=b24
   AND b7=a44
   AND b33=a11
   AND b13=a17
   AND b32=a1
   AND b54=a4
   AND a16=b17
   AND a32=b18
----
61 values hashing to 053e93d30757fbeaac6322b0b6b36834

query TTTTTTTTTTTTTTTTTTTTTTTTTTTTTTTTTTTTTTTTTTTTTTTTTTTTTTTTTTTTT valuesort join-61-3
SELECT x49,x11,x4,x44,x39,x14,x24,x13,x56,x32,x20,x8,x60,x42,x58,x48,x29,x47,x27,x40,x52,x46,x54,x33,x43,x41,x2,x12,x64,x15,x53,x35,x59,x1,x63,x22,x10,x19,x7,x61,x3,x5,x37,x30,x6,x31,x21,x57,x50,x36,x38,x18,x26,x17,x28,x9,x16,x51,x25,x55,x34
  FROM t24,t27,t12,t11,t33,t39,t29,t10,t17,t42,t20,t47,t49,t26,t15,t5,t31,t51,t58,t44,t30,t14,t50,t25,t8,t18,t55,t40,t1,t4,t36,t54,t22,t3,t38,t48,t2,t64,t63,t21,t19,t61,t7,t13,t59,t52,t53,t60,t16,t41,t35,t9,t34,t57,t56,t37,t6,t28,t32,t46,t43
 WHERE b64=a3
   AND b41=a19
   AND b8=a56
   AND b30=a51
   AND b46=a44
   AND a2=b13
   AND b39=a36
   AND a29=b34
   AND b10=a43
   AND a49=b4
   AND b54=a60
   AND b43=a34
   AND a52=b19
   AND b59=a53
   AND a22=b14
   AND b36=a18
   AND b18=a30
   AND b9=a26
   AND b60=a47
   AND a12=b35
   AND b29=a35
   AND a50=b12
   AND a5=b20
   AND a46=b26
   AND a37=b55
   AND b33=a54
   AND a55=b1
   AND b53=a40
   AND b5=a57
   AND a4=b3
   AND a20=b50
   AND a14=b24
   AND a27=b17
   AND b37=a32
   AND a39=b11
   AND a10=b31
   AND b47=a38
   AND a63=b38
   AND b63=a48
   AND a56=7
   AND b15=a7
   AND b51=a8
   AND b32=a28
   AND a13=b44
   AND a31=b42
   AND a42=b49
   AND b21=a24
   AND b61=a64
   AND a15=b40
   AND a59=b16
   AND a58=b2
   AND b57=a1
   AND a6=b52
   AND a16=b58
   AND b48=a21
   AND b25=a41
   AND a17=b28
   AND a11=b6
   AND a25=b7
   AND b27=a9
   AND b22=a61
----
61 values hashing to 10e51c875441415df05604934b701126

query TTTTTTTTTTTTTTTTTTTTTTTTTTTTTTTTTTTTTTTTTTTTTTTTTTTTTTTTTTTTT valuesort join-61-3
SELECT x49,x11,x4,x44,x39,x14,x24,x13,x56,x32,x20,x8,x60,x42,x58,x48,x29,x47,x27,x40,x52,x46,x54,x33,x43,x41,x2,x12,x64,x15,x53,x35,x59,x1,x63,x22,x10,x19,x7,x61,x3,x5,x37,x30,x6,x31,x21,x57,x50,x36,x38,x18,x26,x17,x28,x9,x16,x51,x25,x55,x34
  FROM t58,t5,t8,t54,t29,t53,t30,t39,t10,t4,t14,t25,t28,t33,t59,t20,t12,t15,t44,t34,t50,t55,t40,t49,t18,t13,t46,t52,t26,t48,t37,t63,t42,t36,t6,t35,t21,t17,t38,t22,t9,t1,t31,t7,t27,t3,t19,t16,t64,t41,t47,t43,t11,t32,t61,t2,t60,t57,t24,t56,t51
 WHERE a52=b19
   AND b20=a5
   AND a36=b39
   AND b27=a9
   AND b34=a29
   AND b49=a42
   AND b64=a3
   AND a28=b32
   AND a49=b4
   AND b57=a1
   AND a48=b63
   AND a18=b36
   AND b38=a63
   AND a39=b11
   AND a25=b7
   AND b54=a60
   AND a20=b50
   AND a6=b52
   AND b41=a19
   AND b61=a64
   AND a56=7
   AND b60=a47
   AND b44=a13
   AND b3=a4
   AND b6=a11
   AND b37=a32
   AND a56=b8
   AND b33=a54
   AND b25=a41
   AND a61=b22
   AND a40=b53
   AND a8=b51
   AND b29=a35
   AND a31=b42
   AND b17=a27
   AND a51=b30
   AND a44=b46
   AND a17=b28
   AND a16=b58
   AND a2=b13
   AND a37=b55
   AND a59=b16
   AND b31=a10
   AND a57=b5
   AND b47=a38
   AND a24=b21
   AND a15=b40
   AND a30=b18
   AND b10=a43
   AND b14=a22
   AND b2=a58
   AND a46=b26
   AND a53=b59
   AND b12=a50
   AND a12=b35
   AND b43=a34
   AND a21=b48
   AND a14=b24
   AND a7=b15
   AND a26=b9
   AND b1=a55
----
61 values hashing to 10e51c875441415df05604934b701126

query TTTTTTTTTTTTTTTTTTTTTTTTTTTTTTTTTTTTTTTTTTTTTTTTTTTTTTTTTTTTT valuesort join-61-3
SELECT x49,x11,x4,x44,x39,x14,x24,x13,x56,x32,x20,x8,x60,x42,x58,x48,x29,x47,x27,x40,x52,x46,x54,x33,x43,x41,x2,x12,x64,x15,x53,x35,x59,x1,x63,x22,x10,x19,x7,x61,x3,x5,x37,x30,x6,x31,x21,x57,x50,x36,x38,x18,x26,x17,x28,x9,x16,x51,x25,x55,x34
  FROM t40,t27,t29,t26,t57,t48,t50,t59,t39,t60,t2,t51,t15,t33,t53,t56,t28,t42,t35,t18,t9,t10,t24,t7,t38,t34,t37,t17,t54,t20,t13,t22,t12,t31,t30,t5,t52,t46,t3,t11,t55,t8,t36,t25,t1,t49,t63,t19,t32,t43,t41,t64,t21,t47,t4,t14,t61,t16,t44,t58,t6
 WHERE a26=b9
   AND a63=b38
   AND a19=b41
   AND b20=a5
   AND a8=b51
   AND a3=b64
   AND b58=a16
   AND b8=a56
   AND b28=a17
   AND b47=a38
   AND b13=a2
   AND b61=a64
   AND a50=b12
   AND b48=a21
   AND b6=a11
   AND b25=a41
   AND b18=a30
   AND a58=b2
   AND b1=a55
   AND a13=b44
   AND a31=b42
   AND b36=a18
   AND b3=a4
   AND b17=a27
   AND b27=a9
   AND b37=a32
   AND a14=b24
   AND a34=b43
   AND a25=b7
   AND a1=b57
   AND b30=a51
   AND b11=a39
   AND b55=a37
   AND a48=b63
   AND a35=b29
   AND a53=b59
   AND a40=b53
   AND b49=a42
   AND a36=b39
   AND a61=b22
   AND a52=b19
   AND a59=b16
   AND a6=b52
   AND a57=b5
   AND b31=a10
   AND b46=a44
   AND b54=a60
   AND a49=b4
   AND b15=a7
   AND a15=b40
   AND a46=b26
   AND a56=7
   AND a47=b60
   AND a43=b10
   AND b34=a29
   AND b33=a54
   AND a28=b32
   AND b35=a12
   AND b50=a20
   AND a24=b21
   AND a22=b14
----
61 values hashing to 10e51c875441415df05604934b701126

query TTTTTTTTTTTTTTTTTTTTTTTTTTTTTTTTTTTTTTTTTTTTTTTTTTTTTTTTTTTTT valuesort join-61-4
SELECT x32,x51,x36,x25,x64,x5,x30,x33,x26,x63,x12,x42,x50,x22,x1,x58,x4,x47,x20,x7,x19,x34,x48,x62,x60,x35,x44,x14,x21,x13,x6,x54,x59,x24,x11,x53,x28,x56,x57,x43,x55,x40,x3,x16,x45,x61,x39,x10,x17,x31,x23,x15,x9,x27,x37,x49,x8,x46,x41,x52,x38
  FROM t61,t42,t45,t63,t60,t37,t22,t9,t20,t64,t41,t53,t36,t57,t35,t10,t5,t54,t16,t52,t43,t38,t27,t8,t7,t46,t50,t28,t59,t34,t15,t32,t62,t26,t23,t6,t49,t39,t30,t12,t31,t33,t4,t48,t25,t14,t40,t58,t17,t3,t13,t24,t11,t56,t55,t21,t44,t51,t1,t19,t47
 WHERE b45=a11
   AND b8=a15
   AND a36=b16
   AND a26=b64
   AND a19=b20
   AND b38=a3
   AND b63=a53
   AND a21=b56
   AND b39=a13
   AND b35=a8
   AND b30=a56
   AND a57=2
   AND b14=a43
   AND b15=a49
   AND b12=a24
   AND a50=b32
   AND a39=b54
   AND b25=a30
   AND a47=b48
   AND b49=a27
   AND a7=b24
   AND b53=a5
   AND a63=b28
   AND a40=b61
   AND b41=a10
   AND a37=b40
   AND b59=a35
   AND a52=b46
   AND a45=b55
   AND a25=b3
   AND a44=b37
   AND a42=b31
   AND a31=b22
   AND a20=b4
   AND a33=b51
   AND a22=b50
   AND a38=b33
   AND a60=b43
   AND b21=a54
   AND a32=b17
   AND a6=b1
   AND a1=b60
   AND a12=b10
   AND b47=a9
   AND b13=a55
   AND a28=b6
   AND b19=a46
   AND a14=b7
   AND a59=b23
   AND a34=b5
   AND b27=a41
   AND b34=a62
   AND b52=a58
   AND a16=b62
   AND b44=a4
   AND b42=a48
   AND b36=a61
   AND a17=b26
   AND b9=a51
   AND b11=a57
   AND b58=a64
----
61 values hashing to 58b752e4e8cd24ffe827d088eba9c3cf

query TTTTTTTTTTTTTTTTTTTTTTTTTTTTTTTTTTTTTTTTTTTTTTTTTTTTTTTTTTTTT valuesort join-61-4
SELECT x32,x51,x36,x25,x64,x5,x30,x33,x26,x63,x12,x42,x50,x22,x1,x58,x4,x47,x20,x7,x19,x34,x48,x62,x60,x35,x44,x14,x21,x13,x6,x54,x59,x24,x11,x53,x28,x56,x57,x43,x55,x40,x3,x16,x45,x61,x39,x10,x17,x31,x23,x15,x9,x27,x37,x49,x8,x46,x41,x52,x38
  FROM t60,t48,t57,t25,t34,t15,t32,t7,t9,t23,t37,t4,t62,t49,t63,t54,t36,t11,t28,t1,t30,t33,t8,t16,t17,t45,t38,t43,t14,t64,t19,t26,t55,t39,t47,t35,t59,t13,t40,t41,t10,t6,t42,t52,t44,t58,t53,t56,t12,t61,t22,t21,t5,t27,t50,t31,t20,t51,t46,t24,t3
 WHERE b31=a42
   AND b49=a27
   AND b3=a25
   AND a62=b34
   AND b47=a9
   AND b16=a36
   AND b28=a63
   AND b32=a50
   AND b38=a3
   AND a59=b23
   AND a40=b61
   AND a19=b20
   AND a12=b10
   AND a6=b1
   AND b24=a7
   AND a49=b15
   AND b13=a55
   AND a30=b25
   AND a22=b50
   AND b64=a26
   AND a48=b42
   AND b5=a34
   AND a15=b8
   AND a38=b33
   AND b19=a46
   AND a17=b26
   AND a31=b22
   AND b14=a43
   AND a52=b46
   AND b62=a16
   AND a54=b21
   AND a8=b35
   AND a28=b6
   AND a21=b56
   AND a35=b59
   AND b39=a13
   AND a5=b53
   AND a56=b30
   AND a64=b58
   AND b36=a61
   AND a37=b40
   AND b12=a24
   AND b60=a1
   AND a60=b43
   AND b9=a51
   AND a39=b54
   AND b44=a4
   AND b27=a41
   AND a57=b11
   AND a44=b37
   AND b45=a11
   AND a33=b51
   AND a53=b63
   AND a57=2
   AND b7=a14
   AND b4=a20
   AND b17=a32
   AND b41=a10
   AND b52=a58
   AND a47=b48
   AND b55=a45
----
61 values hashing to 58b752e4e8cd24ffe827d088eba9c3cf

query TTTTTTTTTTTTTTTTTTTTTTTTTTTTTTTTTTTTTTTTTTTTTTTTTTTTTTTTTTTTT valuesort join-61-4
SELECT x32,x51,x36,x25,x64,x5,x30,x33,x26,x63,x12,x42,x50,x22,x1,x58,x4,x47,x20,x7,x19,x34,x48,x62,x60,x35,x44,x14,x21,x13,x6,x54,x59,x24,x11,x53,x28,x56,x57,x43,x55,x40,x3,x16,x45,x61,x39,x10,x17,x31,x23,x15,x9,x27,x37,x49,x8,x46,x41,x52,x38
  FROM t39,t3,t33,t11,t41,t61,t32,t50,t52,t10,t47,t28,t40,t27,t42,t9,t14,t6,t57,t36,t30,t45,t54,t8,t22,t15,t60,t31,t62,t17,t1,t55,t13,t46,t51,t64,t38,t21,t58,t63,t5,t12,t48,t16,t49,t20,t44,t43,t7,t35,t25,t19,t37,t34,t56,t24,t26,t59,t4,t23,t53
 WHERE b33=a38
   AND a21=b56
   AND b6=a28
   AND a27=b49
   AND a64=b58
   AND a12=b10
   AND a13=b39
   AND b52=a58
   AND b1=a6
   AND a57=b11
   AND b35=a8
   AND b50=a22
   AND a15=b8
   AND b55=a45
   AND a3=b38
   AND a35=b59
   AND b43=a60
   AND b51=a33
   AND a7=b24
   AND b9=a51
   AND a26=b64
   AND a11=b45
   AND b22=a31
   AND b60=a1
   AND a46=b19
   AND a24=b12
   AND b40=a37
   AND b46=a52
   AND a16=b62
   AND a55=b13
   AND a41=b27
   AND b4=a20
   AND a54=b21
   AND a19=b20
   AND a40=b61
   AND a14=b7
   AND a34=b5
   AND a53=b63
   AND b44=a4
   AND a9=b47
   AND a39=b54
   AND a32=b17
   AND b23=a59
   AND a43=b14
   AND a48=b42
   AND a57=2
   AND a44=b37
   AND a63=b28
   AND b26=a17
   AND a5=b53
   AND b30=a56
   AND a61=b36
   AND b34=a62
   AND a25=b3
   AND b41=a10
   AND b48=a47
   AND b25=a30
   AND b31=a42
   AND b15=a49
   AND b16=a36
   AND b32=a50
----
61 values hashing to 58b752e4e8cd24ffe827d088eba9c3cf

query TTTTTTTTTTTTTTTTTTTTTTTTTTTTTTTTTTTTTTTTTTTTTTTTTTTTTTTTTTTTTT valuesort join-62-1
SELECT x6,x1,x12,x35,x28,x33,x34,x13,x56,x8,x24,x40,x47,x16,x41,x62,x31,x46,x19,x58,x48,x5,x22,x45,x10,x55,x38,x21,x15,x25,x59,x9,x60,x63,x20,x30,x51,x52,x36,x4,x64,x26,x11,x54,x2,x14,x43,x18,x23,x17,x61,x29,x37,x49,x39,x32,x44,x50,x3,x42,x53,x57
  FROM t31,t13,t15,t60,t44,t14,t30,t2,t34,t17,t28,t50,t6,t1,t18,t5,t56,t32,t61,t11,t10,t48,t21,t25,t53,t51,t8,t19,t57,t42,t22,t24,t40,t55,t41,t12,t23,t33,t26,t59,t46,t20,t29,t37,t58,t36,t47,t63,t49,t43,t38,t39,t16,t62,t4,t45,t9,t3,t64,t52,t35,t54
 WHERE b39=a63
   AND b62=a29
   AND b31=a28
   AND a9=b57
   AND b16=a8
   AND b54=a12
   AND a58=b25
   AND a16=b38
   AND b26=a39
   AND a34=10
   AND a17=b37
   AND b11=a31
   AND b63=a57
   AND a19=b8
   AND a49=b22
   AND b23=a22
   AND b43=a44
   AND a48=b50
   AND a52=b61
   AND b64=a36
   AND b5=a15
   AND a32=b41
   AND a61=b4
   AND a38=b6
   AND b59=a6
   AND b44=a11
   AND a42=b19
   AND a24=b21
   AND b35=a41
   AND b40=a37
   AND a43=b17
   AND a64=b32
   AND a25=b28
   AND b46=a54
   AND a45=b30
   AND b49=a35
   AND b45=a10
   AND b47=a2
   AND b56=a50
   AND a20=b13
   AND b42=a62
   AND a23=b55
   AND b2=a4
   AND b51=a1
   AND b52=a21
   AND b14=a56
   AND a33=b60
   AND a55=b20
   AND b53=a3
   AND a60=b3
   AND a51=b15
   AND b18=a34
   AND b29=a13
   AND a5=b58
   AND b36=a40
   AND b12=a47
   AND a18=b48
   AND a26=b1
   AND a59=b33
   AND a46=b10
   AND b24=a14
   AND a30=b9
----
62 values hashing to 03f677ad0937ea6dfd3849cac8f8079b

query TTTTTTTTTTTTTTTTTTTTTTTTTTTTTTTTTTTTTTTTTTTTTTTTTTTTTTTTTTTTTT valuesort join-62-1
SELECT x6,x1,x12,x35,x28,x33,x34,x13,x56,x8,x24,x40,x47,x16,x41,x62,x31,x46,x19,x58,x48,x5,x22,x45,x10,x55,x38,x21,x15,x25,x59,x9,x60,x63,x20,x30,x51,x52,x36,x4,x64,x26,x11,x54,x2,x14,x43,x18,x23,x17,x61,x29,x37,x49,x39,x32,x44,x50,x3,x42,x53,x57
  FROM t44,t37,t21,t34,t17,t60,t23,t39,t40,t54,t14,t56,t29,t53,t10,t22,t58,t8,t61,t2,t46,t18,t1,t5,t59,t4,t64,t49,t28,t6,t13,t32,t43,t41,t26,t50,t3,t15,t36,t35,t51,t31,t11,t47,t16,t42,t19,t9,t48,t38,t33,t57,t12,t45,t52,t30,t20,t55,t62,t24,t25,t63
 WHERE b10=a46
   AND b15=a51
   AND a19=b8
   AND a40=b36
   AND b55=a23
   AND a5=b58
   AND a16=b38
   AND b5=a15
   AND a18=b48
   AND b29=a13
   AND b6=a38
   AND a31=b11
   AND b45=a10
   AND b25=a58
   AND b49=a35
   AND a44=b43
   AND b57=a9
   AND b22=a49
   AND a63=b39
   AND b26=a39
   AND a33=b60
   AND b42=a62
   AND a47=b12
   AND a34=10
   AND a22=b23
   AND b19=a42
   AND a4=b2
   AND a32=b41
   AND b31=a28
   AND b40=a37
   AND b63=a57
   AND b56=a50
   AND b33=a59
   AND a25=b28
   AND b13=a20
   AND b1=a26
   AND b32=a64
   AND b9=a30
   AND a41=b35
   AND b17=a43
   AND b47=a2
   AND b51=a1
   AND a48=b50
   AND a34=b18
   AND a52=b61
   AND a12=b54
   AND a61=b4
   AND a54=b46
   AND a8=b16
   AND a60=b3
   AND a56=b14
   AND b53=a3
   AND a55=b20
   AND a45=b30
   AND b37=a17
   AND b44=a11
   AND a21=b52
   AND a6=b59
   AND b62=a29
   AND b64=a36
   AND b21=a24
   AND b24=a14
----
62 values hashing to 03f677ad0937ea6dfd3849cac8f8079b

query TTTTTTTTTTTTTTTTTTTTTTTTTTTTTTTTTTTTTTTTTTTTTTTTTTTTTTTTTTTTTT valuesort join-62-1
SELECT x6,x1,x12,x35,x28,x33,x34,x13,x56,x8,x24,x40,x47,x16,x41,x62,x31,x46,x19,x58,x48,x5,x22,x45,x10,x55,x38,x21,x15,x25,x59,x9,x60,x63,x20,x30,x51,x52,x36,x4,x64,x26,x11,x54,x2,x14,x43,x18,x23,x17,x61,x29,x37,x49,x39,x32,x44,x50,x3,x42,x53,x57
  FROM t4,t38,t60,t45,t58,t1,t8,t37,t23,t20,t22,t29,t54,t21,t62,t10,t52,t18,t44,t49,t24,t55,t63,t5,t15,t35,t26,t47,t11,t30,t51,t28,t31,t57,t6,t32,t43,t61,t50,t34,t25,t14,t36,t41,t16,t64,t59,t17,t42,t12,t3,t56,t33,t53,t13,t9,t19,t2,t48,t40,t39,t46
 WHERE a34=10
   AND b64=a36
   AND a61=b4
   AND a29=b62
   AND b53=a3
   AND a62=b42
   AND a11=b44
   AND a59=b33
   AND a15=b5
   AND a37=b40
   AND b41=a32
   AND a64=b32
   AND b31=a28
   AND a18=b48
   AND b57=a9
   AND b50=a48
   AND b51=a1
   AND b10=a46
   AND b60=a33
   AND a17=b37
   AND a2=b47
   AND b58=a5
   AND b59=a6
   AND b43=a44
   AND b1=a26
   AND a55=b20
   AND b30=a45
   AND a60=b3
   AND a58=b25
   AND b11=a31
   AND b8=a19
   AND b35=a41
   AND b13=a20
   AND b63=a57
   AND b9=a30
   AND a24=b21
   AND a51=b15
   AND b36=a40
   AND b16=a8
   AND b23=a22
   AND b28=a25
   AND a13=b29
   AND b52=a21
   AND a34=b18
   AND a35=b49
   AND a12=b54
   AND a14=b24
   AND a52=b61
   AND a16=b38
   AND b39=a63
   AND a38=b6
   AND a43=b17
   AND b19=a42
   AND a10=b45
   AND b56=a50
   AND a47=b12
   AND b46=a54
   AND a39=b26
   AND a56=b14
   AND b2=a4
   AND a23=b55
   AND a49=b22
----
62 values hashing to 03f677ad0937ea6dfd3849cac8f8079b

query TTTTTTTTTTTTTTTTTTTTTTTTTTTTTTTTTTTTTTTTTTTTTTTTTTTTTTTTTTTTTT valuesort join-62-2
SELECT x28,x45,x16,x2,x18,x60,x46,x8,x33,x49,x10,x30,x41,x50,x4,x24,x53,x52,x5,x23,x57,x15,x13,x27,x38,x20,x25,x54,x61,x63,x1,x26,x43,x3,x55,x29,x32,x22,x19,x40,x44,x21,x14,x48,x7,x56,x34,x11,x59,x36,x12,x64,x47,x9,x51,x17,x6,x35,x62,x37,x31,x42
  FROM t43,t10,t19,t44,t63,t14,t50,t1,t64,t60,t55,t38,t2,t29,t7,t48,t32,t62,t34,t15,t4,t37,t31,t56,t25,t42,t22,t61,t23,t6,t26,t16,t24,t8,t40,t52,t36,t47,t49,t51,t30,t12,t17,t57,t5,t13,t20,t18,t28,t9,t3,t54,t21,t27,t59,t33,t11,t35,t53,t45,t41,t46
 WHERE b50=a18
   AND a3=b23
   AND a51=b1
   AND b18=a16
   AND a56=b7
   AND b14=a29
   AND a9=b55
   AND a24=b31
   AND b6=a7
   AND b9=a21
   AND a46=b5
   AND a62=b53
   AND b34=a13
   AND a27=b59
   AND a55=b3
   AND a46=5
   AND b27=a61
   AND b24=a2
   AND a14=b42
   AND a26=b16
   AND b40=a31
   AND a37=b45
   AND a59=b64
   AND a45=b51
   AND b35=a50
   AND b52=a1
   AND b26=a25
   AND a38=b21
   AND b17=a12
   AND b15=a20
   AND b61=a52
   AND b38=a48
   AND a44=b54
   AND b41=a49
   AND b56=a19
   AND b25=a47
   AND a43=b63
   AND a64=b28
   AND b29=a30
   AND b30=a22
   AND a8=b19
   AND a34=b32
   AND b48=a33
   AND b12=a32
   AND a23=b62
   AND a35=b8
   AND a11=b57
   AND b10=a17
   AND a4=b37
   AND b47=a57
   AND b4=a54
   AND b49=a42
   AND b60=a28
   AND b44=a40
   AND a6=b20
   AND b33=a41
   AND a36=b22
   AND b2=a5
   AND a60=b11
   AND a15=b43
   AND a53=b13
   AND a63=b36
----
62 values hashing to 349b1f9d76378303c2a685a3b3447a29

query TTTTTTTTTTTTTTTTTTTTTTTTTTTTTTTTTTTTTTTTTTTTTTTTTTTTTTTTTTTTTT valuesort join-62-2
SELECT x28,x45,x16,x2,x18,x60,x46,x8,x33,x49,x10,x30,x41,x50,x4,x24,x53,x52,x5,x23,x57,x15,x13,x27,x38,x20,x25,x54,x61,x63,x1,x26,x43,x3,x55,x29,x32,x22,x19,x40,x44,x21,x14,x48,x7,x56,x34,x11,x59,x36,x12,x64,x47,x9,x51,x17,x6,x35,x62,x37,x31,x42
  FROM t44,t45,t7,t8,t34,t10,t61,t36,t14,t33,t28,t13,t9,t6,t54,t29,t12,t26,t40,t52,t47,t46,t43,t55,t27,t32,t5,t63,t64,t30,t49,t41,t35,t37,t31,t20,t59,t18,t17,t4,t60,t38,t57,t21,t16,t53,t1,t42,t23,t2,t62,t50,t22,t24,t19,t11,t3,t48,t25,t56,t51,t15
 WHERE a3=b23
   AND b49=a42
   AND a15=b43
   AND b13=a53
   AND a36=b22
   AND a23=b62
   AND a32=b12
   AND b35=a50
   AND a20=b15
   AND b51=a45
   AND b17=a12
   AND a31=b40
   AND a27=b59
   AND a2=b24
   AND a44=b54
   AND b34=a13
   AND b14=a29
   AND b64=a59
   AND b38=a48
   AND a63=b36
   AND b63=a43
   AND a47=b25
   AND b10=a17
   AND a57=b47
   AND a22=b30
   AND a4=b37
   AND a26=b16
   AND b11=a60
   AND b3=a55
   AND a19=b56
   AND b8=a35
   AND a28=b60
   AND a16=b18
   AND b41=a49
   AND b27=a61
   AND b32=a34
   AND a30=b29
   AND a40=b44
   AND a41=b33
   AND a62=b53
   AND a46=5
   AND b52=a1
   AND a11=b57
   AND a46=b5
   AND b26=a25
   AND b42=a14
   AND b7=a56
   AND b55=a9
   AND b6=a7
   AND b20=a6
   AND a8=b19
   AND a54=b4
   AND b1=a51
   AND b31=a24
   AND b2=a5
   AND a38=b21
   AND b28=a64
   AND b61=a52
   AND a21=b9
   AND a33=b48
   AND a37=b45
   AND a18=b50
----
62 values hashing to 349b1f9d76378303c2a685a3b3447a29

query TTTTTTTTTTTTTTTTTTTTTTTTTTTTTTTTTTTTTTTTTTTTTTTTTTTTTTTTTTTTTT valuesort join-62-2
SELECT x28,x45,x16,x2,x18,x60,x46,x8,x33,x49,x10,x30,x41,x50,x4,x24,x53,x52,x5,x23,x57,x15,x13,x27,x38,x20,x25,x54,x61,x63,x1,x26,x43,x3,x55,x29,x32,x22,x19,x40,x44,x21,x14,x48,x7,x56,x34,x11,x59,x36,x12,x64,x47,x9,x51,x17,x6,x35,x62,x37,x31,x42
  FROM t5,t23,t30,t49,t21,t60,t9,t10,t14,t25,t26,t48,t6,t55,t22,t41,t32,t4,t56,t42,t54,t52,t43,t8,t31,t20,t17,t35,t59,t13,t53,t18,t50,t44,t28,t61,t12,t29,t1,t24,t33,t27,t45,t11,t51,t7,t38,t19,t63,t47,t34,t46,t62,t15,t64,t3,t2,t57,t37,t16,t40,t36
 WHERE b55=a9
   AND b2=a5
   AND a19=b56
   AND b25=a47
   AND a52=b61
   AND b37=a4
   AND a61=b27
   AND a34=b32
   AND a57=b47
   AND b53=a62
   AND b10=a17
   AND b57=a11
   AND a29=b14
   AND a27=b59
   AND a53=b13
   AND a54=b4
   AND b40=a31
   AND b43=a15
   AND a23=b62
   AND a38=b21
   AND a24=b31
   AND a13=b34
   AND b7=a56
   AND b15=a20
   AND a37=b45
   AND a8=b19
   AND b33=a41
   AND a51=b1
   AND b42=a14
   AND a55=b3
   AND a49=b41
   AND a40=b44
   AND a2=b24
   AND a35=b8
   AND a1=b52
   AND b23=a3
   AND b16=a26
   AND b60=a28
   AND b5=a46
   AND a7=b6
   AND a48=b38
   AND b36=a63
   AND b20=a6
   AND a44=b54
   AND a32=b12
   AND b22=a36
   AND b11=a60
   AND b26=a25
   AND a12=b17
   AND a30=b29
   AND a59=b64
   AND b28=a64
   AND a46=5
   AND b51=a45
   AND a33=b48
   AND a22=b30
   AND a16=b18
   AND b49=a42
   AND b9=a21
   AND b35=a50
   AND a43=b63
   AND b50=a18
----
62 values hashing to 349b1f9d76378303c2a685a3b3447a29

query TTTTTTTTTTTTTTTTTTTTTTTTTTTTTTTTTTTTTTTTTTTTTTTTTTTTTTTTTTTTTT valuesort join-62-3
SELECT x24,x53,x32,x6,x11,x46,x51,x16,x36,x45,x33,x23,x62,x49,x42,x56,x54,x17,x64,x31,x59,x20,x2,x19,x41,x14,x61,x63,x48,x3,x60,x55,x10,x12,x52,x38,x43,x30,x5,x9,x35,x27,x50,x58,x22,x8,x13,x28,x25,x47,x1,x15,x44,x4,x29,x21,x7,x57,x39,x26,x40,x34
  FROM t43,t42,t32,t4,t21,t60,t9,t64,t6,t22,t55,t23,t29,t14,t53,t8,t40,t31,t41,t48,t50,t16,t5,t57,t26,t38,t3,t19,t46,t39,t25,t51,t44,t58,t33,t45,t35,t1,t17,t47,t10,t59,t11,t30,t36,t34,t49,t63,t2,t56,t7,t62,t15,t24,t61,t13,t52,t20,t27,t54,t12,t28
 WHERE a44=b31
   AND a24=b26
   AND b55=a8
   AND b60=a64
   AND a57=b15
   AND a1=10
   AND b41=a30
   AND b32=a21
   AND b6=a55
   AND b40=a41
   AND b22=a26
   AND b59=a51
   AND a54=b48
   AND a31=b52
   AND a35=b29
   AND b46=a14
   AND a23=b49
   AND b2=a50
   AND b17=a56
   AND a25=b27
   AND b62=a36
   AND a1=b30
   AND b42=a5
   AND a40=b5
   AND b63=a61
   AND a33=b36
   AND b58=a11
   AND a29=b54
   AND a34=b45
   AND a48=b53
   AND b25=a47
   AND b11=a62
   AND a3=b34
   AND b38=a42
   AND a27=b7
   AND b51=a28
   AND b12=a6
   AND a53=b44
   AND a9=b13
   AND a10=b50
   AND a16=b20
   AND b14=a38
   AND a63=b16
   AND b21=a13
   AND a17=b47
   AND a15=b3
   AND b57=a59
   AND b24=a32
   AND b33=a46
   AND b23=a4
   AND a2=b35
   AND b39=a60
   AND a19=b8
   AND b10=a22
   AND a43=b56
   AND b19=a39
   AND a58=b61
   AND a52=b43
   AND a7=b28
   AND a45=b4
   AND a20=b9
   AND b64=a49
----
62 values hashing to d9744ceccce578ef73e1330b8a00d65c

query TTTTTTTTTTTTTTTTTTTTTTTTTTTTTTTTTTTTTTTTTTTTTTTTTTTTTTTTTTTTTT valuesort join-62-3
SELECT x24,x53,x32,x6,x11,x46,x51,x16,x36,x45,x33,x23,x62,x49,x42,x56,x54,x17,x64,x31,x59,x20,x2,x19,x41,x14,x61,x63,x48,x3,x60,x55,x10,x12,x52,x38,x43,x30,x5,x9,x35,x27,x50,x58,x22,x8,x13,x28,x25,x47,x1,x15,x44,x4,x29,x21,x7,x57,x39,x26,x40,x34
  FROM t44,t31,t14,t43,t25,t58,t9,t32,t24,t10,t47,t59,t40,t38,t28,t2,t64,t15,t19,t33,t48,t36,t34,t29,t55,t51,t1,t35,t8,t50,t20,t21,t53,t12,t6,t61,t7,t52,t16,t27,t30,t54,t56,t57,t41,t11,t4,t62,t22,t49,t3,t63,t26,t23,t60,t46,t13,t5,t42,t17,t45,t39
 WHERE a23=b49
   AND b23=a4
   AND b8=a19
   AND a39=b19
   AND a63=b16
   AND b30=a1
   AND a42=b38
   AND a31=b52
   AND a25=b27
   AND a44=b31
   AND b33=a46
   AND b46=a14
   AND a51=b59
   AND b58=a11
   AND a1=10
   AND b55=a8
   AND a3=b34
   AND b13=a9
   AND a10=b50
   AND a20=b9
   AND a45=b4
   AND b48=a54
   AND b28=a7
   AND b21=a13
   AND a28=b51
   AND b53=a48
   AND a5=b42
   AND a56=b17
   AND a27=b7
   AND a33=b36
   AND b22=a26
   AND b45=a34
   AND b41=a30
   AND b11=a62
   AND b3=a15
   AND b24=a32
   AND b47=a17
   AND a35=b29
   AND a49=b64
   AND b43=a52
   AND a40=b5
   AND a59=b57
   AND a60=b39
   AND b15=a57
   AND b44=a53
   AND b54=a29
   AND b56=a43
   AND a36=b62
   AND a24=b26
   AND a64=b60
   AND a55=b6
   AND b40=a41
   AND a2=b35
   AND b63=a61
   AND b61=a58
   AND a47=b25
   AND a22=b10
   AND a21=b32
   AND b2=a50
   AND a6=b12
   AND a16=b20
   AND b14=a38
----
62 values hashing to d9744ceccce578ef73e1330b8a00d65c

query TTTTTTTTTTTTTTTTTTTTTTTTTTTTTTTTTTTTTTTTTTTTTTTTTTTTTTTTTTTTTT valuesort join-62-3
SELECT x24,x53,x32,x6,x11,x46,x51,x16,x36,x45,x33,x23,x62,x49,x42,x56,x54,x17,x64,x31,x59,x20,x2,x19,x41,x14,x61,x63,x48,x3,x60,x55,x10,x12,x52,x38,x43,x30,x5,x9,x35,x27,x50,x58,x22,x8,x13,x28,x25,x47,x1,x15,x44,x4,x29,x21,x7,x57,x39,x26,x40,x34
  FROM t42,t51,t14,t62,t61,t9,t33,t30,t17,t50,t36,t41,t22,t2,t21,t24,t40,t38,t57,t12,t44,t13,t7,t1,t20,t8,t34,t35,t5,t39,t16,t49,t46,t4,t63,t6,t55,t53,t59,t27,t19,t64,t25,t54,t28,t32,t11,t58,t15,t45,t56,t23,t31,t60,t10,t52,t29,t47,t48,t26,t43,t3
 WHERE b46=a14
   AND a7=b28
   AND a35=b29
   AND b39=a60
   AND a16=b20
   AND b41=a30
   AND b15=a57
   AND a23=b49
   AND a55=b6
   AND a36=b62
   AND a1=b30
   AND b55=a8
   AND b64=a49
   AND b63=a61
   AND b51=a28
   AND a43=b56
   AND b59=a51
   AND b45=a34
   AND a17=b47
   AND b32=a21
   AND a5=b42
   AND b52=a31
   AND b26=a24
   AND b27=a25
   AND a2=b35
   AND a58=b61
   AND b53=a48
   AND b33=a46
   AND a52=b43
   AND b4=a45
   AND a10=b50
   AND a27=b7
   AND b25=a47
   AND a41=b40
   AND a42=b38
   AND a1=10
   AND b22=a26
   AND a53=b44
   AND a54=b48
   AND a32=b24
   AND a3=b34
   AND b57=a59
   AND b13=a9
   AND a19=b8
   AND b19=a39
   AND b60=a64
   AND a22=b10
   AND b16=a63
   AND a6=b12
   AND a40=b5
   AND b31=a44
   AND b21=a13
   AND b58=a11
   AND b36=a33
   AND b54=a29
   AND b23=a4
   AND a50=b2
   AND a38=b14
   AND b11=a62
   AND b17=a56
   AND b9=a20
   AND b3=a15
----
62 values hashing to d9744ceccce578ef73e1330b8a00d65c

query TTTTTTTTTTTTTTTTTTTTTTTTTTTTTTTTTTTTTTTTTTTTTTTTTTTTTTTTTTTTTT valuesort join-62-4
SELECT x6,x56,x29,x11,x30,x39,x13,x47,x53,x57,x61,x15,x23,x19,x43,x28,x42,x62,x8,x16,x40,x49,x58,x2,x18,x52,x1,x27,x9,x35,x14,x5,x10,x24,x33,x31,x25,x21,x4,x55,x36,x60,x12,x44,x37,x50,x59,x64,x26,x3,x32,x54,x48,x20,x51,x38,x34,x17,x46,x22,x63,x45
  FROM t33,t52,t23,t28,t40,t56,t25,t16,t47,t50,t53,t12,t20,t30,t24,t36,t32,t57,t58,t64,t60,t39,t29,t15,t59,t62,t51,t10,t43,t45,t48,t18,t11,t3,t61,t63,t46,t21,t6,t44,t26,t27,t54,t5,t35,t42,t55,t19,t14,t17,t8,t1,t49,t37,t2,t22,t13,t4,t34,t9,t38,t31
 WHERE a60=b15
   AND a51=b17
   AND a46=b33
   AND b55=a47
   AND a39=b51
   AND a44=b32
   AND a27=b53
   AND a58=b35
   AND a63=b29
   AND b37=a17
   AND a48=b28
   AND a38=b36
   AND a21=b12
   AND b34=a56
   AND a61=b6
   AND a23=b40
   AND a64=b46
   AND a20=b21
   AND a5=b18
   AND b30=a10
   AND b64=a28
   AND b50=a45
   AND b57=a35
   AND a22=b39
   AND a53=b47
   AND a54=b19
   AND a1=b43
   AND b9=a57
   AND a33=b20
   AND b1=a18
   AND a14=b10
   AND b49=a36
   AND b58=a15
   AND b27=a16
   AND a31=b8
   AND a9=b24
   AND a12=b23
   AND b2=a24
   AND a50=b44
   AND a49=b60
   AND a3=b5
   AND a52=b62
   AND a14=9
   AND b59=a42
   AND a25=b63
   AND a40=b16
   AND b4=a2
   AND b26=a59
   AND a29=b52
   AND a26=b22
   AND a13=b11
   AND b56=a43
   AND b3=a37
   AND a30=b45
   AND b13=a6
   AND b42=a4
   AND a19=b25
   AND a55=b61
   AND a32=b31
   AND b54=a8
   AND b38=a11
   AND a62=b48
----
62 values hashing to 80ff08726de5a2b38d0f19ec95889d42

query TTTTTTTTTTTTTTTTTTTTTTTTTTTTTTTTTTTTTTTTTTTTTTTTTTTTTTTTTTTTTT valuesort join-62-4
SELECT x6,x56,x29,x11,x30,x39,x13,x47,x53,x57,x61,x15,x23,x19,x43,x28,x42,x62,x8,x16,x40,x49,x58,x2,x18,x52,x1,x27,x9,x35,x14,x5,x10,x24,x33,x31,x25,x21,x4,x55,x36,x60,x12,x44,x37,x50,x59,x64,x26,x3,x32,x54,x48,x20,x51,x38,x34,x17,x46,x22,x63,x45
  FROM t11,t20,t15,t54,t1,t64,t24,t61,t13,t45,t63,t29,t27,t4,t25,t12,t51,t39,t18,t57,t50,t26,t34,t56,t37,t30,t14,t36,t48,t42,t55,t31,t52,t49,t53,t46,t33,t47,t62,t43,t2,t60,t10,t44,t3,t40,t17,t9,t35,t28,t23,t5,t8,t22,t32,t58,t21,t38,t59,t19,t16,t6
 WHERE b63=a25
   AND a1=b43
   AND a10=b30
   AND b46=a64
   AND b8=a31
   AND b56=a43
   AND a49=b60
   AND b15=a60
   AND a26=b22
   AND b50=a45
   AND a42=b59
   AND b5=a3
   AND a46=b33
   AND a2=b4
   AND b35=a58
   AND b54=a8
   AND b40=a23
   AND b18=a5
   AND a14=9
   AND b62=a52
   AND b64=a28
   AND a13=b11
   AND a33=b20
   AND a27=b53
   AND b32=a44
   AND b1=a18
   AND a54=b19
   AND a4=b42
   AND a51=b17
   AND b29=a63
   AND b31=a32
   AND a39=b51
   AND b21=a20
   AND b6=a61
   AND b16=a40
   AND b23=a12
   AND b27=a16
   AND b36=a38
   AND a57=b9
   AND a59=b26
   AND a9=b24
   AND b13=a6
   AND a21=b12
   AND b49=a36
   AND a55=b61
   AND b45=a30
   AND a62=b48
   AND a47=b55
   AND a56=b34
   AND b3=a37
   AND a48=b28
   AND b52=a29
   AND b39=a22
   AND a11=b38
   AND a15=b58
   AND a24=b2
   AND a35=b57
   AND b25=a19
   AND a17=b37
   AND b10=a14
   AND a50=b44
   AND b47=a53
----
62 values hashing to 80ff08726de5a2b38d0f19ec95889d42

query TTTTTTTTTTTTTTTTTTTTTTTTTTTTTTTTTTTTTTTTTTTTTTTTTTTTTTTTTTTTTT valuesort join-62-4
SELECT x6,x56,x29,x11,x30,x39,x13,x47,x53,x57,x61,x15,x23,x19,x43,x28,x42,x62,x8,x16,x40,x49,x58,x2,x18,x52,x1,x27,x9,x35,x14,x5,x10,x24,x33,x31,x25,x21,x4,x55,x36,x60,x12,x44,x37,x50,x59,x64,x26,x3,x32,x54,x48,x20,x51,x38,x34,x17,x46,x22,x63,x45
  FROM t24,t43,t9,t58,t26,t5,t37,t53,t61,t63,t35,t55,t20,t51,t44,t22,t29,t62,t32,t6,t49,t57,t1,t42,t54,t33,t47,t48,t31,t36,t40,t19,t56,t23,t2,t12,t14,t59,t4,t64,t11,t46,t8,t3,t28,t18,t34,t39,t10,t25,t17,t15,t13,t52,t16,t21,t60,t45,t27,t50,t38,t30
 WHERE a63=b29
   AND a44=b32
   AND b38=a11
   AND a1=b43
   AND a49=b60
   AND a17=b37
   AND b4=a2
   AND b45=a30
   AND a37=b3
   AND a52=b62
   AND a50=b44
   AND a18=b1
   AND b54=a8
   AND b46=a64
   AND a13=b11
   AND b63=a25
   AND b8=a31
   AND a40=b16
   AND b52=a29
   AND a28=b64
   AND a14=9
   AND b61=a55
   AND b56=a43
   AND b47=a53
   AND a59=b26
   AND a58=b35
   AND b6=a61
   AND a6=b13
   AND a42=b59
   AND b49=a36
   AND b9=a57
   AND a24=b2
   AND a39=b51
   AND b39=a22
   AND a23=b40
   AND b30=a10
   AND b50=a45
   AND a14=b10
   AND b21=a20
   AND b20=a33
   AND a27=b53
   AND a26=b22
   AND a12=b23
   AND b24=a9
   AND a35=b57
   AND a48=b28
   AND b12=a21
   AND a16=b27
   AND a62=b48
   AND b42=a4
   AND b36=a38
   AND b5=a3
   AND b15=a60
   AND a51=b17
   AND b19=a54
   AND a19=b25
   AND b58=a15
   AND b33=a46
   AND a56=b34
   AND a32=b31
   AND a47=b55
   AND b18=a5
----
62 values hashing to 80ff08726de5a2b38d0f19ec95889d42

query TTTTTTTTTTTTTTTTTTTTTTTTTTTTTTTTTTTTTTTTTTTTTTTTTTTTTTTTTTTTTTT valuesort join-63-1
SELECT x34,x58,x27,x33,x46,x56,x9,x8,x43,x45,x35,x25,x36,x60,x40,x17,x14,x48,x21,x42,x50,x61,x38,x59,x39,x7,x10,x54,x41,x52,x47,x19,x4,x15,x44,x26,x32,x51,x29,x13,x18,x37,x55,x22,x3,x64,x1,x11,x53,x23,x31,x63,x6,x57,x5,x12,x49,x2,x30,x28,x20,x24,x62
  FROM t2,t15,t58,t28,t3,t63,t48,t10,t23,t61,t40,t55,t17,t43,t50,t62,t51,t5,t27,t38,t33,t21,t56,t18,t22,t52,t44,t13,t1,t39,t32,t41,t37,t47,t57,t19,t49,t31,t7,t59,t60,t46,t54,t6,t20,t35,t30,t29,t12,t64,t36,t4,t8,t53,t14,t11,t24,t42,t45,t9,t25,t26,t34
 WHERE b9=a5
   AND b15=a4
   AND a55=b27
   AND a35=b62
   AND a18=b20
   AND b13=a40
   AND b60=a8
   AND b30=a7
   AND a57=b38
   AND a37=b12
   AND b35=a9
   AND a38=b4
   AND a42=b23
   AND a26=b32
   AND a24=4
   AND b45=a10
   AND b61=a11
   AND a48=b39
   AND a54=b8
   AND b29=a3
   AND a21=b1
   AND a13=b42
   AND b55=a25
   AND a41=b37
   AND b21=a6
   AND a34=b43
   AND a59=b64
   AND b59=a1
   AND a46=b33
   AND a29=b14
   AND b56=a14
   AND a51=b31
   AND a53=b50
   AND a17=b57
   AND b36=a19
   AND a28=b26
   AND a61=b22
   AND a47=b51
   AND b52=a49
   AND a31=b25
   AND b28=a60
   AND b53=a30
   AND a12=b7
   AND b10=a15
   AND b3=a24
   AND a63=b46
   AND b18=a64
   AND b5=a2
   AND b17=a62
   AND a50=b48
   AND a45=b49
   AND b19=a22
   AND b44=a27
   AND b34=a33
   AND a20=b41
   AND a32=b40
   AND a39=b2
   AND a56=b58
   AND a43=b47
   AND b63=a52
   AND a58=b11
   AND a36=b6
   AND a44=b54
----
63 values hashing to 2b24807057b6c3dd08c7ae53d2189306

query TTTTTTTTTTTTTTTTTTTTTTTTTTTTTTTTTTTTTTTTTTTTTTTTTTTTTTTTTTTTTTT valuesort join-63-1
SELECT x34,x58,x27,x33,x46,x56,x9,x8,x43,x45,x35,x25,x36,x60,x40,x17,x14,x48,x21,x42,x50,x61,x38,x59,x39,x7,x10,x54,x41,x52,x47,x19,x4,x15,x44,x26,x32,x51,x29,x13,x18,x37,x55,x22,x3,x64,x1,x11,x53,x23,x31,x63,x6,x57,x5,x12,x49,x2,x30,x28,x20,x24,x62
  FROM t34,t28,t4,t10,t29,t53,t63,t20,t56,t44,t13,t35,t41,t43,t55,t17,t31,t12,t21,t54,t40,t32,t33,t52,t38,t51,t36,t47,t19,t26,t39,t59,t7,t49,t58,t30,t14,t8,t64,t5,t25,t37,t45,t46,t62,t6,t15,t18,t48,t1,t11,t60,t27,t23,t50,t61,t3,t24,t57,t22,t42,t9,t2
 WHERE a45=b49
   AND b62=a35
   AND b51=a47
   AND a18=b20
   AND b15=a4
   AND a43=b47
   AND b64=a59
   AND b54=a44
   AND b50=a53
   AND a24=4
   AND a15=b10
   AND b2=a39
   AND b21=a6
   AND a8=b60
   AND a22=b19
   AND a41=b37
   AND a11=b61
   AND b58=a56
   AND b46=a63
   AND b33=a46
   AND a14=b56
   AND a27=b44
   AND a58=b11
   AND b35=a9
   AND a26=b32
   AND b39=a48
   AND b8=a54
   AND a12=b7
   AND a10=b45
   AND a2=b5
   AND a64=b18
   AND b38=a57
   AND a42=b23
   AND a20=b41
   AND b29=a3
   AND b34=a33
   AND a37=b12
   AND b40=a32
   AND a38=b4
   AND b17=a62
   AND a49=b52
   AND b26=a28
   AND a24=b3
   AND b27=a55
   AND a25=b55
   AND b14=a29
   AND b53=a30
   AND b13=a40
   AND a51=b31
   AND a61=b22
   AND b1=a21
   AND a34=b43
   AND b6=a36
   AND a17=b57
   AND a1=b59
   AND b30=a7
   AND b9=a5
   AND b36=a19
   AND b42=a13
   AND b63=a52
   AND b25=a31
   AND a50=b48
   AND a60=b28
----
63 values hashing to 2b24807057b6c3dd08c7ae53d2189306

query TTTTTTTTTTTTTTTTTTTTTTTTTTTTTTTTTTTTTTTTTTTTTTTTTTTTTTTTTTTTTTT valuesort join-63-1
SELECT x34,x58,x27,x33,x46,x56,x9,x8,x43,x45,x35,x25,x36,x60,x40,x17,x14,x48,x21,x42,x50,x61,x38,x59,x39,x7,x10,x54,x41,x52,x47,x19,x4,x15,x44,x26,x32,x51,x29,x13,x18,x37,x55,x22,x3,x64,x1,x11,x53,x23,x31,x63,x6,x57,x5,x12,x49,x2,x30,x28,x20,x24,x62
  FROM t58,t8,t18,t45,t39,t61,t31,t46,t26,t63,t43,t52,t37,t13,t12,t5,t6,t62,t21,t49,t9,t35,t1,t23,t60,t15,t24,t38,t19,t29,t34,t56,t50,t53,t32,t44,t2,t51,t25,t57,t48,t7,t42,t41,t17,t14,t55,t22,t4,t40,t28,t11,t20,t59,t10,t64,t3,t54,t36,t27,t33,t47,t30
 WHERE b19=a22
   AND b43=a34
   AND a4=b15
   AND a53=b50
   AND a62=b17
   AND b25=a31
   AND b51=a47
   AND a60=b28
   AND a6=b21
   AND a14=b56
   AND a35=b62
   AND a29=b14
   AND b60=a8
   AND a49=b52
   AND a39=b2
   AND a45=b49
   AND a37=b12
   AND b36=a19
   AND a32=b40
   AND b55=a25
   AND a58=b11
   AND a11=b61
   AND b48=a50
   AND b20=a18
   AND a30=b53
   AND a40=b13
   AND b29=a3
   AND a52=b63
   AND b44=a27
   AND a57=b38
   AND b26=a28
   AND a24=b3
   AND a48=b39
   AND a61=b22
   AND a41=b37
   AND a9=b35
   AND b64=a59
   AND a13=b42
   AND b57=a17
   AND a1=b59
   AND a51=b31
   AND a46=b33
   AND a21=b1
   AND a5=b9
   AND a26=b32
   AND b34=a33
   AND b45=a10
   AND b4=a38
   AND b46=a63
   AND a56=b58
   AND b41=a20
   AND a55=b27
   AND b6=a36
   AND b7=a12
   AND a15=b10
   AND a7=b30
   AND b54=a44
   AND a2=b5
   AND a24=4
   AND a54=b8
   AND b47=a43
   AND a64=b18
   AND a42=b23
----
63 values hashing to 2b24807057b6c3dd08c7ae53d2189306

query TTTTTTTTTTTTTTTTTTTTTTTTTTTTTTTTTTTTTTTTTTTTTTTTTTTTTTTTTTTTTTT valuesort join-63-2
SELECT x41,x10,x14,x56,x42,x57,x6,x4,x13,x8,x54,x33,x16,x17,x47,x23,x52,x25,x36,x28,x1,x9,x53,x64,x11,x34,x39,x7,x51,x30,x5,x46,x38,x2,x48,x50,x27,x49,x15,x31,x26,x62,x44,x37,x55,x59,x22,x40,x12,x3,x35,x63,x21,x61,x43,x60,x24,x29,x20,x58,x19,x32,x45
  FROM t26,t17,t44,t7,t9,t59,t40,t52,t16,t23,t15,t13,t19,t28,t20,t64,t29,t42,t12,t1,t4,t50,t47,t24,t34,t58,t11,t25,t27,t31,t61,t8,t3,t48,t32,t38,t46,t21,t36,t55,t39,t56,t37,t63,t33,t54,t53,t60,t22,t43,t14,t41,t2,t6,t51,t49,t62,t10,t5,t35,t57,t30,t45
 WHERE a56=b55
   AND b44=a49
   AND a30=b34
   AND b12=a13
   AND a53=b7
   AND b39=a61
   AND b41=a32
   AND b64=a27
   AND b25=a24
   AND b36=a50
   AND a34=b52
   AND b22=a37
   AND a59=b5
   AND a25=b11
   AND b60=a16
   AND a26=b3
   AND a48=b2
   AND a46=b63
   AND b27=a44
   AND a38=b10
   AND b43=a57
   AND a3=b61
   AND b45=a43
   AND a33=b8
   AND a29=b35
   AND a64=b1
   AND a51=b33
   AND b51=a21
   AND a63=b58
   AND b24=a2
   AND b23=a35
   AND a10=b9
   AND b13=a1
   AND a58=b40
   AND a55=b14
   AND a15=b49
   AND a28=b20
   AND b42=a5
   AND a11=b37
   AND b38=a31
   AND a41=b17
   AND b56=a17
   AND b29=a62
   AND b28=a8
   AND b62=a19
   AND b47=a45
   AND a52=b19
   AND a22=b54
   AND b46=a54
   AND b16=a4
   AND a12=b30
   AND a42=b31
   AND b59=a39
   AND b21=a47
   AND a60=b26
   AND b48=a6
   AND a23=b53
   AND a32=3
   AND a14=b50
   AND a20=b15
   AND b6=a36
   AND a7=b4
   AND a40=b57
----
63 values hashing to 65d4f7f14b12ce7bde5983f797c9f84a

query TTTTTTTTTTTTTTTTTTTTTTTTTTTTTTTTTTTTTTTTTTTTTTTTTTTTTTTTTTTTTTT valuesort join-63-2
SELECT x41,x10,x14,x56,x42,x57,x6,x4,x13,x8,x54,x33,x16,x17,x47,x23,x52,x25,x36,x28,x1,x9,x53,x64,x11,x34,x39,x7,x51,x30,x5,x46,x38,x2,x48,x50,x27,x49,x15,x31,x26,x62,x44,x37,x55,x59,x22,x40,x12,x3,x35,x63,x21,x61,x43,x60,x24,x29,x20,x58,x19,x32,x45
  FROM t22,t24,t39,t64,t52,t62,t35,t10,t55,t6,t40,t12,t8,t5,t2,t29,t37,t54,t56,t32,t41,t25,t51,t63,t19,t49,t53,t23,t9,t31,t7,t11,t28,t26,t48,t45,t15,t43,t36,t57,t20,t4,t44,t38,t50,t60,t16,t13,t42,t61,t34,t47,t3,t33,t59,t27,t30,t46,t1,t58,t17,t21,t14
 WHERE a22=b54
   AND b14=a55
   AND a15=b49
   AND a11=b37
   AND b42=a5
   AND a56=b55
   AND a12=b30
   AND a42=b31
   AND b2=a48
   AND b43=a57
   AND a26=b3
   AND b33=a51
   AND b5=a59
   AND b17=a41
   AND a50=b36
   AND a64=b1
   AND b34=a30
   AND a32=3
   AND a37=b22
   AND b38=a31
   AND a47=b21
   AND b64=a27
   AND b63=a46
   AND a1=b13
   AND b20=a28
   AND b23=a35
   AND b24=a2
   AND a20=b15
   AND a54=b46
   AND a34=b52
   AND a3=b61
   AND a14=b50
   AND b26=a60
   AND b4=a7
   AND b27=a44
   AND b45=a43
   AND b12=a13
   AND a40=b57
   AND a45=b47
   AND a49=b44
   AND b28=a8
   AND b7=a53
   AND a29=b35
   AND a58=b40
   AND a10=b9
   AND a33=b8
   AND a38=b10
   AND b60=a16
   AND a25=b11
   AND b48=a6
   AND a36=b6
   AND b51=a21
   AND b16=a4
   AND a32=b41
   AND b39=a61
   AND a62=b29
   AND a63=b58
   AND a52=b19
   AND b59=a39
   AND a24=b25
   AND a17=b56
   AND a23=b53
   AND a19=b62
----
63 values hashing to 65d4f7f14b12ce7bde5983f797c9f84a

query TTTTTTTTTTTTTTTTTTTTTTTTTTTTTTTTTTTTTTTTTTTTTTTTTTTTTTTTTTTTTTT valuesort join-63-2
SELECT x41,x10,x14,x56,x42,x57,x6,x4,x13,x8,x54,x33,x16,x17,x47,x23,x52,x25,x36,x28,x1,x9,x53,x64,x11,x34,x39,x7,x51,x30,x5,x46,x38,x2,x48,x50,x27,x49,x15,x31,x26,x62,x44,x37,x55,x59,x22,x40,x12,x3,x35,x63,x21,x61,x43,x60,x24,x29,x20,x58,x19,x32,x45
  FROM t1,t14,t57,t64,t47,t25,t53,t48,t23,t5,t39,t10,t26,t29,t13,t24,t4,t7,t36,t49,t59,t35,t20,t32,t21,t3,t38,t6,t55,t63,t51,t54,t52,t19,t33,t12,t61,t37,t2,t58,t22,t16,t41,t45,t60,t34,t42,t8,t28,t9,t15,t56,t31,t40,t44,t27,t62,t11,t46,t17,t30,t43,t50
 WHERE b22=a37
   AND b3=a26
   AND b10=a38
   AND b48=a6
   AND a62=b29
   AND a55=b14
   AND a25=b11
   AND a32=3
   AND a57=b43
   AND b58=a63
   AND a56=b55
   AND b34=a30
   AND a5=b42
   AND b9=a10
   AND b31=a42
   AND a64=b1
   AND b16=a4
   AND a53=b7
   AND b5=a59
   AND b37=a11
   AND b8=a33
   AND b61=a3
   AND a1=b13
   AND a29=b35
   AND b24=a2
   AND a40=b57
   AND a43=b45
   AND b47=a45
   AND b21=a47
   AND a19=b62
   AND b23=a35
   AND b26=a60
   AND a24=b25
   AND b19=a52
   AND a32=b41
   AND b44=a49
   AND b39=a61
   AND a31=b38
   AND b49=a15
   AND a36=b6
   AND b36=a50
   AND b54=a22
   AND b27=a44
   AND a14=b50
   AND b20=a28
   AND a16=b60
   AND a39=b59
   AND b56=a17
   AND a54=b46
   AND a12=b30
   AND b12=a13
   AND a48=b2
   AND b4=a7
   AND b64=a27
   AND a20=b15
   AND b53=a23
   AND b17=a41
   AND b52=a34
   AND b40=a58
   AND b51=a21
   AND a8=b28
   AND b33=a51
   AND a46=b63
----
63 values hashing to 65d4f7f14b12ce7bde5983f797c9f84a

query TTTTTTTTTTTTTTTTTTTTTTTTTTTTTTTTTTTTTTTTTTTTTTTTTTTTTTTTTTTTTTT valuesort join-63-3
SELECT x18,x31,x59,x4,x12,x46,x64,x60,x61,x40,x37,x5,x20,x26,x52,x41,x50,x53,x34,x45,x14,x9,x39,x51,x17,x57,x62,x36,x58,x56,x2,x10,x44,x13,x1,x35,x23,x25,x29,x54,x55,x3,x28,x32,x6,x16,x21,x33,x48,x22,x27,x47,x19,x42,x8,x11,x49,x38,x63,x30,x24,x43,x7
  FROM t49,t60,t41,t38,t16,t63,t26,t14,t36,t2,t12,t37,t13,t18,t39,t23,t42,t24,t4,t57,t52,t62,t21,t20,t19,t33,t45,t34,t7,t47,t6,t31,t44,t53,t59,t5,t10,t55,t30,t32,t64,t46,t11,t25,t51,t54,t58,t22,t35,t56,t28,t17,t9,t1,t29,t40,t3,t61,t48,t8,t50,t43,t27
 WHERE a52=b3
   AND b14=a2
   AND b31=a57
   AND b64=a37
   AND a24=b11
   AND a7=b26
   AND b18=a33
   AND b39=a31
   AND a34=b48
   AND a3=b61
   AND b34=a55
   AND b56=a53
   AND a30=b24
   AND b27=a21
   AND b57=a51
   AND a8=b42
   AND b49=a41
   AND b7=a43
   AND b16=a48
   AND a58=b19
   AND a17=b13
   AND a63=b12
   AND a51=4
   AND a39=b43
   AND a61=b41
   AND a46=b62
   AND b33=a27
   AND b55=a13
   AND a14=b23
   AND a26=b58
   AND b60=a1
   AND b2=a10
   AND a19=b59
   AND a23=b30
   AND b1=a36
   AND a4=b10
   AND b28=a20
   AND b17=a38
   AND b20=a50
   AND b4=a60
   AND b8=a62
   AND b53=a59
   AND a44=b52
   AND b22=a49
   AND b9=a54
   AND a47=b5
   AND a64=b63
   AND a35=b47
   AND b40=a11
   AND a5=b45
   AND a29=b38
   AND b50=a18
   AND b44=a9
   AND a45=b32
   AND a56=b6
   AND b29=a22
   AND a25=b21
   AND b25=a16
   AND b36=a32
   AND a42=b54
   AND a40=b46
   AND b37=a6
   AND b35=a12
----
63 values hashing to 20aa4a43cf3acc7caa2b62d4af4ddc50

query TTTTTTTTTTTTTTTTTTTTTTTTTTTTTTTTTTTTTTTTTTTTTTTTTTTTTTTTTTTTTTT valuesort join-63-3
SELECT x18,x31,x59,x4,x12,x46,x64,x60,x61,x40,x37,x5,x20,x26,x52,x41,x50,x53,x34,x45,x14,x9,x39,x51,x17,x57,x62,x36,x58,x56,x2,x10,x44,x13,x1,x35,x23,x25,x29,x54,x55,x3,x28,x32,x6,x16,x21,x33,x48,x22,x27,x47,x19,x42,x8,x11,x49,x38,x63,x30,x24,x43,x7
  FROM t10,t6,t41,t48,t64,t30,t29,t49,t18,t46,t38,t14,t36,t13,t54,t26,t42,t28,t20,t31,t3,t33,t55,t24,t63,t40,t61,t60,t45,t62,t23,t59,t51,t35,t7,t2,t39,t8,t27,t44,t34,t22,t37,t16,t21,t32,t17,t4,t12,t56,t52,t1,t9,t47,t11,t5,t43,t50,t53,t57,t19,t25,t58
 WHERE a62=b8
   AND b26=a7
   AND a46=b62
   AND b54=a42
   AND b45=a5
   AND a36=b1
   AND a21=b27
   AND a41=b49
   AND a58=b19
   AND a60=b4
   AND a50=b20
   AND b50=a18
   AND a23=b30
   AND b52=a44
   AND a25=b21
   AND a24=b11
   AND a49=b22
   AND a40=b46
   AND a1=b60
   AND a39=b43
   AND b47=a35
   AND a37=b64
   AND b12=a63
   AND b14=a2
   AND a6=b37
   AND a53=b56
   AND b53=a59
   AND a14=b23
   AND b28=a20
   AND b29=a22
   AND b38=a29
   AND a45=b32
   AND b40=a11
   AND b35=a12
   AND b41=a61
   AND b7=a43
   AND b9=a54
   AND b3=a52
   AND b61=a3
   AND a55=b34
   AND a26=b58
   AND b6=a56
   AND a10=b2
   AND b44=a9
   AND b63=a64
   AND b33=a27
   AND b24=a30
   AND b16=a48
   AND a57=b31
   AND a8=b42
   AND b5=a47
   AND b36=a32
   AND a33=b18
   AND a51=4
   AND a13=b55
   AND b57=a51
   AND b13=a17
   AND b25=a16
   AND a19=b59
   AND b10=a4
   AND b48=a34
   AND b39=a31
   AND b17=a38
----
63 values hashing to 20aa4a43cf3acc7caa2b62d4af4ddc50

query TTTTTTTTTTTTTTTTTTTTTTTTTTTTTTTTTTTTTTTTTTTTTTTTTTTTTTTTTTTTTTT valuesort join-63-3
SELECT x18,x31,x59,x4,x12,x46,x64,x60,x61,x40,x37,x5,x20,x26,x52,x41,x50,x53,x34,x45,x14,x9,x39,x51,x17,x57,x62,x36,x58,x56,x2,x10,x44,x13,x1,x35,x23,x25,x29,x54,x55,x3,x28,x32,x6,x16,x21,x33,x48,x22,x27,x47,x19,x42,x8,x11,x49,x38,x63,x30,x24,x43,x7
  FROM t27,t20,t28,t50,t12,t18,t2,t33,t59,t24,t54,t52,t22,t49,t46,t62,t56,t11,t6,t9,t8,t23,t53,t44,t42,t63,t30,t31,t47,t60,t26,t61,t57,t21,t48,t14,t4,t3,t34,t13,t36,t19,t7,t32,t17,t55,t16,t29,t35,t43,t39,t51,t5,t10,t38,t25,t41,t1,t45,t37,t40,t58,t64
 WHERE b19=a58
   AND a60=b4
   AND b24=a30
   AND a10=b2
   AND a8=b42
   AND b29=a22
   AND a63=b12
   AND a34=b48
   AND b34=a55
   AND a61=b41
   AND a1=b60
   AND a17=b13
   AND a52=b3
   AND a5=b45
   AND b31=a57
   AND b54=a42
   AND a13=b55
   AND a45=b32
   AND b17=a38
   AND a31=b39
   AND a29=b38
   AND a51=4
   AND b56=a53
   AND b44=a9
   AND a2=b14
   AND a4=b10
   AND a23=b30
   AND a25=b21
   AND a7=b26
   AND a49=b22
   AND a16=b25
   AND a56=b6
   AND a3=b61
   AND a12=b35
   AND a59=b53
   AND a14=b23
   AND a21=b27
   AND b33=a27
   AND a41=b49
   AND b1=a36
   AND b46=a40
   AND b5=a47
   AND a54=b9
   AND b59=a19
   AND a11=b40
   AND b36=a32
   AND b20=a50
   AND a48=b16
   AND b47=a35
   AND a44=b52
   AND a20=b28
   AND b57=a51
   AND b18=a33
   AND a6=b37
   AND b62=a46
   AND a24=b11
   AND a64=b63
   AND a26=b58
   AND b50=a18
   AND a43=b7
   AND b8=a62
   AND b43=a39
   AND a37=b64
----
63 values hashing to 20aa4a43cf3acc7caa2b62d4af4ddc50

query TTTTTTTTTTTTTTTTTTTTTTTTTTTTTTTTTTTTTTTTTTTTTTTTTTTTTTTTTTTTTTT valuesort join-63-4
SELECT x6,x18,x7,x12,x29,x51,x28,x55,x14,x19,x2,x60,x38,x52,x30,x25,x46,x32,x61,x53,x49,x8,x64,x9,x37,x39,x11,x42,x48,x47,x44,x36,x43,x24,x20,x45,x35,x23,x34,x1,x22,x40,x59,x13,x41,x54,x5,x21,x50,x4,x26,x10,x16,x15,x62,x27,x3,x63,x17,x56,x33,x58,x31
  FROM t27,t38,t12,t26,t30,t20,t8,t16,t11,t50,t33,t41,t25,t9,t36,t10,t51,t31,t58,t23,t37,t29,t43,t55,t47,t1,t18,t63,t24,t46,t35,t52,t22,t3,t60,t13,t48,t49,t42,t17,t15,t28,t59,t45,t53,t34,t2,t6,t64,t21,t14,t61,t56,t40,t62,t44,t54,t39,t5,t19,t7,t32,t4
 WHERE a52=b29
   AND a20=b45
   AND b55=a40
   AND a62=b13
   AND a51=b30
   AND b7=a60
   AND a13=b20
   AND b41=a9
   AND a18=b53
   AND b11=a30
   AND b33=a2
   AND a11=b2
   AND b1=a27
   AND b4=a15
   AND b27=a45
   AND b52=a23
   AND b10=a26
   AND b3=a64
   AND b56=a46
   AND a3=b50
   AND b32=a31
   AND a53=b26
   AND a39=b17
   AND a43=10
   AND b51=a54
   AND a35=b8
   AND b40=a16
   AND b21=a19
   AND a55=b61
   AND b19=a10
   AND b24=a6
   AND a5=b28
   AND b5=a59
   AND b63=a25
   AND a44=b36
   AND a24=b18
   AND a32=b12
   AND b15=a48
   AND a38=b31
   AND b6=a28
   AND a21=b9
   AND a61=b58
   AND a34=b39
   AND a47=b44
   AND b25=a14
   AND b16=a12
   AND b64=a63
   AND b35=a50
   AND b38=a56
   AND b37=a33
   AND a1=b54
   AND b46=a43
   AND a49=b48
   AND a22=b34
   AND b42=a17
   AND a42=b59
   AND b23=a58
   AND b49=a41
   AND a36=b14
   AND a4=b60
   AND b47=a37
   AND a7=b62
   AND b22=a29
----
63 values hashing to 0f1eadec7c2ab670242b4132dc23c91c

query TTTTTTTTTTTTTTTTTTTTTTTTTTTTTTTTTTTTTTTTTTTTTTTTTTTTTTTTTTTTTTT valuesort join-63-4
SELECT x6,x18,x7,x12,x29,x51,x28,x55,x14,x19,x2,x60,x38,x52,x30,x25,x46,x32,x61,x53,x49,x8,x64,x9,x37,x39,x11,x42,x48,x47,x44,x36,x43,x24,x20,x45,x35,x23,x34,x1,x22,x40,x59,x13,x41,x54,x5,x21,x50,x4,x26,x10,x16,x15,x62,x27,x3,x63,x17,x56,x33,x58,x31
  FROM t31,t58,t16,t25,t41,t19,t52,t18,t23,t12,t11,t22,t53,t21,t10,t59,t28,t47,t56,t38,t62,t63,t29,t60,t45,t54,t64,t27,t32,t5,t2,t4,t14,t49,t37,t1,t33,t36,t43,t24,t55,t17,t34,t7,t42,t46,t61,t50,t15,t20,t13,t3,t6,t9,t39,t51,t35,t26,t44,t30,t48,t40,t8
 WHERE a34=b39
   AND a33=b37
   AND a55=b61
   AND b1=a27
   AND a19=b21
   AND b16=a12
   AND b52=a23
   AND a3=b50
   AND b9=a21
   AND a40=b55
   AND a32=b12
   AND a4=b60
   AND b51=a54
   AND a59=b5
   AND a25=b63
   AND a7=b62
   AND a9=b41
   AND b53=a18
   AND b36=a44
   AND a22=b34
   AND b58=a61
   AND a48=b15
   AND a37=b47
   AND a1=b54
   AND a62=b13
   AND b29=a52
   AND a42=b59
   AND b6=a28
   AND b3=a64
   AND b27=a45
   AND b30=a51
   AND b48=a49
   AND b32=a31
   AND b38=a56
   AND b23=a58
   AND b2=a11
   AND a6=b24
   AND a43=b46
   AND b44=a47
   AND a5=b28
   AND a26=b10
   AND b8=a35
   AND b18=a24
   AND b40=a16
   AND a36=b14
   AND b49=a41
   AND b42=a17
   AND b35=a50
   AND a38=b31
   AND b4=a15
   AND b19=a10
   AND b20=a13
   AND a63=b64
   AND a46=b56
   AND b33=a2
   AND a60=b7
   AND b25=a14
   AND a29=b22
   AND b45=a20
   AND a43=10
   AND a30=b11
   AND b26=a53
   AND a39=b17
----
63 values hashing to 0f1eadec7c2ab670242b4132dc23c91c

query TTTTTTTTTTTTTTTTTTTTTTTTTTTTTTTTTTTTTTTTTTTTTTTTTTTTTTTTTTTTTTT valuesort join-63-4
SELECT x6,x18,x7,x12,x29,x51,x28,x55,x14,x19,x2,x60,x38,x52,x30,x25,x46,x32,x61,x53,x49,x8,x64,x9,x37,x39,x11,x42,x48,x47,x44,x36,x43,x24,x20,x45,x35,x23,x34,x1,x22,x40,x59,x13,x41,x54,x5,x21,x50,x4,x26,x10,x16,x15,x62,x27,x3,x63,x17,x56,x33,x58,x31
  FROM t9,t14,t19,t11,t47,t12,t54,t16,t63,t55,t36,t44,t3,t64,t32,t40,t49,t37,t29,t52,t45,t23,t7,t38,t25,t26,t2,t18,t34,t10,t39,t28,t43,t48,t24,t42,t59,t58,t31,t21,t46,t62,t33,t56,t53,t60,t35,t1,t27,t5,t6,t30,t8,t17,t51,t13,t20,t22,t41,t61,t50,t15,t4
 WHERE a7=b62
   AND b18=a24
   AND b13=a62
   AND b24=a6
   AND b21=a19
   AND b29=a52
   AND a55=b61
   AND b64=a63
   AND a60=b7
   AND a29=b22
   AND a4=b60
   AND b16=a12
   AND b55=a40
   AND b20=a13
   AND a27=b1
   AND b38=a56
   AND b26=a53
   AND a47=b44
   AND a43=b46
   AND b9=a21
   AND b4=a15
   AND a42=b59
   AND a26=b10
   AND a38=b31
   AND b45=a20
   AND a54=b51
   AND a17=b42
   AND b5=a59
   AND a25=b63
   AND b40=a16
   AND b53=a18
   AND b12=a32
   AND a46=b56
   AND b32=a31
   AND b2=a11
   AND a64=b3
   AND a41=b49
   AND a10=b19
   AND a36=b14
   AND a58=b23
   AND b41=a9
   AND a5=b28
   AND b58=a61
   AND a33=b37
   AND b47=a37
   AND a3=b50
   AND b52=a23
   AND a43=10
   AND b36=a44
   AND b17=a39
   AND b11=a30
   AND b27=a45
   AND a35=b8
   AND a28=b6
   AND a51=b30
   AND b34=a22
   AND b25=a14
   AND b33=a2
   AND a49=b48
   AND b35=a50
   AND b15=a48
   AND b39=a34
   AND b54=a1
----
63 values hashing to 0f1eadec7c2ab670242b4132dc23c91c

query TTTTTTTTTTTTTTTTTTTTTTTTTTTTTTTTTTTTTTTTTTTTTTTTTTTTTTTTTTTTTTTT valuesort join-64-1
SELECT x35,x24,x17,x38,x55,x61,x36,x6,x2,x31,x23,x47,x37,x22,x33,x14,x64,x39,x20,x4,x29,x41,x21,x27,x44,x19,x12,x54,x57,x40,x8,x13,x3,x42,x62,x25,x28,x18,x58,x45,x30,x1,x46,x56,x7,x9,x26,x53,x43,x51,x63,x49,x5,x48,x34,x16,x50,x11,x15,x52,x60,x59,x32,x10
  FROM t4,t38,t47,t23,t40,t59,t29,t46,t12,t13,t2,t49,t14,t54,t33,t16,t24,t60,t64,t10,t56,t51,t17,t42,t55,t45,t58,t30,t63,t31,t18,t15,t27,t57,t62,t20,t3,t37,t5,t35,t28,t61,t21,t9,t26,t41,t44,t8,t19,t1,t53,t34,t50,t43,t48,t39,t36,t6,t7,t11,t25,t52,t32,t22
 WHERE a24=b11
   AND a39=b25
   AND a13=b46
   AND b61=a23
   AND b3=a60
   AND b15=a4
   AND b51=a58
   AND b50=a59
   AND b16=a26
   AND a49=b55
   AND a51=b54
   AND a64=b27
   AND a50=b44
   AND b45=a10
   AND b39=a8
   AND b47=a57
   AND b36=a1
   AND b35=a33
   AND a43=b26
   AND a36=b28
   AND b18=a32
   AND a7=b10
   AND b1=a29
   AND b17=a3
   AND b29=a6
   AND b37=a55
   AND a31=b52
   AND a46=b31
   AND a25=b42
   AND a62=b4
   AND b7=a47
   AND b19=a5
   AND a41=b40
   AND a54=b21
   AND b59=a18
   AND b49=a11
   AND a37=b13
   AND b57=a2
   AND a14=b34
   AND a40=b5
   AND b14=a30
   AND b58=a48
   AND b32=a27
   AND b22=a63
   AND b33=a20
   AND a28=b62
   AND a17=b20
   AND b30=a19
   AND b63=a16
   AND b48=a35
   AND b12=a52
   AND a34=b6
   AND b24=a9
   AND b43=a38
   AND b2=a44
   AND a12=b23
   AND a21=b53
   AND a61=b64
   AND b9=a15
   AND b56=a53
   AND a45=b60
   AND a8=9
   AND a42=b41
   AND a56=b38
----
64 values hashing to ca55dabf7277a3c7f552e6499daeb6d0

query TTTTTTTTTTTTTTTTTTTTTTTTTTTTTTTTTTTTTTTTTTTTTTTTTTTTTTTTTTTTTTTT valuesort join-64-1
SELECT x35,x24,x17,x38,x55,x61,x36,x6,x2,x31,x23,x47,x37,x22,x33,x14,x64,x39,x20,x4,x29,x41,x21,x27,x44,x19,x12,x54,x57,x40,x8,x13,x3,x42,x62,x25,x28,x18,x58,x45,x30,x1,x46,x56,x7,x9,x26,x53,x43,x51,x63,x49,x5,x48,x34,x16,x50,x11,x15,x52,x60,x59,x32,x10
  FROM t14,t6,t31,t42,t9,t61,t16,t56,t15,t24,t4,t52,t38,t11,t30,t50,t36,t28,t19,t2,t5,t60,t34,t26,t46,t54,t7,t10,t51,t3,t45,t53,t57,t35,t20,t64,t58,t27,t18,t48,t55,t21,t25,t13,t59,t63,t8,t23,t29,t47,t41,t37,t44,t32,t22,t62,t12,t17,t1,t43,t33,t40,t39,t49
 WHERE a20=b33
   AND a14=b34
   AND a33=b35
   AND b19=a5
   AND a9=b24
   AND b7=a47
   AND b21=a54
   AND a51=b54
   AND b5=a40
   AND a55=b37
   AND a45=b60
   AND a62=b4
   AND a41=b40
   AND b17=a3
   AND a17=b20
   AND b41=a42
   AND a10=b45
   AND a12=b23
   AND a16=b63
   AND a56=b38
   AND b49=a11
   AND a6=b29
   AND a24=b11
   AND b46=a13
   AND a43=b26
   AND b31=a46
   AND a4=b15
   AND b57=a2
   AND a37=b13
   AND b48=a35
   AND b43=a38
   AND b64=a61
   AND a8=b39
   AND b18=a32
   AND a21=b53
   AND b14=a30
   AND b25=a39
   AND a58=b51
   AND b32=a27
   AND a60=b3
   AND b56=a53
   AND b1=a29
   AND a49=b55
   AND b58=a48
   AND a31=b52
   AND b2=a44
   AND a7=b10
   AND a1=b36
   AND b12=a52
   AND a15=b9
   AND a26=b16
   AND a8=9
   AND a19=b30
   AND b62=a28
   AND b44=a50
   AND a36=b28
   AND a34=b6
   AND a57=b47
   AND a64=b27
   AND b59=a18
   AND b61=a23
   AND b50=a59
   AND a63=b22
   AND a25=b42
----
64 values hashing to ca55dabf7277a3c7f552e6499daeb6d0

query TTTTTTTTTTTTTTTTTTTTTTTTTTTTTTTTTTTTTTTTTTTTTTTTTTTTTTTTTTTTTTTT valuesort join-64-1
SELECT x35,x24,x17,x38,x55,x61,x36,x6,x2,x31,x23,x47,x37,x22,x33,x14,x64,x39,x20,x4,x29,x41,x21,x27,x44,x19,x12,x54,x57,x40,x8,x13,x3,x42,x62,x25,x28,x18,x58,x45,x30,x1,x46,x56,x7,x9,x26,x53,x43,x51,x63,x49,x5,x48,x34,x16,x50,x11,x15,x52,x60,x59,x32,x10
  FROM t12,t45,t20,t9,t27,t52,t62,t55,t64,t33,t41,t13,t11,t50,t6,t1,t3,t58,t21,t54,t8,t29,t49,t7,t18,t42,t48,t57,t59,t34,t36,t19,t24,t15,t44,t17,t38,t35,t60,t26,t2,t46,t31,t16,t14,t37,t32,t40,t61,t23,t28,t22,t47,t56,t5,t43,t39,t51,t53,t30,t4,t25,t10,t63
 WHERE b49=a11
   AND a7=b10
   AND a49=b55
   AND b7=a47
   AND a38=b43
   AND b25=a39
   AND a25=b42
   AND b50=a59
   AND a35=b48
   AND b59=a18
   AND a17=b20
   AND a41=b40
   AND a4=b15
   AND b33=a20
   AND a21=b53
   AND b2=a44
   AND a48=b58
   AND a14=b34
   AND a13=b46
   AND b62=a28
   AND b5=a40
   AND b57=a2
   AND a57=b47
   AND a33=b35
   AND b36=a1
   AND b44=a50
   AND b41=a42
   AND a8=9
   AND a36=b28
   AND a12=b23
   AND b29=a6
   AND b37=a55
   AND a15=b9
   AND b3=a60
   AND a51=b54
   AND b32=a27
   AND b22=a63
   AND a32=b18
   AND b61=a23
   AND a5=b19
   AND b56=a53
   AND b24=a9
   AND a56=b38
   AND b30=a19
   AND b63=a16
   AND a54=b21
   AND a62=b4
   AND b16=a26
   AND a3=b17
   AND b51=a58
   AND b26=a43
   AND b39=a8
   AND b13=a37
   AND b60=a45
   AND a29=b1
   AND a31=b52
   AND a64=b27
   AND a24=b11
   AND b31=a46
   AND a30=b14
   AND b6=a34
   AND a61=b64
   AND a10=b45
   AND b12=a52
----
64 values hashing to ca55dabf7277a3c7f552e6499daeb6d0

query TTTTTTTTTTTTTTTTTTTTTTTTTTTTTTTTTTTTTTTTTTTTTTTTTTTTTTTTTTTTTTTT valuesort join-64-2
SELECT x50,x18,x55,x32,x30,x12,x7,x45,x53,x2,x10,x48,x14,x1,x21,x23,x25,x43,x49,x9,x56,x54,x17,x3,x29,x63,x37,x28,x11,x16,x46,x60,x24,x31,x13,x20,x26,x8,x40,x6,x22,x62,x42,x52,x36,x27,x33,x47,x34,x57,x58,x59,x41,x61,x19,x39,x64,x51,x5,x38,x15,x44,x35,x4
  FROM t21,t33,t23,t45,t42,t43,t32,t30,t22,t48,t31,t54,t20,t25,t46,t44,t41,t8,t14,t59,t18,t26,t4,t56,t34,t38,t3,t47,t51,t11,t49,t1,t36,t63,t12,t24,t57,t60,t55,t52,t7,t15,t13,t37,t5,t2,t6,t10,t27,t64,t16,t61,t40,t50,t28,t53,t17,t19,t35,t58,t9,t39,t62,t29
 WHERE a22=b41
   AND a7=b14
   AND b25=a61
   AND a32=b49
   AND a30=b26
   AND a12=b10
   AND b19=a31
   AND b42=a37
   AND a9=b15
   AND b18=a42
   AND a13=b24
   AND a38=b12
   AND a1=b34
   AND b13=a62
   AND a5=b43
   AND a3=2
   AND a33=b50
   AND a56=b61
   AND b7=a57
   AND a55=b33
   AND a6=b17
   AND a10=b35
   AND a14=b37
   AND a46=b9
   AND a23=b62
   AND a26=b63
   AND a45=b58
   AND b6=a27
   AND b32=a29
   AND b38=a54
   AND b31=a48
   AND b55=a16
   AND b28=a60
   AND b2=a34
   AND b27=a64
   AND a2=b46
   AND a58=b47
   AND a51=b48
   AND b52=a3
   AND b36=a50
   AND a17=b40
   AND b23=a36
   AND a59=b21
   AND b4=a21
   AND b39=a18
   AND a24=b11
   AND b5=a28
   AND a47=b1
   AND b44=a35
   AND a39=b29
   AND b16=a44
   AND b54=a63
   AND b22=a52
   AND b20=a43
   AND a11=b8
   AND b53=a25
   AND a20=b56
   AND a40=b30
   AND a53=b51
   AND b59=a15
   AND b60=a4
   AND b45=a8
   AND a41=b57
   AND b64=a49
----
64 values hashing to 7b367a40ba06d39f9db7d8ce0429412d

query TTTTTTTTTTTTTTTTTTTTTTTTTTTTTTTTTTTTTTTTTTTTTTTTTTTTTTTTTTTTTTTT valuesort join-64-2
SELECT x50,x18,x55,x32,x30,x12,x7,x45,x53,x2,x10,x48,x14,x1,x21,x23,x25,x43,x49,x9,x56,x54,x17,x3,x29,x63,x37,x28,x11,x16,x46,x60,x24,x31,x13,x20,x26,x8,x40,x6,x22,x62,x42,x52,x36,x27,x33,x47,x34,x57,x58,x59,x41,x61,x19,x39,x64,x51,x5,x38,x15,x44,x35,x4
  FROM t2,t5,t37,t36,t7,t57,t63,t16,t43,t19,t39,t14,t30,t51,t56,t46,t25,t20,t42,t48,t44,t41,t23,t21,t59,t24,t9,t28,t61,t10,t1,t3,t15,t54,t45,t8,t6,t26,t62,t4,t47,t38,t12,t18,t52,t64,t29,t31,t55,t11,t50,t34,t49,t32,t27,t22,t13,t53,t40,t35,t58,t60,t33,t17
 WHERE a9=b15
   AND a3=b52
   AND a60=b28
   AND b1=a47
   AND b45=a8
   AND a36=b23
   AND b60=a4
   AND a39=b29
   AND a32=b49
   AND b38=a54
   AND a48=b31
   AND a3=2
   AND a21=b4
   AND a20=b56
   AND a6=b17
   AND a53=b51
   AND b48=a51
   AND b44=a35
   AND a59=b21
   AND a42=b18
   AND b47=a58
   AND a26=b63
   AND a44=b16
   AND a61=b25
   AND a2=b46
   AND b20=a43
   AND a24=b11
   AND b59=a15
   AND a31=b19
   AND a16=b55
   AND a22=b41
   AND a23=b62
   AND b53=a25
   AND a11=b8
   AND a45=b58
   AND b35=a10
   AND b57=a41
   AND b37=a14
   AND a37=b42
   AND a56=b61
   AND a38=b12
   AND b43=a5
   AND a64=b27
   AND b24=a13
   AND b7=a57
   AND a52=b22
   AND b9=a46
   AND a63=b54
   AND a18=b39
   AND b6=a27
   AND b50=a33
   AND b14=a7
   AND a55=b33
   AND a29=b32
   AND b34=a1
   AND b40=a17
   AND a34=b2
   AND a28=b5
   AND a30=b26
   AND b64=a49
   AND a12=b10
   AND b13=a62
   AND a50=b36
   AND b30=a40
----
64 values hashing to 7b367a40ba06d39f9db7d8ce0429412d

query TTTTTTTTTTTTTTTTTTTTTTTTTTTTTTTTTTTTTTTTTTTTTTTTTTTTTTTTTTTTTTTT valuesort join-64-2
SELECT x50,x18,x55,x32,x30,x12,x7,x45,x53,x2,x10,x48,x14,x1,x21,x23,x25,x43,x49,x9,x56,x54,x17,x3,x29,x63,x37,x28,x11,x16,x46,x60,x24,x31,x13,x20,x26,x8,x40,x6,x22,x62,x42,x52,x36,x27,x33,x47,x34,x57,x58,x59,x41,x61,x19,x39,x64,x51,x5,x38,x15,x44,x35,x4
  FROM t4,t28,t39,t59,t27,t34,t29,t36,t7,t17,t14,t35,t31,t6,t10,t12,t60,t19,t5,t22,t38,t16,t47,t37,t21,t2,t48,t42,t3,t53,t62,t50,t61,t56,t8,t57,t30,t26,t63,t13,t49,t24,t41,t9,t58,t45,t23,t33,t18,t40,t51,t52,t64,t54,t55,t25,t32,t43,t20,t46,t44,t11,t1,t15
 WHERE b39=a18
   AND b1=a47
   AND a3=b52
   AND a58=b47
   AND a54=b38
   AND b18=a42
   AND a49=b64
   AND a57=b7
   AND b5=a28
   AND a30=b26
   AND a38=b12
   AND a61=b25
   AND a64=b27
   AND a50=b36
   AND b50=a33
   AND a16=b55
   AND a22=b41
   AND a48=b31
   AND b56=a20
   AND a3=2
   AND b53=a25
   AND b59=a15
   AND a46=b9
   AND b10=a12
   AND b32=a29
   AND a24=b11
   AND a41=b57
   AND a36=b23
   AND b6=a27
   AND b30=a40
   AND b20=a43
   AND b60=a4
   AND a14=b37
   AND a26=b63
   AND a35=b44
   AND a51=b48
   AND b24=a13
   AND b21=a59
   AND b58=a45
   AND a31=b19
   AND b62=a23
   AND b2=a34
   AND a44=b16
   AND a63=b54
   AND b61=a56
   AND b17=a6
   AND b40=a17
   AND a1=b34
   AND a9=b15
   AND b51=a53
   AND b28=a60
   AND a8=b45
   AND b29=a39
   AND a37=b42
   AND b33=a55
   AND b43=a5
   AND a11=b8
   AND a21=b4
   AND b22=a52
   AND a32=b49
   AND a10=b35
   AND b46=a2
   AND a7=b14
   AND b13=a62
----
64 values hashing to 7b367a40ba06d39f9db7d8ce0429412d

query TTTTTTTTTTTTTTTTTTTTTTTTTTTTTTTTTTTTTTTTTTTTTTTTTTTTTTTTTTTTTTTT valuesort join-64-3
SELECT x11,x8,x54,x38,x12,x24,x42,x29,x3,x2,x43,x62,x22,x26,x20,x47,x16,x10,x35,x51,x9,x55,x48,x41,x13,x23,x14,x46,x15,x53,x18,x39,x31,x61,x25,x34,x59,x57,x17,x52,x37,x27,x45,x28,x58,x4,x33,x1,x50,x7,x21,x49,x6,x5,x64,x60,x56,x44,x19,x63,x36,x32,x30,x40
  FROM t27,t29,t9,t59,t18,t50,t14,t40,t49,t33,t51,t48,t30,t26,t38,t47,t44,t32,t6,t42,t28,t35,t25,t17,t56,t15,t5,t23,t31,t16,t60,t7,t11,t64,t21,t4,t22,t12,t58,t19,t2,t20,t24,t46,t36,t10,t34,t61,t43,t57,t37,t54,t63,t1,t45,t55,t53,t3,t62,t52,t8,t13,t41,t39
 WHERE a41=b18
   AND b44=a45
   AND a29=b60
   AND b6=a64
   AND b32=a30
   AND b30=a56
   AND b2=a40
   AND a61=b37
   AND a43=b54
   AND b62=a50
   AND a17=b46
   AND b47=a39
   AND b63=a54
   AND a6=b22
   AND a23=b8
   AND b42=a38
   AND b23=a46
   AND a18=b24
   AND b41=a13
   AND b55=a7
   AND b34=a42
   AND b25=a58
   AND a44=b9
   AND b39=a22
   AND a35=b59
   AND a63=b35
   AND b12=a48
   AND b38=a14
   AND a26=b7
   AND a47=b16
   AND a31=b10
   AND b31=a16
   AND a15=b64
   AND b20=a27
   AND b51=a20
   AND a48=8
   AND b28=a55
   AND b36=a52
   AND a34=b17
   AND a57=b5
   AND a32=b53
   AND b4=a60
   AND b26=a33
   AND a24=b33
   AND a3=b15
   AND a36=b3
   AND a5=b27
   AND a9=b21
   AND a8=b19
   AND a1=b58
   AND a28=b11
   AND b50=a37
   AND b56=a12
   AND b49=a2
   AND a21=b57
   AND b43=a10
   AND a51=b13
   AND b61=a11
   AND a59=b45
   AND b14=a49
   AND a25=b52
   AND a62=b29
   AND a53=b1
   AND b40=a4
----
64 values hashing to b1effff82647ce4f159865a56c7a4f70

query TTTTTTTTTTTTTTTTTTTTTTTTTTTTTTTTTTTTTTTTTTTTTTTTTTTTTTTTTTTTTTTT valuesort join-64-3
SELECT x11,x8,x54,x38,x12,x24,x42,x29,x3,x2,x43,x62,x22,x26,x20,x47,x16,x10,x35,x51,x9,x55,x48,x41,x13,x23,x14,x46,x15,x53,x18,x39,x31,x61,x25,x34,x59,x57,x17,x52,x37,x27,x45,x28,x58,x4,x33,x1,x50,x7,x21,x49,x6,x5,x64,x60,x56,x44,x19,x63,x36,x32,x30,x40
  FROM t21,t43,t57,t61,t12,t63,t22,t51,t60,t59,t41,t15,t52,t8,t53,t33,t3,t64,t14,t42,t54,t47,t26,t37,t4,t56,t55,t10,t16,t28,t46,t30,t49,t18,t27,t11,t19,t40,t58,t62,t36,t7,t29,t17,t6,t32,t31,t23,t9,t39,t1,t38,t5,t35,t24,t45,t50,t44,t25,t20,t2,t13,t48,t34
 WHERE a37=b50
   AND b11=a28
   AND a60=b4
   AND a30=b32
   AND b53=a32
   AND a36=b3
   AND b30=a56
   AND a33=b26
   AND b18=a41
   AND b42=a38
   AND b10=a31
   AND a49=b14
   AND b44=a45
   AND a25=b52
   AND b45=a59
   AND a21=b57
   AND a54=b63
   AND a35=b59
   AND b51=a20
   AND a64=b6
   AND b28=a55
   AND b58=a1
   AND b35=a63
   AND b23=a46
   AND b21=a9
   AND a34=b17
   AND a11=b61
   AND a39=b47
   AND b37=a61
   AND b9=a44
   AND b41=a13
   AND b29=a62
   AND a16=b31
   AND b22=a6
   AND b13=a51
   AND a50=b62
   AND b1=a53
   AND b27=a5
   AND a17=b46
   AND a48=8
   AND b8=a23
   AND a15=b64
   AND b12=a48
   AND b56=a12
   AND a52=b36
   AND a14=b38
   AND b39=a22
   AND a42=b34
   AND b24=a18
   AND b16=a47
   AND a57=b5
   AND a10=b43
   AND b15=a3
   AND b49=a2
   AND b19=a8
   AND a40=b2
   AND b25=a58
   AND a4=b40
   AND b60=a29
   AND a7=b55
   AND a43=b54
   AND a26=b7
   AND a27=b20
   AND b33=a24
----
64 values hashing to b1effff82647ce4f159865a56c7a4f70

query TTTTTTTTTTTTTTTTTTTTTTTTTTTTTTTTTTTTTTTTTTTTTTTTTTTTTTTTTTTTTTTT valuesort join-64-3
SELECT x11,x8,x54,x38,x12,x24,x42,x29,x3,x2,x43,x62,x22,x26,x20,x47,x16,x10,x35,x51,x9,x55,x48,x41,x13,x23,x14,x46,x15,x53,x18,x39,x31,x61,x25,x34,x59,x57,x17,x52,x37,x27,x45,x28,x58,x4,x33,x1,x50,x7,x21,x49,x6,x5,x64,x60,x56,x44,x19,x63,x36,x32,x30,x40
  FROM t57,t16,t23,t28,t58,t18,t20,t63,t44,t36,t6,t50,t25,t10,t31,t51,t32,t5,t1,t54,t9,t42,t14,t37,t13,t52,t29,t33,t56,t34,t59,t41,t55,t60,t19,t17,t62,t15,t22,t43,t11,t39,t24,t12,t30,t4,t53,t61,t8,t27,t47,t46,t49,t48,t40,t64,t38,t3,t21,t45,t7,t35,t2,t26
 WHERE b17=a34
   AND a25=b52
   AND a8=b19
   AND a17=b46
   AND b39=a22
   AND a63=b35
   AND a43=b54
   AND a44=b9
   AND b18=a41
   AND b4=a60
   AND b63=a54
   AND a16=b31
   AND b51=a20
   AND a61=b37
   AND a29=b60
   AND b12=a48
   AND a33=b26
   AND b13=a51
   AND b25=a58
   AND a28=b11
   AND b1=a53
   AND b33=a24
   AND b24=a18
   AND b43=a10
   AND b14=a49
   AND a2=b49
   AND b28=a55
   AND b53=a32
   AND a11=b61
   AND b62=a50
   AND a48=8
   AND b10=a31
   AND a39=b47
   AND b30=a56
   AND b20=a27
   AND a14=b38
   AND a6=b22
   AND b59=a35
   AND b55=a7
   AND a47=b16
   AND b6=a64
   AND a3=b15
   AND b7=a26
   AND b42=a38
   AND b45=a59
   AND a4=b40
   AND b2=a40
   AND b36=a52
   AND a1=b58
   AND a30=b32
   AND b56=a12
   AND b21=a9
   AND a37=b50
   AND a45=b44
   AND b8=a23
   AND a15=b64
   AND b5=a57
   AND b27=a5
   AND b23=a46
   AND b34=a42
   AND b41=a13
   AND b3=a36
   AND a21=b57
   AND a62=b29
----
64 values hashing to b1effff82647ce4f159865a56c7a4f70

query TTTTTTTTTTTTTTTTTTTTTTTTTTTTTTTTTTTTTTTTTTTTTTTTTTTTTTTTTTTTTTTT valuesort join-64-4
SELECT x46,x59,x60,x24,x5,x28,x17,x19,x36,x51,x30,x25,x48,x31,x63,x7,x20,x10,x27,x32,x62,x21,x14,x15,x58,x50,x13,x43,x56,x12,x40,x41,x6,x45,x23,x54,x37,x8,x3,x22,x34,x29,x33,x55,x38,x26,x39,x35,x18,x52,x1,x2,x4,x11,x47,x44,x61,x49,x53,x64,x57,x42,x9,x16
  FROM t34,t21,t58,t45,t53,t44,t43,t28,t30,t4,t2,t10,t18,t59,t52,t64,t63,t33,t57,t15,t48,t1,t41,t60,t9,t37,t19,t62,t42,t7,t35,t36,t6,t29,t47,t25,t22,t54,t49,t11,t31,t40,t5,t61,t51,t38,t16,t20,t46,t55,t13,t3,t14,t39,t56,t24,t17,t50,t32,t23,t8,t12,t27,t26
 WHERE b13=a42
   AND a27=b6
   AND b53=a47
   AND a56=b2
   AND a51=b8
   AND a22=b11
   AND a55=b5
   AND b62=a3
   AND b4=a38
   AND a16=b32
   AND b44=a35
   AND b16=a21
   AND a48=b12
   AND b40=a29
   AND a46=b35
   AND a31=10
   AND b15=a62
   AND a26=b43
   AND a45=b64
   AND a40=b20
   AND b54=a5
   AND a41=b48
   AND b23=a7
   AND a25=b9
   AND b60=a52
   AND a36=b46
   AND b21=a49
   AND a53=b55
   AND b59=a17
   AND b61=a64
   AND b39=a6
   AND b28=a34
   AND a32=b50
   AND b18=a43
   AND b29=a2
   AND a31=b56
   AND b41=a39
   AND a63=b14
   AND a23=b26
   AND b22=a20
   AND b1=a4
   AND b45=a1
   AND b47=a14
   AND a59=b30
   AND b7=a37
   AND b33=a11
   AND a24=b58
   AND b42=a28
   AND a18=b25
   AND a10=b37
   AND a15=b10
   AND b57=a12
   AND b52=a61
   AND a33=b63
   AND b19=a8
   AND b49=a58
   AND a57=b34
   AND b3=a44
   AND a60=b36
   AND b27=a54
   AND b24=a13
   AND b38=a19
   AND a30=b51
   AND b17=a50
----
64 values hashing to dbdb51c84957f5cfa9cda6e6ae69464a

query TTTTTTTTTTTTTTTTTTTTTTTTTTTTTTTTTTTTTTTTTTTTTTTTTTTTTTTTTTTTTTTT valuesort join-64-4
SELECT x46,x59,x60,x24,x5,x28,x17,x19,x36,x51,x30,x25,x48,x31,x63,x7,x20,x10,x27,x32,x62,x21,x14,x15,x58,x50,x13,x43,x56,x12,x40,x41,x6,x45,x23,x54,x37,x8,x3,x22,x34,x29,x33,x55,x38,x26,x39,x35,x18,x52,x1,x2,x4,x11,x47,x44,x61,x49,x53,x64,x57,x42,x9,x16
  FROM t1,t35,t42,t31,t54,t36,t24,t58,t10,t22,t46,t28,t9,t50,t17,t4,t49,t19,t39,t23,t55,t57,t62,t14,t7,t61,t33,t40,t56,t2,t41,t5,t6,t38,t11,t53,t12,t43,t48,t15,t16,t60,t8,t27,t59,t34,t13,t20,t64,t21,t51,t18,t63,t25,t52,t29,t3,t44,t37,t45,t47,t32,t26,t30
 WHERE b49=a58
   AND b3=a44
   AND a41=b48
   AND b22=a20
   AND a10=b37
   AND a37=b7
   AND b36=a60
   AND b43=a26
   AND b15=a62
   AND a36=b46
   AND b25=a18
   AND a51=b8
   AND a46=b35
   AND b4=a38
   AND b10=a15
   AND a47=b53
   AND a33=b63
   AND a23=b26
   AND a17=b59
   AND a42=b13
   AND b62=a3
   AND a27=b6
   AND b41=a39
   AND a22=b11
   AND b19=a8
   AND a7=b23
   AND a40=b20
   AND a34=b28
   AND a28=b42
   AND a59=b30
   AND a2=b29
   AND a14=b47
   AND b18=a43
   AND b58=a24
   AND a5=b54
   AND a50=b17
   AND b45=a1
   AND a63=b14
   AND a54=b27
   AND a12=b57
   AND a6=b39
   AND b32=a16
   AND a30=b51
   AND b61=a64
   AND a45=b64
   AND a48=b12
   AND a11=b33
   AND a61=b52
   AND b55=a53
   AND a13=b24
   AND b56=a31
   AND b38=a19
   AND b16=a21
   AND a57=b34
   AND b5=a55
   AND a35=b44
   AND b1=a4
   AND b50=a32
   AND b40=a29
   AND b9=a25
   AND b21=a49
   AND b2=a56
   AND a52=b60
   AND a31=10
----
64 values hashing to dbdb51c84957f5cfa9cda6e6ae69464a

query TTTTTTTTTTTTTTTTTTTTTTTTTTTTTTTTTTTTTTTTTTTTTTTTTTTTTTTTTTTTTTTT valuesort join-64-4
SELECT x46,x59,x60,x24,x5,x28,x17,x19,x36,x51,x30,x25,x48,x31,x63,x7,x20,x10,x27,x32,x62,x21,x14,x15,x58,x50,x13,x43,x56,x12,x40,x41,x6,x45,x23,x54,x37,x8,x3,x22,x34,x29,x33,x55,x38,x26,x39,x35,x18,x52,x1,x2,x4,x11,x47,x44,x61,x49,x53,x64,x57,x42,x9,x16
  FROM t17,t7,t30,t12,t49,t23,t63,t51,t33,t43,t9,t62,t21,t48,t36,t1,t4,t25,t6,t35,t52,t58,t50,t14,t32,t53,t22,t13,t15,t10,t19,t61,t5,t11,t40,t29,t46,t31,t60,t55,t54,t16,t42,t2,t20,t39,t8,t38,t44,t41,t56,t64,t37,t59,t34,t3,t24,t57,t18,t45,t26,t27,t47,t28
 WHERE a49=b21
   AND b32=a16
   AND a62=b15
   AND b43=a26
   AND b27=a54
   AND a57=b34
   AND b44=a35
   AND a51=b8
   AND b56=a31
   AND a33=b63
   AND b37=a10
   AND a21=b16
   AND b23=a7
   AND a37=b7
   AND a32=b50
   AND a6=b39
   AND a14=b47
   AND b9=a25
   AND a27=b6
   AND a29=b40
   AND a60=b36
   AND b64=a45
   AND b46=a36
   AND a39=b41
   AND b61=a64
   AND b17=a50
   AND a63=b14
   AND a18=b25
   AND b29=a2
   AND b58=a24
   AND a28=b42
   AND a12=b57
   AND a56=b2
   AND a4=b1
   AND b19=a8
   AND a41=b48
   AND a61=b52
   AND a40=b20
   AND a3=b62
   AND a11=b33
   AND a23=b26
   AND a34=b28
   AND b60=a52
   AND a31=10
   AND b30=a59
   AND b53=a47
   AND b5=a55
   AND b18=a43
   AND b3=a44
   AND a13=b24
   AND a46=b35
   AND a30=b51
   AND a17=b59
   AND b54=a5
   AND a38=b4
   AND a53=b55
   AND b22=a20
   AND a19=b38
   AND b13=a42
   AND a58=b49
   AND a1=b45
   AND b12=a48
   AND a15=b10
   AND a22=b11
----
64 values hashing to dbdb51c84957f5cfa9cda6e6ae69464a
